material,model,feature_set,tweedie_power,tweedie_alpha,n_folds,mean_validation_SMAPE,std_validation_SMAPE
1,tweedie_direct_multilead_regression,full,1.05,1.0,5,0.1658998060153645,0.051123595888455935
1,tweedie_direct_multilead_regression,full,1.05,0.9,5,0.16592177346807332,0.05095199950595516
1,tweedie_direct_multilead_regression,full,1.1,1.0,5,0.16595957627655716,0.051008331707516875
1,tweedie_direct_multilead_regression,full,1.05,0.8,5,0.1659873254931091,0.05077769731379851
1,tweedie_direct_multilead_regression,full,1.05,0.78,5,0.16600646463597427,0.05074450465033695
1,tweedie_direct_multilead_regression,full,1.1,0.9,5,0.1660105760900836,0.05085091078477503
1,tweedie_direct_multilead_regression,full,1.05,0.75,5,0.16604747248800214,0.05068580138700171
1,tweedie_direct_multilead_regression,full,1.05,0.73,5,0.16607563799105537,0.05065208453985635
1,tweedie_direct_multilead_regression,full,1.05,0.7,5,0.16616327059796795,0.05064971044270591
1,tweedie_direct_multilead_regression,full,1.1,0.8,5,0.16616348530084252,0.05074514696122489
1,tweedie_direct_multilead_regression,full,1.1,0.78,5,0.16619257053797543,0.050714311792943514
1,tweedie_direct_multilead_regression,full,1.2,1.0,5,0.1662156200005817,0.05086045762464662
1,tweedie_direct_multilead_regression,full,1.1,0.75,5,0.16624184638646358,0.05066852144998186
1,tweedie_direct_multilead_regression,full,1.1,0.73,5,0.16627964610282547,0.050637029174932034
1,tweedie_direct_multilead_regression,full,1.2,0.9,5,0.16630916807576315,0.05072366689670037
1,tweedie_direct_multilead_regression,full,1.1,0.7,5,0.16633498911790556,0.050600711953798304
1,tweedie_direct_multilead_regression,full,1.05,0.6,5,0.1663768283226031,0.050509069169844684
1,tweedie_direct_multilead_regression,full,1.2,0.8,5,0.1664746668961457,0.05061419529174651
1,tweedie_direct_multilead_regression,full,1.3,1.0,5,0.16648851232899875,0.050695623513526265
1,tweedie_direct_multilead_regression,full,1.2,0.78,5,0.16651483491310604,0.05059850001795643
1,tweedie_direct_multilead_regression,full,1.2,0.75,5,0.16659566205798298,0.05055627709589227
1,tweedie_direct_multilead_regression,full,1.1,0.6,5,0.16661222644161372,0.050477786745314265
1,tweedie_direct_multilead_regression,full,1.3,0.9,5,0.16664812569967452,0.05058558029545905
1,tweedie_direct_multilead_regression,full,1.2,0.73,5,0.16666089217141777,0.050552560598382465
1,tweedie_direct_multilead_regression,full,1.2,0.7,5,0.16674062004292428,0.05049682980873794
1,tweedie_direct_multilead_regression,full,1.05,0.5,5,0.16680993589666096,0.05038390678524407
1,tweedie_direct_multilead_regression,full,1.3,0.8,5,0.16690184120034063,0.0504803092118088
1,tweedie_direct_multilead_regression,full,1.3,0.78,5,0.16695917154822254,0.05046076169792479
1,tweedie_direct_multilead_regression,full,1.3,0.75,5,0.16705637128743347,0.05043187606078529
1,tweedie_direct_multilead_regression,full,1.1,0.5,5,0.16707695746242424,0.0503566642121941
1,tweedie_direct_multilead_regression,full,1.3,0.73,5,0.16712898153852243,0.05041320619538809
1,tweedie_direct_multilead_regression,full,1.2,0.6,5,0.16713250199961852,0.050381748420406956
1,tweedie_direct_multilead_regression,full,1.3,0.7,5,0.1672512429859291,0.050386812565077856
1,tweedie_direct_multilead_regression,full,1.5,1.0,5,0.1674294932734676,0.050506832280401676
1,tweedie_direct_multilead_regression,full,1.05,0.4,5,0.16750676800501701,0.050280278889436
1,tweedie_direct_multilead_regression,full,1.2,0.5,5,0.16772930248749296,0.05031272142379245
1,tweedie_direct_multilead_regression,full,1.5,0.9,5,0.16776216676098601,0.05045345247151413
1,tweedie_direct_multilead_regression,full,1.3,0.6,5,0.16780893638916325,0.050406911382909356
1,tweedie_direct_multilead_regression,full,1.1,0.4,5,0.1678475608971625,0.05027731439178999
1,tweedie_direct_multilead_regression,full,1.5,0.8,5,0.16819340188231757,0.05043065843303164
1,tweedie_direct_multilead_regression,full,1.5,0.78,5,0.16828568532875926,0.05042599535168919
1,tweedie_direct_multilead_regression,full,1.5,0.75,5,0.16848576595501813,0.05043350787753304
1,tweedie_direct_multilead_regression,full,1.3,0.5,5,0.16856268190381826,0.050324702304127784
1,tweedie_direct_multilead_regression,full,1.5,0.73,5,0.16860082795683357,0.050431913716290744
1,tweedie_direct_multilead_regression,full,1.2,0.4,5,0.16864064019977837,0.05028008941095608
1,tweedie_direct_multilead_regression,full,1.05,0.3,5,0.16864554505793422,0.05024821597838038
1,tweedie_direct_multilead_regression,full,1.5,0.7,5,0.16878626442435926,0.05042784144169904
1,tweedie_direct_multilead_regression,full,1.7,1.0,5,0.16888495989514762,0.05047955770672326
1,tweedie_direct_multilead_regression,full,1.1,0.3,5,0.1691158004788906,0.05026177559169386
1,tweedie_direct_multilead_regression,full,1.7,0.9,5,0.16939595004217195,0.05049331474270493
1,tweedie_direct_multilead_regression,full,1.5,0.6,5,0.16947994782622938,0.050417525267378374
1,tweedie_direct_multilead_regression,full,1.3,0.4,5,0.16962640089202957,0.05031809235795783
1,tweedie_direct_multilead_regression,full,1.7,0.8,5,0.16999587923822812,0.05050503234508882
1,tweedie_direct_multilead_regression,full,1.2,0.3,5,0.17009772619011385,0.05025215141019635
1,tweedie_direct_multilead_regression,full,1.7,0.78,5,0.17011218125164695,0.05050132556635779
1,tweedie_direct_multilead_regression,full,1.7,0.75,5,0.17032573078348495,0.05048866378697033
1,tweedie_direct_multilead_regression,full,1.5,0.5,5,0.17045527706058322,0.05039153067609118
1,tweedie_direct_multilead_regression,full,1.7,0.73,5,0.17048354048321174,0.050490413491582446
1,tweedie_direct_multilead_regression,full,1.7,0.7,5,0.17072033502772463,0.05049430771006225
1,tweedie_direct_multilead_regression,full,1.9,1.0,5,0.1708322149485352,0.050554173061467804
1,tweedie_direct_multilead_regression,full,1.05,0.2,5,0.17084369882421677,0.050272153947932184
1,tweedie_direct_multilead_regression,full,1.3,0.3,5,0.1711817670528925,0.05031412748817346
1,tweedie_direct_multilead_regression,full,1.1,0.2,5,0.17138157752698863,0.05020863486564669
1,tweedie_direct_multilead_regression,full,1.9,0.9,5,0.17145572616252241,0.05057266395129502
1,tweedie_direct_multilead_regression,full,1.7,0.6,5,0.17159719861755796,0.05047799733099
1,tweedie_direct_multilead_regression,full,1.5,0.4,5,0.1717861540183232,0.05040721174905465
1,tweedie_direct_multilead_regression,reduced,1.05,1.0,5,0.17197884854065681,0.058122103206822213
1,tweedie_direct_multilead_regression,reduced,1.1,1.0,5,0.1720419405114367,0.058215877648476876
1,tweedie_direct_multilead_regression,reduced,1.05,0.9,5,0.17205800138599675,0.058227814151498865
1,tweedie_direct_multilead_regression,reduced,1.1,0.9,5,0.17214601390451645,0.058306775077106
1,tweedie_direct_multilead_regression,full,1.9,0.8,5,0.1721847966792229,0.050582707570343256
1,tweedie_direct_multilead_regression,reduced,1.05,0.8,5,0.17218501460838012,0.058326994173471945
1,tweedie_direct_multilead_regression,reduced,1.05,0.78,5,0.17221809441369246,0.05834519679142477
1,tweedie_direct_multilead_regression,reduced,1.2,1.0,5,0.17223745953664982,0.058435755491238896
1,tweedie_direct_multilead_regression,reduced,1.05,0.75,5,0.17227363281341163,0.05837078827189857
1,tweedie_direct_multilead_regression,reduced,1.1,0.8,5,0.17234283680364518,0.05844630240222805
1,tweedie_direct_multilead_regression,reduced,1.05,0.73,5,0.1723487822652463,0.05841105829841889
1,tweedie_direct_multilead_regression,full,1.9,0.78,5,0.17235216242351056,0.05058275894664863
1,tweedie_direct_multilead_regression,reduced,1.1,0.78,5,0.17238359936974731,0.05845964395107263
1,tweedie_direct_multilead_regression,reduced,1.05,0.7,5,0.17242196250745534,0.05843432385963375
1,tweedie_direct_multilead_regression,reduced,1.2,0.9,5,0.1724275568403598,0.058529364311574725
1,tweedie_direct_multilead_regression,reduced,1.1,0.75,5,0.17245192150936217,0.05847692448378168
1,tweedie_direct_multilead_regression,reduced,1.1,0.73,5,0.17250238890601313,0.05848697503179557
1,tweedie_direct_multilead_regression,reduced,1.3,1.0,5,0.17253280639050048,0.05856851736474901
1,tweedie_direct_multilead_regression,reduced,1.2,0.8,5,0.1725516227214781,0.05852995788193038
1,tweedie_direct_multilead_regression,full,1.2,0.2,5,0.1725721290574807,0.0502815669394754
1,tweedie_direct_multilead_regression,reduced,1.1,0.7,5,0.17258672399603237,0.05849924636568341
1,tweedie_direct_multilead_regression,reduced,1.2,0.78,5,0.17260060303478658,0.05852893980208264
1,tweedie_direct_multilead_regression,full,1.9,0.75,5,0.17260332024485606,0.05058230655080838
1,tweedie_direct_multilead_regression,reduced,1.2,0.75,5,0.17268113136386545,0.05852403714911898
1,tweedie_direct_multilead_regression,reduced,1.2,0.73,5,0.17273954757024954,0.058518539491398285
1,tweedie_direct_multilead_regression,reduced,1.05,0.6,5,0.1727425760052022,0.05849330322459413
1,tweedie_direct_multilead_regression,reduced,1.3,0.9,5,0.1727470875937745,0.058570525677583904
1,tweedie_direct_multilead_regression,full,1.9,0.73,5,0.17278167087389232,0.05059658352469999
1,tweedie_direct_multilead_regression,reduced,1.1,0.6,5,0.17281710530677094,0.05847922707257284
1,tweedie_direct_multilead_regression,full,1.7,0.5,5,0.1728326586027237,0.0504996092904903
1,tweedie_direct_multilead_regression,reduced,1.2,0.7,5,0.17283528819703492,0.05850683821200361
1,tweedie_direct_multilead_regression,reduced,1.3,0.8,5,0.1730352103740947,0.058539884234577295
1,tweedie_direct_multilead_regression,full,1.9,0.7,5,0.17306553291981902,0.05059872857930805
1,tweedie_direct_multilead_regression,reduced,1.05,0.5,5,0.17308090707015608,0.05844575925171342
1,tweedie_direct_multilead_regression,reduced,1.3,0.78,5,0.17310464841215448,0.0585275898747485
1,tweedie_direct_multilead_regression,reduced,1.3,0.75,5,0.17321716308108354,0.05850455830561925
1,tweedie_direct_multilead_regression,reduced,1.2,0.6,5,0.17324853860430472,0.05841542011492509
1,tweedie_direct_multilead_regression,reduced,1.3,0.73,5,0.1732983946535016,0.05848537783142603
1,tweedie_direct_multilead_regression,reduced,1.1,0.5,5,0.1733202807045297,0.058395604874939694
1,tweedie_direct_multilead_regression,reduced,1.3,0.7,5,0.17343108954308079,0.05844993665956289
1,tweedie_direct_multilead_regression,reduced,1.5,1.0,5,0.1734678116231367,0.05845495172985184
1,tweedie_direct_multilead_regression,full,1.5,0.3,5,0.1737295774086739,0.050429691108292145
1,tweedie_direct_multilead_regression,reduced,1.5,0.9,5,0.17381537548576806,0.05835527194927756
1,tweedie_direct_multilead_regression,reduced,1.05,0.4,5,0.17382121935197087,0.05825292821204825
1,tweedie_direct_multilead_regression,reduced,1.2,0.5,5,0.17392576001711307,0.05821354392739753
1,tweedie_direct_multilead_regression,full,1.3,0.2,5,0.1739834023440885,0.050420830401084936
1,tweedie_direct_multilead_regression,reduced,1.3,0.6,5,0.17398776719510925,0.05826202254848106
1,tweedie_direct_multilead_regression,full,1.9,0.6,5,0.17412216323758098,0.0505993537698837
1,tweedie_direct_multilead_regression,reduced,1.1,0.4,5,0.17420398333010753,0.0581500928042358
1,tweedie_direct_multilead_regression,reduced,1.5,0.8,5,0.1743302256527678,0.058228404195157867
1,tweedie_direct_multilead_regression,full,1.7,0.4,5,0.1743716880885529,0.05054286274187604
1,tweedie_direct_multilead_regression,reduced,1.5,0.78,5,0.17443788475414818,0.05817792785147152
1,tweedie_direct_multilead_regression,reduced,1.5,0.75,5,0.17461225114185747,0.058091633435982296
1,tweedie_direct_multilead_regression,reduced,1.5,0.73,5,0.1747330762711719,0.058032846110230824
1,tweedie_direct_multilead_regression,reduced,1.3,0.5,5,0.17478045865549627,0.05793547144763838
1,tweedie_direct_multilead_regression,reduced,1.7,1.0,5,0.1749222934216746,0.05794812734221678
1,tweedie_direct_multilead_regression,reduced,1.5,0.7,5,0.17492673150224167,0.05793630289755975
1,tweedie_direct_multilead_regression,reduced,1.2,0.4,5,0.1750175838535225,0.057812607769174545
1,tweedie_direct_multilead_regression,reduced,1.05,0.3,5,0.17520482209261665,0.0577778022537942
1,tweedie_direct_multilead_regression,full,1.9,0.5,5,0.17537704343483873,0.050566366593793904
1,tweedie_direct_multilead_regression,reduced,1.7,0.9,5,0.1754403845522866,0.057671232993954366
1,tweedie_direct_multilead_regression,full,1.05,0.1,5,0.1755536818747262,0.050212857929658176
1,tweedie_direct_multilead_regression,reduced,1.1,0.3,5,0.17559867480645158,0.05755076935809958
1,tweedie_direct_multilead_regression,reduced,1.5,0.6,5,0.17570746064257417,0.057518507626106274
1,tweedie_direct_multilead_regression,reduced,1.3,0.4,5,0.17600103988400495,0.05740550781336227
1,tweedie_direct_multilead_regression,reduced,1.7,0.8,5,0.17607696092213912,0.05731162511101613
1,tweedie_direct_multilead_regression,reduced,1.7,0.78,5,0.17622289003521044,0.05722627827093974
1,tweedie_direct_multilead_regression,full,1.1,0.1,5,0.17638145667465058,0.05037141177342189
1,tweedie_direct_multilead_regression,full,1.7,0.3,5,0.17642015951127654,0.050536911676329635
1,tweedie_direct_multilead_regression,reduced,1.7,0.75,5,0.17645528910115177,0.057088692690797214
1,tweedie_direct_multilead_regression,reduced,1.7,0.73,5,0.17661998716945976,0.05699002937090985
1,tweedie_direct_multilead_regression,full,1.5,0.2,5,0.17666467653022716,0.05051445378128968
1,tweedie_direct_multilead_regression,reduced,1.2,0.3,5,0.17667524354658276,0.05706043660596216
1,tweedie_direct_multilead_regression,reduced,1.5,0.5,5,0.17673414770659374,0.056901904367022235
1,tweedie_direct_multilead_regression,reduced,1.9,1.0,5,0.17677969804722057,0.05682064030300187
1,tweedie_direct_multilead_regression,reduced,1.7,0.7,5,0.17688156751339892,0.05683157322557658
1,tweedie_direct_multilead_regression,full,1.9,0.4,5,0.17698993967739218,0.05056237192079308
1,tweedie_direct_multilead_regression,reduced,1.9,0.9,5,0.17744887454673966,0.05639354100639374
1,tweedie_direct_multilead_regression,reduced,1.05,0.2,5,0.1775909764248807,0.05649410431114414
1,tweedie_direct_multilead_regression,full,1.2,0.1,5,0.17773749557156387,0.05041504403271221
1,tweedie_direct_multilead_regression,reduced,1.7,0.6,5,0.17788633319590075,0.05619086015926182
1,tweedie_direct_multilead_regression,reduced,1.3,0.3,5,0.17790354881745274,0.05635659575276234
1,tweedie_direct_multilead_regression,reduced,1.1,0.2,5,0.1781545465408809,0.056178634045060745
1,tweedie_direct_multilead_regression,reduced,1.9,0.8,5,0.17824486409147997,0.05587484864536415
1,tweedie_direct_multilead_regression,reduced,1.5,0.4,5,0.17827736068737746,0.056004865314634555
1,tweedie_direct_multilead_regression,reduced,1.9,0.78,5,0.17842096327697446,0.055756945877041275
1,tweedie_direct_multilead_regression,reduced,1.9,0.75,5,0.17871803222729352,0.05554480727944603
1,tweedie_direct_multilead_regression,reduced,1.9,0.73,5,0.17891021391579437,0.055412075502215344
1,tweedie_direct_multilead_regression,full,1.9,0.3,5,0.17903480292788135,0.050511934995174305
1,tweedie_direct_multilead_regression,full,1.3,0.1,5,0.17906401225440421,0.05048648638671784
1,tweedie_direct_multilead_regression,reduced,1.7,0.5,5,0.1791971057473743,0.05535165285994124
1,tweedie_direct_multilead_regression,reduced,1.9,0.7,5,0.17922973647998633,0.05520713597310372
1,tweedie_direct_multilead_regression,full,1.7,0.2,5,0.1792840503595924,0.050454176706671
1,tweedie_direct_multilead_regression,reduced,1.2,0.2,5,0.17954335377114905,0.05526836246910927
1,tweedie_direct_multilead_regression,reduced,1.5,0.3,5,0.1802963092077081,0.05453406478477413
1,tweedie_direct_multilead_regression,reduced,1.9,0.6,5,0.1803622654623122,0.05444353345047274
1,tweedie_direct_multilead_regression,reduced,1.7,0.4,5,0.18088232441888624,0.054171187075137496
1,tweedie_direct_multilead_regression,reduced,1.3,0.2,5,0.18092044601610632,0.054314887039765176
1,tweedie_direct_multilead_regression,full,1.5,0.1,5,0.1815857708922841,0.05039318299412649
1,tweedie_direct_multilead_regression,reduced,1.9,0.5,5,0.18169926298177516,0.05334818303821694
1,tweedie_direct_multilead_regression,full,1.9,0.2,5,0.18170715354194616,0.05039113411422498
1,tweedie_direct_multilead_regression,reduced,1.05,0.1,5,0.18280452131454566,0.05279760187334615
1,tweedie_direct_multilead_regression,reduced,1.7,0.3,5,0.18301628588714847,0.052407697844339705
1,tweedie_direct_multilead_regression,reduced,1.9,0.4,5,0.183354222626477,0.051919554910507745
1,tweedie_direct_multilead_regression,reduced,1.1,0.1,5,0.18336872492438414,0.05215633241581281
1,tweedie_direct_multilead_regression,reduced,1.5,0.2,5,0.18349965922163708,0.05209015757614428
1,tweedie_direct_multilead_regression,full,1.7,0.1,5,0.1838052280278864,0.05041085646868403
1,tweedie_direct_multilead_regression,reduced,1.2,0.1,5,0.1848074582444693,0.050929281606608354
1,tweedie_direct_multilead_regression,reduced,1.9,0.3,5,0.18540365552091553,0.04995791927821343
1,tweedie_direct_multilead_regression,reduced,1.7,0.2,5,0.1857865734603036,0.049578156050066324
1,tweedie_direct_multilead_regression,full,1.9,0.1,5,0.18610189584245154,0.050754551510093115
1,tweedie_direct_multilead_regression,reduced,1.3,0.1,5,0.186469789495473,0.0497129120815761
1,tweedie_direct_multilead_regression,reduced,1.9,0.2,5,0.18803390370817344,0.04698784673520978
1,tweedie_direct_multilead_regression,reduced,1.5,0.1,5,0.1884341222671751,0.04718145479897726
1,tweedie_direct_multilead_regression,reduced,1.7,0.1,5,0.19006532480587168,0.04436465098615681
1,tweedie_direct_multilead_regression,reduced,1.9,0.1,5,0.19128670917614196,0.04160693396853725
1,tweedie_direct_multilead_regression,full,1.05,0.01,5,0.1925158030139363,0.0530072606324547
1,tweedie_direct_multilead_regression,full,1.1,0.01,5,0.19342910509959257,0.05347443422491827
1,tweedie_direct_multilead_regression,full,1.2,0.01,5,0.19549680659097032,0.054773156196566655
1,tweedie_direct_multilead_regression,reduced,1.1,0.01,5,0.19768427362196256,0.03818191987802535
1,tweedie_direct_multilead_regression,reduced,1.05,0.01,5,0.19820509943859327,0.03833919368118323
1,tweedie_direct_multilead_regression,reduced,1.2,0.01,5,0.2004048306719763,0.038663291946204964
1,tweedie_direct_multilead_regression,full,1.3,0.01,5,0.20061006938497408,0.0597512415776433
1,tweedie_direct_multilead_regression,reduced,1.3,0.01,5,0.2027477673764635,0.039168756827373905
1,tweedie_direct_multilead_regression,full,1.5,0.01,5,0.21128303512759658,0.07116561228506314
1,tweedie_direct_multilead_regression,reduced,1.5,0.01,5,0.21545603780581715,0.05401662325480624
1,tweedie_direct_multilead_regression,reduced,1.7,0.01,5,0.22574561530119958,0.06893624904216557
1,tweedie_direct_multilead_regression,full,1.7,0.01,5,0.22708596080875604,0.09321572423856886
1,tweedie_direct_multilead_regression,reduced,1.9,0.01,5,0.24088566814140608,0.09571973980642551
1,tweedie_direct_multilead_regression,full,1.9,0.01,5,0.24788378554216833,0.12735657238086867
1,tweedie_direct_multilead_regression,reduced,1.05,0.001,5,0.2684204560408828,0.13486356832408286
1,tweedie_direct_multilead_regression,full,1.05,0.001,5,0.26947718517177993,0.17287708586894948
1,tweedie_direct_multilead_regression,reduced,1.1,0.001,5,0.27511007888661476,0.14290936159067458
1,tweedie_direct_multilead_regression,full,1.1,0.001,5,0.2757129719505072,0.18371960615785154
1,tweedie_direct_multilead_regression,reduced,1.2,0.001,5,0.27924587420730784,0.1531103721936837
1,tweedie_direct_multilead_regression,full,1.2,0.001,5,0.2966348425438642,0.2127381496979755
1,tweedie_direct_multilead_regression,reduced,1.3,0.001,5,0.30324155394064106,0.19681894626645782
1,tweedie_direct_multilead_regression,full,1.3,0.001,5,0.30436393748045265,0.22255355281153402
1,tweedie_direct_multilead_regression,reduced,1.5,0.001,5,0.31921635136937654,0.22118817253441464
1,tweedie_direct_multilead_regression,reduced,1.7,0.001,5,0.3489226185536628,0.276890979758978
1,tweedie_direct_multilead_regression,full,1.5,0.001,5,0.3493436029155975,0.30893773213750664
1,tweedie_direct_multilead_regression,reduced,1.1,0.0,5,0.3676949722743553,0.2848259350368132
1,tweedie_direct_multilead_regression,reduced,1.05,0.0,5,0.36781684104061907,0.2932911661137594
1,tweedie_direct_multilead_regression,reduced,1.3,0.0,5,0.384632969956672,0.3189891808673431
1,tweedie_direct_multilead_regression,reduced,1.2,0.0,5,0.3909834558991341,0.3291832741011943
1,tweedie_direct_multilead_regression,full,1.7,0.001,5,0.39285075628153426,0.3075011680054734
1,tweedie_direct_multilead_regression,reduced,1.9,0.001,5,0.42144560622987354,0.41068458355993837
1,tweedie_direct_multilead_regression,full,1.3,0.0,5,0.42284625079565413,0.4139942266706375
1,tweedie_direct_multilead_regression,full,1.1,0.0,5,0.4238737592138416,0.4264401361779205
1,tweedie_direct_multilead_regression,full,1.05,0.0,5,0.4248115886548403,0.45761995963382024
1,tweedie_direct_multilead_regression,full,1.2,0.0,5,0.4506090249700053,0.4877108879228223
1,tweedie_direct_multilead_regression,reduced,1.5,0.0,5,0.49131527777768946,0.5528382937713554
1,tweedie_direct_multilead_regression,full,1.9,0.001,5,0.4915556706717689,0.3203490016687991
1,tweedie_direct_multilead_regression,reduced,1.7,0.0,5,0.5905972368000751,0.6302373392250097
1,tweedie_direct_multilead_regression,reduced,1.9,0.0,5,0.6289244513693764,0.6929546026407407
1,tweedie_direct_multilead_regression,full,1.5,0.0,5,0.9380891781632601,0.5963077605475475
1,tweedie_direct_multilead_regression,full,1.7,0.0,5,1.5371768420080114,0.3016180382355581
1,tweedie_direct_multilead_regression,full,1.9,0.0,5,1.5454203528081814,0.31184268442071433
10,tweedie_direct_multilead_regression,full,1.3,0.5,5,0.15112529841077402,0.034669897356407554
10,tweedie_direct_multilead_regression,full,1.1,0.4,5,0.1511379512385946,0.034538279064901006
10,tweedie_direct_multilead_regression,full,1.05,0.3,5,0.15114828421416604,0.03469136594840542
10,tweedie_direct_multilead_regression,full,1.2,0.4,5,0.1511571478820436,0.03477555589479079
10,tweedie_direct_multilead_regression,full,1.2,0.5,5,0.15119349302436041,0.03458776880014581
10,tweedie_direct_multilead_regression,full,1.3,0.6,5,0.1512182135887777,0.034637770883771714
10,tweedie_direct_multilead_regression,full,1.5,0.8,5,0.1512676652664216,0.03482481821748309
10,tweedie_direct_multilead_regression,full,1.5,0.78,5,0.15126901995071443,0.03484272149162076
10,tweedie_direct_multilead_regression,full,1.5,0.75,5,0.15129155499232927,0.034889562593916616
10,tweedie_direct_multilead_regression,full,1.1,0.3,5,0.1513174780881121,0.0349864311673153
10,tweedie_direct_multilead_regression,full,1.5,0.73,5,0.1513384995191134,0.03496074862552809
10,tweedie_direct_multilead_regression,full,1.05,0.4,5,0.15134596071493905,0.03471415546207444
10,tweedie_direct_multilead_regression,full,1.5,0.9,5,0.15139017116786602,0.03482250819891144
10,tweedie_direct_multilead_regression,full,1.5,0.7,5,0.15141638506167945,0.03505009203260946
10,tweedie_direct_multilead_regression,full,1.7,1.0,5,0.15159362472112967,0.035240670444999594
10,tweedie_direct_multilead_regression,full,1.5,1.0,5,0.15160451786709697,0.03496838276562608
10,tweedie_direct_multilead_regression,full,1.2,0.6,5,0.15167530205969193,0.03501518141935475
10,tweedie_direct_multilead_regression,full,1.3,0.7,5,0.15169159530609297,0.03505796752924734
10,tweedie_direct_multilead_regression,full,1.1,0.5,5,0.15175501612679174,0.03501607696425148
10,tweedie_direct_multilead_regression,full,1.3,0.4,5,0.15180383253912544,0.035486488026235684
10,tweedie_direct_multilead_regression,full,1.3,0.73,5,0.15184980967438927,0.03517073458943417
10,tweedie_direct_multilead_regression,full,1.3,0.75,5,0.15194116313137362,0.035249597423789567
10,tweedie_direct_multilead_regression,full,1.5,0.6,5,0.15197100598064636,0.035659752379515554
10,tweedie_direct_multilead_regression,full,1.7,0.9,5,0.15201206411574567,0.03568981494274189
10,tweedie_direct_multilead_regression,full,1.3,0.78,5,0.15208978056139782,0.03536835499045732
10,tweedie_direct_multilead_regression,full,1.05,0.5,5,0.15210178033157523,0.0353276121155282
10,tweedie_direct_multilead_regression,full,1.3,0.8,5,0.15218985389908177,0.03545489201585044
10,tweedie_direct_multilead_regression,full,1.2,0.7,5,0.15237144413031217,0.03561362749419302
10,tweedie_direct_multilead_regression,full,1.2,0.3,5,0.15242475946930556,0.03609887116085473
10,tweedie_direct_multilead_regression,full,1.2,0.73,5,0.15256425380949973,0.035807713888223854
10,tweedie_direct_multilead_regression,full,1.1,0.6,5,0.1525973535285121,0.035863199682416046
10,tweedie_direct_multilead_regression,full,1.3,0.9,5,0.15268223152658505,0.0359497146916231
10,tweedie_direct_multilead_regression,full,1.2,0.75,5,0.15269145707023593,0.03594052672333015
10,tweedie_direct_multilead_regression,full,1.7,0.8,5,0.1528466382790809,0.03653637598129112
10,tweedie_direct_multilead_regression,full,1.2,0.78,5,0.15292721279708849,0.036202877643683226
10,tweedie_direct_multilead_regression,full,1.05,0.6,5,0.15303792662571522,0.03642237473776152
10,tweedie_direct_multilead_regression,full,1.2,0.8,5,0.1530507890601219,0.03633819320049799
10,tweedie_direct_multilead_regression,full,1.7,0.78,5,0.15305693361673495,0.03672692043012408
10,tweedie_direct_multilead_regression,full,1.3,1.0,5,0.15313954868795915,0.0364598791278805
10,tweedie_direct_multilead_regression,full,1.05,0.2,5,0.15315883425837995,0.03685368985626707
10,tweedie_direct_multilead_regression,full,1.5,0.5,5,0.1533631397074723,0.037023666787045745
10,tweedie_direct_multilead_regression,full,1.1,0.7,5,0.15338262333191774,0.03675165780258629
10,tweedie_direct_multilead_regression,full,1.7,0.75,5,0.15343914130796624,0.037088358420115125
10,tweedie_direct_multilead_regression,full,1.1,0.73,5,0.15355947344980786,0.03695611281932197
10,tweedie_direct_multilead_regression,full,1.2,0.9,5,0.15362276732314747,0.03699391500978393
10,tweedie_direct_multilead_regression,full,1.1,0.75,5,0.15366565193009163,0.03705785742315663
10,tweedie_direct_multilead_regression,full,1.7,0.73,5,0.15369978000203888,0.037366256863384614
10,tweedie_direct_multilead_regression,full,1.05,0.7,5,0.15376867870087127,0.037232900115047964
10,tweedie_direct_multilead_regression,full,1.1,0.78,5,0.15390199419163758,0.03738830807493939
10,tweedie_direct_multilead_regression,full,1.1,0.8,5,0.15392763097581513,0.037421095113144016
10,tweedie_direct_multilead_regression,full,1.05,0.73,5,0.15404780912935312,0.03755789625595084
10,tweedie_direct_multilead_regression,full,1.2,1.0,5,0.1541221634949277,0.03761446037122623
10,tweedie_direct_multilead_regression,full,1.7,0.7,5,0.15415576321655364,0.03782295617898246
10,tweedie_direct_multilead_regression,full,1.05,0.75,5,0.15423780521341254,0.03778033155904712
10,tweedie_direct_multilead_regression,full,1.1,0.2,5,0.1542799414804146,0.03798989560488562
10,tweedie_direct_multilead_regression,full,1.3,0.3,5,0.1543081021779827,0.037984412775594195
10,tweedie_direct_multilead_regression,full,1.05,0.78,5,0.15433864655241963,0.03793656915648214
10,tweedie_direct_multilead_regression,full,1.05,0.8,5,0.15445968210235955,0.038126540605163906
10,tweedie_direct_multilead_regression,full,1.1,0.9,5,0.15459600843919935,0.03825945954011023
10,tweedie_direct_multilead_regression,full,1.9,1.0,5,0.15494204088795246,0.03857444594509981
10,tweedie_direct_multilead_regression,full,1.05,0.9,5,0.1552292624961194,0.039137223264827846
10,tweedie_direct_multilead_regression,full,1.1,1.0,5,0.15528018732848126,0.03913167623913564
10,tweedie_direct_multilead_regression,full,1.05,1.0,5,0.15583414284112834,0.039857874037274685
10,tweedie_direct_multilead_regression,full,1.5,0.4,5,0.15602281002701274,0.039756607352630056
10,tweedie_direct_multilead_regression,full,1.7,0.6,5,0.15612119037191788,0.03984873020673524
10,tweedie_direct_multilead_regression,full,1.9,0.9,5,0.15636944559658625,0.040053971885215055
10,tweedie_direct_multilead_regression,full,1.2,0.2,5,0.15648992205965667,0.04032198479359417
10,tweedie_direct_multilead_regression,reduced,1.05,1.0,5,0.15754421621882186,0.0362898241354144
10,tweedie_direct_multilead_regression,reduced,1.05,0.9,5,0.1576414247171653,0.035370750540780406
10,tweedie_direct_multilead_regression,reduced,1.1,1.0,5,0.15770529496936064,0.035482891874484175
10,tweedie_direct_multilead_regression,reduced,1.1,0.9,5,0.15772501233410519,0.03446763602010356
10,tweedie_direct_multilead_regression,reduced,1.05,0.78,5,0.1577397096242173,0.034092339980058416
10,tweedie_direct_multilead_regression,reduced,1.05,0.8,5,0.15780889014446361,0.03445390206130121
10,tweedie_direct_multilead_regression,reduced,1.05,0.75,5,0.15781027285593244,0.03381518117755999
10,tweedie_direct_multilead_regression,reduced,1.05,0.73,5,0.1578636166308859,0.03363278765887046
10,tweedie_direct_multilead_regression,reduced,1.1,0.8,5,0.1579346762138034,0.03362713130732129
10,tweedie_direct_multilead_regression,reduced,1.05,0.7,5,0.15795425035102098,0.03336433497094324
10,tweedie_direct_multilead_regression,reduced,1.2,1.0,5,0.1579584603228794,0.033839493398889926
10,tweedie_direct_multilead_regression,reduced,1.1,0.78,5,0.15798950401916964,0.033464483352901184
10,tweedie_direct_multilead_regression,reduced,1.1,0.75,5,0.15808068160251534,0.033220221134390826
10,tweedie_direct_multilead_regression,reduced,1.1,0.73,5,0.15814869204343077,0.03306450217431926
10,tweedie_direct_multilead_regression,reduced,1.2,0.9,5,0.15819334355047585,0.03317000153876423
10,tweedie_direct_multilead_regression,full,1.9,0.8,5,0.15821390696840462,0.0420668050329546
10,tweedie_direct_multilead_regression,reduced,1.1,0.7,5,0.15826276196025396,0.032839685356621254
10,tweedie_direct_multilead_regression,reduced,1.05,0.6,5,0.1583970549090178,0.032542029583333396
10,tweedie_direct_multilead_regression,reduced,1.3,1.0,5,0.1584354252087323,0.03275693117468948
10,tweedie_direct_multilead_regression,reduced,1.2,0.8,5,0.1584751797573224,0.03256624606932895
10,tweedie_direct_multilead_regression,reduced,1.2,0.78,5,0.15855782393768064,0.03245879694978251
10,tweedie_direct_multilead_regression,full,1.9,0.78,5,0.1586348871545357,0.04254650065197276
10,tweedie_direct_multilead_regression,reduced,1.2,0.75,5,0.15869237700003785,0.03230771963697283
10,tweedie_direct_multilead_regression,reduced,1.1,0.6,5,0.1587643880704488,0.03220542730092616
10,tweedie_direct_multilead_regression,reduced,1.3,0.9,5,0.15878862754987,0.032326516908585484
10,tweedie_direct_multilead_regression,reduced,1.2,0.73,5,0.15879046972304445,0.03221514992490596
10,tweedie_direct_multilead_regression,full,1.7,0.5,5,0.15886081628254195,0.04285034381475735
10,tweedie_direct_multilead_regression,reduced,1.2,0.7,5,0.15894994335249452,0.032088940474939424
10,tweedie_direct_multilead_regression,reduced,1.05,0.5,5,0.15906621011616104,0.03195227081533689
10,tweedie_direct_multilead_regression,reduced,1.3,0.8,5,0.15925501865027542,0.03200726737562861
10,tweedie_direct_multilead_regression,full,1.9,0.75,5,0.1593078481161019,0.04332452415802523
10,tweedie_direct_multilead_regression,reduced,1.3,0.78,5,0.15936645758694845,0.031962974466261056
10,tweedie_direct_multilead_regression,reduced,1.1,0.5,5,0.15949656934739775,0.03179854588209898
10,tweedie_direct_multilead_regression,reduced,1.3,0.75,5,0.15955032253837217,0.031914875311693895
10,tweedie_direct_multilead_regression,reduced,1.2,0.6,5,0.1596327310057444,0.03183489267977099
10,tweedie_direct_multilead_regression,reduced,1.3,0.73,5,0.1596845463692575,0.03189546598461117
10,tweedie_direct_multilead_regression,full,1.3,0.2,5,0.15968708112638558,0.04380626436477293
10,tweedie_direct_multilead_regression,full,1.9,0.73,5,0.15972601244869677,0.04380536616073828
10,tweedie_direct_multilead_regression,reduced,1.3,0.7,5,0.15992936474316807,0.03191169396507951
10,tweedie_direct_multilead_regression,reduced,1.05,0.4,5,0.16014949306348383,0.03181549291122953
10,tweedie_direct_multilead_regression,reduced,1.5,1.0,5,0.16023182295923613,0.032055763423863064
10,tweedie_direct_multilead_regression,full,1.5,0.3,5,0.1603571299831488,0.04460502569529192
10,tweedie_direct_multilead_regression,full,1.9,0.7,5,0.16051609366203082,0.044738481247241856
10,tweedie_direct_multilead_regression,reduced,1.2,0.5,5,0.16073226037908378,0.03203684006773325
10,tweedie_direct_multilead_regression,reduced,1.3,0.6,5,0.16087636088879456,0.03211778809587377
10,tweedie_direct_multilead_regression,reduced,1.5,0.9,5,0.16087697220647318,0.03219874333340253
10,tweedie_direct_multilead_regression,reduced,1.1,0.4,5,0.160894682858969,0.03213102149926836
10,tweedie_direct_multilead_regression,reduced,1.5,0.8,5,0.16182490723456427,0.03260852168036756
10,tweedie_direct_multilead_regression,reduced,1.5,0.78,5,0.16205200084779098,0.032724342818504004
10,tweedie_direct_multilead_regression,full,1.05,0.1,5,0.16221504671670278,0.046729700377739075
10,tweedie_direct_multilead_regression,reduced,1.3,0.5,5,0.16237865456580694,0.032852630770776124
10,tweedie_direct_multilead_regression,reduced,1.5,0.75,5,0.16240879609531855,0.03291449623221936
10,tweedie_direct_multilead_regression,reduced,1.05,0.3,5,0.16249928809815756,0.0329591791497228
10,tweedie_direct_multilead_regression,reduced,1.2,0.4,5,0.16259993322772126,0.032976619246340065
10,tweedie_direct_multilead_regression,reduced,1.5,0.73,5,0.16267071087969107,0.033060112558241206
10,tweedie_direct_multilead_regression,full,1.7,0.4,5,0.16303741514015674,0.0478465026695622
10,tweedie_direct_multilead_regression,reduced,1.5,0.7,5,0.16310370448759662,0.0333081372839795
10,tweedie_direct_multilead_regression,full,1.9,0.6,5,0.1634293792793034,0.04824620812811041
10,tweedie_direct_multilead_regression,reduced,1.1,0.3,5,0.16357739773373733,0.033634020360098445
10,tweedie_direct_multilead_regression,reduced,1.7,1.0,5,0.16359347093890397,0.033637687267942175
10,tweedie_direct_multilead_regression,full,1.1,0.1,5,0.1643548823104674,0.04951692461540042
10,tweedie_direct_multilead_regression,reduced,1.7,0.9,5,0.1649522636667231,0.034423620220624895
10,tweedie_direct_multilead_regression,reduced,1.3,0.4,5,0.16497985947186972,0.03441771086935496
10,tweedie_direct_multilead_regression,reduced,1.5,0.6,5,0.16501502034457957,0.034456721056655724
10,tweedie_direct_multilead_regression,reduced,1.2,0.3,5,0.16624416361960223,0.0352398377900616
10,tweedie_direct_multilead_regression,reduced,1.7,0.8,5,0.1667821259725904,0.035517403378280785
10,tweedie_direct_multilead_regression,full,1.9,0.5,5,0.16713373432995354,0.05298020718345173
10,tweedie_direct_multilead_regression,reduced,1.7,0.78,5,0.16721965058772348,0.03578193413829773
10,tweedie_direct_multilead_regression,full,1.5,0.2,5,0.16729426800279107,0.053046310069484466
10,tweedie_direct_multilead_regression,full,1.2,0.1,5,0.16771999026580217,0.05341921550247378
10,tweedie_direct_multilead_regression,reduced,1.7,0.75,5,0.16790626910108747,0.03619333161819818
10,tweedie_direct_multilead_regression,reduced,1.05,0.2,5,0.16797300512615543,0.03654285946172349
10,tweedie_direct_multilead_regression,reduced,1.5,0.5,5,0.1680919168985791,0.03634080915861646
10,tweedie_direct_multilead_regression,full,1.7,0.3,5,0.16824304611620505,0.05432448497727261
10,tweedie_direct_multilead_regression,reduced,1.7,0.73,5,0.16841214895900497,0.03650413552511377
10,tweedie_direct_multilead_regression,reduced,1.7,0.7,5,0.16922789483883965,0.03701180581516423
10,tweedie_direct_multilead_regression,reduced,1.3,0.3,5,0.16995323036785112,0.03758048582426838
10,tweedie_direct_multilead_regression,reduced,1.1,0.2,5,0.16998109806302897,0.03784522777656289
10,tweedie_direct_multilead_regression,reduced,1.9,1.0,5,0.17036045158699814,0.037673442385273134
10,tweedie_direct_multilead_regression,full,1.3,0.1,5,0.1713845612310186,0.05799656213433229
10,tweedie_direct_multilead_regression,full,1.9,0.4,5,0.17186168155950687,0.059220952105862514
10,tweedie_direct_multilead_regression,reduced,1.5,0.4,5,0.17234886116862175,0.03914299980958546
10,tweedie_direct_multilead_regression,reduced,1.7,0.6,5,0.17252248861193453,0.0391363095134637
10,tweedie_direct_multilead_regression,reduced,1.9,0.9,5,0.17274575629743555,0.039213490594989645
10,tweedie_direct_multilead_regression,reduced,1.2,0.2,5,0.17449678831452284,0.04078999360339669
10,tweedie_direct_multilead_regression,reduced,1.9,0.8,5,0.17562642478159948,0.04120338399651465
10,tweedie_direct_multilead_regression,full,1.7,0.2,5,0.1759524769308733,0.06428329961405296
10,tweedie_direct_multilead_regression,reduced,1.9,0.78,5,0.17627783633083344,0.04167273838585169
10,tweedie_direct_multilead_regression,reduced,1.7,0.5,5,0.17695101146935155,0.04225554910169411
10,tweedie_direct_multilead_regression,full,1.9,0.3,5,0.17722013297187697,0.06617101436616528
10,tweedie_direct_multilead_regression,reduced,1.9,0.75,5,0.1773086487049522,0.04242951512114411
10,tweedie_direct_multilead_regression,reduced,1.9,0.73,5,0.17803639559439705,0.042973591138519
10,tweedie_direct_multilead_regression,full,1.5,0.1,5,0.17873807980243722,0.06716631260739099
10,tweedie_direct_multilead_regression,full,1.5,0.01,5,0.17874597816705615,0.05790830093658471
10,tweedie_direct_multilead_regression,reduced,1.3,0.2,5,0.178812410097844,0.04399294223109517
10,tweedie_direct_multilead_regression,full,1.05,0.01,5,0.1791020249058603,0.06121863322170497
10,tweedie_direct_multilead_regression,full,1.2,0.01,5,0.17917493092716136,0.06004635449006572
10,tweedie_direct_multilead_regression,reduced,1.9,0.7,5,0.1791896692469756,0.04385293193605944
10,tweedie_direct_multilead_regression,full,1.1,0.01,5,0.1791978935329897,0.06052784736026856
10,tweedie_direct_multilead_regression,reduced,1.5,0.3,5,0.17929470739240677,0.04418677746221484
10,tweedie_direct_multilead_regression,full,1.7,0.01,5,0.18191380766428786,0.06121180952194752
10,tweedie_direct_multilead_regression,full,1.3,0.01,5,0.1823066464439851,0.06325347794233896
10,tweedie_direct_multilead_regression,reduced,1.7,0.4,5,0.18284214835255858,0.046853567915293645
10,tweedie_direct_multilead_regression,reduced,1.05,0.1,5,0.18337302654849624,0.047852069995515036
10,tweedie_direct_multilead_regression,full,1.9,0.2,5,0.18357523268265102,0.07396816014906081
10,tweedie_direct_multilead_regression,reduced,1.9,0.6,5,0.18366773801003206,0.04744015746324738
10,tweedie_direct_multilead_regression,full,1.7,0.1,5,0.1845679598195805,0.0736431750299631
10,tweedie_direct_multilead_regression,reduced,1.1,0.1,5,0.18620118331723512,0.050147997512050464
10,tweedie_direct_multilead_regression,full,1.9,0.1,5,0.18822624367743235,0.0762870747567394
10,tweedie_direct_multilead_regression,reduced,1.9,0.5,5,0.18891093996734606,0.051834321979782785
10,tweedie_direct_multilead_regression,full,1.9,0.01,5,0.1892777017915137,0.06891680055048134
10,tweedie_direct_multilead_regression,reduced,1.5,0.2,5,0.19092378113178854,0.05370724742311905
10,tweedie_direct_multilead_regression,reduced,1.7,0.3,5,0.19126156274655998,0.05392696332299936
10,tweedie_direct_multilead_regression,reduced,1.2,0.1,5,0.19218355052666314,0.055063779700125104
10,tweedie_direct_multilead_regression,reduced,1.9,0.4,5,0.19572175819522863,0.05776212703087748
10,tweedie_direct_multilead_regression,reduced,1.3,0.1,5,0.19759993566831732,0.05918982909565297
10,tweedie_direct_multilead_regression,reduced,1.7,0.2,5,0.2031429016919774,0.06393521145278588
10,tweedie_direct_multilead_regression,reduced,1.9,0.3,5,0.20400843515562253,0.06482741156423576
10,tweedie_direct_multilead_regression,full,1.05,0.001,5,0.20402798236709102,0.09693032278681167
10,tweedie_direct_multilead_regression,reduced,1.5,0.1,5,0.2092189677782223,0.06801324510488996
10,tweedie_direct_multilead_regression,full,1.1,0.001,5,0.21046159684542692,0.10881661156725465
10,tweedie_direct_multilead_regression,reduced,1.9,0.2,5,0.21463387881190013,0.07283506695934008
10,tweedie_direct_multilead_regression,full,1.3,0.001,5,0.21593918165396636,0.11753540512374838
10,tweedie_direct_multilead_regression,full,1.2,0.001,5,0.21833044437769691,0.12320585319089818
10,tweedie_direct_multilead_regression,reduced,1.7,0.1,5,0.2190621694668021,0.07410953572311317
10,tweedie_direct_multilead_regression,reduced,1.05,0.01,5,0.22305263279574264,0.06760923941082901
10,tweedie_direct_multilead_regression,full,1.5,0.001,5,0.2247328081676768,0.13657925143511673
10,tweedie_direct_multilead_regression,reduced,1.1,0.01,5,0.2252146501907836,0.06808583191331465
10,tweedie_direct_multilead_regression,reduced,1.5,0.01,5,0.22674031727622523,0.05910429401937069
10,tweedie_direct_multilead_regression,reduced,1.2,0.01,5,0.22688293633162213,0.06675780852629272
10,tweedie_direct_multilead_regression,reduced,1.9,0.1,5,0.22716142808285103,0.0766212309876675
10,tweedie_direct_multilead_regression,reduced,1.7,0.01,5,0.2286156764597453,0.052747964800766704
10,tweedie_direct_multilead_regression,reduced,1.3,0.01,5,0.23038854139113535,0.0670708799652611
10,tweedie_direct_multilead_regression,reduced,1.9,0.01,5,0.23188265417457518,0.05013857959057605
10,tweedie_direct_multilead_regression,full,1.7,0.001,5,0.2415781296500264,0.170108904629132
10,tweedie_direct_multilead_regression,full,1.9,0.001,5,0.24915479474522187,0.1874421192715358
10,tweedie_direct_multilead_regression,reduced,1.05,0.001,5,0.25839373656211023,0.07995981361711156
10,tweedie_direct_multilead_regression,reduced,1.2,0.001,5,0.2595535656912245,0.08711095139352727
10,tweedie_direct_multilead_regression,reduced,1.1,0.001,5,0.2597920561225586,0.08397938174550011
10,tweedie_direct_multilead_regression,reduced,1.3,0.001,5,0.26105010627018405,0.08952166258346796
10,tweedie_direct_multilead_regression,full,1.1,0.0,5,0.26307444265931423,0.2167315920634359
10,tweedie_direct_multilead_regression,reduced,1.5,0.001,5,0.2688611685030495,0.11141671970083607
10,tweedie_direct_multilead_regression,full,1.05,0.0,5,0.2773082885929147,0.24909088474548532
10,tweedie_direct_multilead_regression,reduced,1.7,0.001,5,0.27889456571918225,0.15150119431318462
10,tweedie_direct_multilead_regression,full,1.5,0.0,5,0.2870108525847742,0.2706115128833402
10,tweedie_direct_multilead_regression,full,1.3,0.0,5,0.28864514221806337,0.27177943588530223
10,tweedie_direct_multilead_regression,full,1.7,0.0,5,0.2916475201864578,0.2721550914596761
10,tweedie_direct_multilead_regression,full,1.2,0.0,5,0.29656343127754836,0.29013072722724775
10,tweedie_direct_multilead_regression,reduced,1.9,0.001,5,0.319298926093348,0.24562523130079109
10,tweedie_direct_multilead_regression,reduced,1.1,0.0,5,0.32682297822333195,0.22996694840672352
10,tweedie_direct_multilead_regression,reduced,1.2,0.0,5,0.3271760804107573,0.24737983589881266
10,tweedie_direct_multilead_regression,reduced,1.05,0.0,5,0.33026893156232356,0.22290298304136205
10,tweedie_direct_multilead_regression,reduced,1.3,0.0,5,0.34103877853050146,0.2724901212832314
10,tweedie_direct_multilead_regression,reduced,1.5,0.0,5,0.3675025215357219,0.35947282542983167
10,tweedie_direct_multilead_regression,full,1.9,0.0,5,0.3990868682891584,0.32241074317454205
10,tweedie_direct_multilead_regression,reduced,1.7,0.0,5,0.46629396443778204,0.5746208172816198
10,tweedie_direct_multilead_regression,reduced,1.9,0.0,5,0.5206950774008681,0.6948915484855683
11,tweedie_direct_multilead_regression,full,1.1,0.2,5,0.3622347870373389,0.21768936554416068
11,tweedie_direct_multilead_regression,full,1.05,0.2,5,0.36226409303993157,0.21734993375644074
11,tweedie_direct_multilead_regression,full,1.3,0.4,5,0.3623054834163121,0.2178046503823399
11,tweedie_direct_multilead_regression,full,1.2,0.3,5,0.3623060704691784,0.21766359045953404
11,tweedie_direct_multilead_regression,full,1.2,0.4,5,0.3623098320769606,0.2171336650621853
11,tweedie_direct_multilead_regression,full,1.05,0.3,5,0.36240625405594346,0.2165557601524678
11,tweedie_direct_multilead_regression,full,1.1,0.3,5,0.3624183174486891,0.21698769560464748
11,tweedie_direct_multilead_regression,full,1.5,0.6,5,0.3624806426209445,0.21843204533376265
11,tweedie_direct_multilead_regression,full,1.5,0.7,5,0.36248175863114246,0.2181499133725874
11,tweedie_direct_multilead_regression,full,1.5,0.73,5,0.3624886271077681,0.2180869406848452
11,tweedie_direct_multilead_regression,full,1.3,0.5,5,0.36250325640939296,0.2175782443538768
11,tweedie_direct_multilead_regression,full,1.5,0.75,5,0.36250621050718046,0.21806462676169122
11,tweedie_direct_multilead_regression,full,1.3,0.3,5,0.3625258962594396,0.21834674597296908
11,tweedie_direct_multilead_regression,full,1.5,0.78,5,0.362581857055727,0.21799318821747557
11,tweedie_direct_multilead_regression,full,1.2,0.2,5,0.36258574662024384,0.2182804614923903
11,tweedie_direct_multilead_regression,full,1.7,1.0,5,0.3626133779415758,0.218739983777936
11,tweedie_direct_multilead_regression,full,1.5,0.9,5,0.362613542059513,0.21770948802351997
11,tweedie_direct_multilead_regression,full,1.5,0.5,5,0.36262697532903254,0.21861989562074258
11,tweedie_direct_multilead_regression,full,1.5,0.8,5,0.3626291929365436,0.2179471505437998
11,tweedie_direct_multilead_regression,full,1.3,0.6,5,0.3626440972653845,0.217124379605732
11,tweedie_direct_multilead_regression,full,1.1,0.4,5,0.36268057646284235,0.21647278370959047
11,tweedie_direct_multilead_regression,full,1.7,0.9,5,0.3626820708887112,0.2188301555749243
11,tweedie_direct_multilead_regression,full,1.05,0.4,5,0.36276246184568184,0.21603551554469252
11,tweedie_direct_multilead_regression,full,1.2,0.5,5,0.3627682541316385,0.21689037163575797
11,tweedie_direct_multilead_regression,full,1.7,0.8,5,0.36280211131037865,0.21886170819782505
11,tweedie_direct_multilead_regression,full,1.5,1.0,5,0.362807862627072,0.21751985462714074
11,tweedie_direct_multilead_regression,full,1.7,0.78,5,0.3628333162259496,0.21886725069779533
11,tweedie_direct_multilead_regression,full,1.1,0.5,5,0.3629010996905149,0.21594023483139896
11,tweedie_direct_multilead_regression,full,1.7,0.75,5,0.36291097852096693,0.21889373443794372
11,tweedie_direct_multilead_regression,full,1.3,0.7,5,0.3629475161316195,0.2169133016857513
11,tweedie_direct_multilead_regression,full,1.7,0.73,5,0.3629773896109514,0.2189176746456154
11,tweedie_direct_multilead_regression,full,1.3,0.73,5,0.3630276029284004,0.2168491902844027
11,tweedie_direct_multilead_regression,full,1.3,0.75,5,0.3630599712179709,0.2168323101014589
11,tweedie_direct_multilead_regression,full,1.7,0.7,5,0.36307694718629147,0.21893306257904585
11,tweedie_direct_multilead_regression,full,1.05,0.5,5,0.36311118055518327,0.21572599705227488
11,tweedie_direct_multilead_regression,full,1.2,0.6,5,0.3631181354899166,0.21661006923842102
11,tweedie_direct_multilead_regression,full,1.5,0.4,5,0.36311939127575715,0.21868527673796617
11,tweedie_direct_multilead_regression,full,1.2,0.7,5,0.3631302234197288,0.2159320736099976
11,tweedie_direct_multilead_regression,full,1.3,0.78,5,0.36313042701994014,0.21678672568782462
11,tweedie_direct_multilead_regression,full,1.2,0.73,5,0.3631372474648308,0.21596279144652872
11,tweedie_direct_multilead_regression,full,1.3,0.8,5,0.3631760111385158,0.21675887298221286
11,tweedie_direct_multilead_regression,full,1.2,0.75,5,0.36317947889103097,0.2159454796863173
11,tweedie_direct_multilead_regression,full,1.2,0.78,5,0.3632429141481966,0.21592267483247773
11,tweedie_direct_multilead_regression,full,1.1,0.6,5,0.3632841390771537,0.21567848292273084
11,tweedie_direct_multilead_regression,full,1.2,0.8,5,0.36329311588925245,0.21590149929318816
11,tweedie_direct_multilead_regression,full,1.05,0.6,5,0.3633011439036313,0.21567413405309818
11,tweedie_direct_multilead_regression,full,1.1,0.7,5,0.3634143319187717,0.215731005077259
11,tweedie_direct_multilead_regression,full,1.3,0.9,5,0.3634230630226548,0.21661840719756825
11,tweedie_direct_multilead_regression,full,1.3,0.2,5,0.3634426020724869,0.21829682124669625
11,tweedie_direct_multilead_regression,full,1.3,1.0,5,0.3634859969499466,0.2163543282596358
11,tweedie_direct_multilead_regression,full,1.1,0.73,5,0.36348689918485144,0.21572180741140978
11,tweedie_direct_multilead_regression,full,1.1,0.78,5,0.3635170033782157,0.21566014694309338
11,tweedie_direct_multilead_regression,full,1.1,0.75,5,0.36352776738110465,0.21572124291586306
11,tweedie_direct_multilead_regression,full,1.7,0.6,5,0.3635331735896499,0.21883864286695456
11,tweedie_direct_multilead_regression,full,1.05,0.75,5,0.3635402653814919,0.2154324936301894
11,tweedie_direct_multilead_regression,full,1.2,0.9,5,0.3635426388893221,0.21585005615305067
11,tweedie_direct_multilead_regression,full,1.1,0.8,5,0.3635516968740111,0.21566254786801412
11,tweedie_direct_multilead_regression,full,1.05,0.1,5,0.3635637739106355,0.21795700530140105
11,tweedie_direct_multilead_regression,full,1.05,0.7,5,0.36358144605362297,0.21559355370161015
11,tweedie_direct_multilead_regression,full,1.05,0.78,5,0.3635856238142779,0.21544753883173556
11,tweedie_direct_multilead_regression,full,1.05,0.73,5,0.3635889749965638,0.21556126842598416
11,tweedie_direct_multilead_regression,full,1.05,0.8,5,0.36360566590302723,0.2154512378262491
11,tweedie_direct_multilead_regression,full,1.9,1.0,5,0.36365834329931507,0.2190207629980166
11,tweedie_direct_multilead_regression,full,1.2,1.0,5,0.3637069440842589,0.21587237365159404
11,tweedie_direct_multilead_regression,full,1.1,0.9,5,0.3637079492082667,0.21569738409217462
11,tweedie_direct_multilead_regression,full,1.05,0.9,5,0.3637318059527582,0.21561274756843743
11,tweedie_direct_multilead_regression,full,1.1,1.0,5,0.36376548495055455,0.21560837749425082
11,tweedie_direct_multilead_regression,full,1.05,1.0,5,0.3638582165723925,0.21567354457804003
11,tweedie_direct_multilead_regression,full,1.1,0.1,5,0.3640467270304512,0.21787088287619422
11,tweedie_direct_multilead_regression,full,1.9,0.9,5,0.3640742353336235,0.21887649770242387
11,tweedie_direct_multilead_regression,full,1.5,0.3,5,0.3641182240227422,0.2184765231084592
11,tweedie_direct_multilead_regression,full,1.7,0.5,5,0.3643003640697769,0.21860683967562586
11,tweedie_direct_multilead_regression,full,1.9,0.8,5,0.3646633395992823,0.2186782273261212
11,tweedie_direct_multilead_regression,reduced,1.2,1.0,5,0.3647181707771175,0.22248597476018186
11,tweedie_direct_multilead_regression,full,1.9,0.78,5,0.3647905287932304,0.21862993609921477
11,tweedie_direct_multilead_regression,reduced,1.05,0.5,5,0.364813603165625,0.22334499207925923
11,tweedie_direct_multilead_regression,reduced,1.1,0.8,5,0.36483303650236004,0.22232223621510772
11,tweedie_direct_multilead_regression,reduced,1.1,0.75,5,0.3648334006809481,0.2225477879955606
11,tweedie_direct_multilead_regression,reduced,1.1,0.78,5,0.3648336217673861,0.22240996745341232
11,tweedie_direct_multilead_regression,reduced,1.1,0.73,5,0.36483563047099377,0.2226424102491825
11,tweedie_direct_multilead_regression,reduced,1.1,0.9,5,0.3648377088150962,0.22191904414718608
11,tweedie_direct_multilead_regression,reduced,1.1,0.7,5,0.36484060108164684,0.22278996317422978
11,tweedie_direct_multilead_regression,reduced,1.05,0.9,5,0.3648493210100203,0.22146149058218362
11,tweedie_direct_multilead_regression,reduced,1.2,0.9,5,0.36486430697833677,0.22298452188105958
11,tweedie_direct_multilead_regression,reduced,1.05,0.78,5,0.36487224880724745,0.2218886900352441
11,tweedie_direct_multilead_regression,reduced,1.05,0.75,5,0.3648723205449552,0.22201884289992982
11,tweedie_direct_multilead_regression,reduced,1.05,0.8,5,0.36487306981844103,0.2218051245545446
11,tweedie_direct_multilead_regression,reduced,1.05,0.73,5,0.3648732618331345,0.22210910748184096
11,tweedie_direct_multilead_regression,reduced,1.05,1.0,5,0.3648732656399186,0.22112465410727614
11,tweedie_direct_multilead_regression,reduced,1.05,0.7,5,0.36487593091073645,0.2222500527234028
11,tweedie_direct_multilead_regression,reduced,1.05,0.6,5,0.36488927190545184,0.22278829266413794
11,tweedie_direct_multilead_regression,reduced,1.1,1.0,5,0.364894246929674,0.22151979575673736
11,tweedie_direct_multilead_regression,reduced,1.1,0.6,5,0.36490784700000384,0.22331784504286983
11,tweedie_direct_multilead_regression,reduced,1.2,0.8,5,0.36491963313047043,0.22342688190998566
11,tweedie_direct_multilead_regression,reduced,1.2,0.78,5,0.3649335942073522,0.22352456389210834
11,tweedie_direct_multilead_regression,reduced,1.3,1.0,5,0.3649538834033824,0.22369607726734436
11,tweedie_direct_multilead_regression,reduced,1.2,0.75,5,0.36495710119623065,0.2236766998988756
11,tweedie_direct_multilead_regression,reduced,1.2,0.73,5,0.3649746366652421,0.22378174956590066
11,tweedie_direct_multilead_regression,full,1.9,0.75,5,0.3649943184031443,0.21854955075395013
11,tweedie_direct_multilead_regression,reduced,1.2,0.7,5,0.3650034880141505,0.2239445636053933
11,tweedie_direct_multilead_regression,reduced,1.3,0.9,5,0.36501537612400003,0.22409148116892189
11,tweedie_direct_multilead_regression,reduced,1.1,0.5,5,0.36504523575651293,0.2241220577256635
11,tweedie_direct_multilead_regression,reduced,1.05,0.4,5,0.3650931236494017,0.22433399914927565
11,tweedie_direct_multilead_regression,reduced,1.3,0.8,5,0.3651224019404522,0.22451678626105678
11,tweedie_direct_multilead_regression,reduced,1.2,0.6,5,0.3651250747320707,0.22453063143570945
11,tweedie_direct_multilead_regression,full,1.9,0.73,5,0.3651749907945935,0.21845068141198137
11,tweedie_direct_multilead_regression,reduced,1.3,0.78,5,0.3652066337603872,0.22467098367222993
11,tweedie_direct_multilead_regression,reduced,1.3,0.75,5,0.3652426205939842,0.2248162069989251
11,tweedie_direct_multilead_regression,reduced,1.3,0.73,5,0.3652692462853215,0.2249142140575641
11,tweedie_direct_multilead_regression,reduced,1.1,0.4,5,0.3652920958650677,0.2249556929868296
11,tweedie_direct_multilead_regression,reduced,1.2,0.5,5,0.3653261569302669,0.2251327900585389
11,tweedie_direct_multilead_regression,full,1.9,0.7,5,0.3654311453988742,0.21831649903620393
11,tweedie_direct_multilead_regression,reduced,1.3,0.7,5,0.36545616764332156,0.2253038286188654
11,tweedie_direct_multilead_regression,full,1.7,0.4,5,0.3655127864893742,0.21808112875054772
11,tweedie_direct_multilead_regression,reduced,1.05,0.3,5,0.36552465067047607,0.22543919334112564
11,tweedie_direct_multilead_regression,reduced,1.3,0.6,5,0.3655962205989125,0.22585068722180351
11,tweedie_direct_multilead_regression,full,1.2,0.1,5,0.365697874098142,0.21745583740195557
11,tweedie_direct_multilead_regression,reduced,1.5,1.0,5,0.36572629202299317,0.22622045408650024
11,tweedie_direct_multilead_regression,reduced,1.2,0.4,5,0.36579949580856364,0.2260330380995209
11,tweedie_direct_multilead_regression,reduced,1.5,0.9,5,0.36584516004789036,0.22648783670040903
11,tweedie_direct_multilead_regression,reduced,1.1,0.3,5,0.36585771414500895,0.22593749618830936
11,tweedie_direct_multilead_regression,reduced,1.3,0.5,5,0.3659404523157804,0.22634634260259434
11,tweedie_direct_multilead_regression,reduced,1.5,0.8,5,0.36605518692460925,0.22667496568337064
11,tweedie_direct_multilead_regression,reduced,1.5,0.78,5,0.3661087541117204,0.22670508058705646
11,tweedie_direct_multilead_regression,reduced,1.5,0.75,5,0.36618385231344985,0.2267538084124986
11,tweedie_direct_multilead_regression,reduced,1.5,0.73,5,0.36623980072536416,0.22678630443282058
11,tweedie_direct_multilead_regression,reduced,1.5,0.7,5,0.3664535834886931,0.2269992471943386
11,tweedie_direct_multilead_regression,full,1.5,0.2,5,0.36646239222828225,0.217372239365635
11,tweedie_direct_multilead_regression,full,1.9,0.6,5,0.3664694599138754,0.21774093920658238
11,tweedie_direct_multilead_regression,reduced,1.3,0.4,5,0.3664777918156872,0.22671654456594467
11,tweedie_direct_multilead_regression,reduced,1.2,0.3,5,0.36649425244718675,0.22642975485390968
11,tweedie_direct_multilead_regression,reduced,1.05,0.2,5,0.36677439898014275,0.22644265608061973
11,tweedie_direct_multilead_regression,reduced,1.5,0.6,5,0.3669603455586649,0.22705897486652998
11,tweedie_direct_multilead_regression,reduced,1.1,0.2,5,0.3669997480560351,0.22635411999482602
11,tweedie_direct_multilead_regression,reduced,1.7,1.0,5,0.36711040319661115,0.22739560154175137
11,tweedie_direct_multilead_regression,full,1.3,0.1,5,0.36743666014758236,0.21657834746433802
11,tweedie_direct_multilead_regression,full,1.7,0.3,5,0.3675688841863442,0.21701090976108003
11,tweedie_direct_multilead_regression,reduced,1.7,0.9,5,0.3675762912093354,0.2273630063712211
11,tweedie_direct_multilead_regression,reduced,1.3,0.3,5,0.367677120462576,0.22666766130164148
11,tweedie_direct_multilead_regression,reduced,1.5,0.5,5,0.3677952686716205,0.2269466839773877
11,tweedie_direct_multilead_regression,full,1.9,0.5,5,0.367921334285365,0.21693479883144237
11,tweedie_direct_multilead_regression,reduced,1.7,0.8,5,0.36821206161521586,0.2272107598446743
11,tweedie_direct_multilead_regression,reduced,1.7,0.78,5,0.3683392329080334,0.22714292639159112
11,tweedie_direct_multilead_regression,reduced,1.2,0.2,5,0.3683570645126008,0.22619643389790337
11,tweedie_direct_multilead_regression,reduced,1.7,0.75,5,0.3685947163151749,0.22711027700339295
11,tweedie_direct_multilead_regression,reduced,1.7,0.73,5,0.36875671344634153,0.22704964057811122
11,tweedie_direct_multilead_regression,reduced,1.7,0.7,5,0.36901620246969535,0.2269410479088689
11,tweedie_direct_multilead_regression,reduced,1.5,0.4,5,0.36924257206814615,0.22671831760934538
11,tweedie_direct_multilead_regression,full,1.9,0.4,5,0.37002168772236854,0.21580783275459703
11,tweedie_direct_multilead_regression,reduced,1.7,0.6,5,0.37006957243179295,0.22641011971787492
11,tweedie_direct_multilead_regression,reduced,1.05,0.1,5,0.3702103980893515,0.22473772800112068
11,tweedie_direct_multilead_regression,reduced,1.9,1.0,5,0.37022042765687696,0.226629513228254
11,tweedie_direct_multilead_regression,reduced,1.3,0.2,5,0.370307714271899,0.2256998879117304
11,tweedie_direct_multilead_regression,reduced,1.9,0.9,5,0.3710780012423988,0.2261309793234812
11,tweedie_direct_multilead_regression,reduced,1.5,0.3,5,0.37135217967164336,0.2254341615943332
11,tweedie_direct_multilead_regression,full,1.7,0.2,5,0.37138098298402056,0.21502890363347282
11,tweedie_direct_multilead_regression,reduced,1.7,0.5,5,0.37154936801255695,0.2255312674194902
11,tweedie_direct_multilead_regression,reduced,1.1,0.1,5,0.3716269464681116,0.22485990897286173
11,tweedie_direct_multilead_regression,reduced,1.9,0.8,5,0.3721301588960718,0.22545471869515044
11,tweedie_direct_multilead_regression,reduced,1.9,0.78,5,0.37236781454300083,0.22529564899459803
11,tweedie_direct_multilead_regression,reduced,1.9,0.75,5,0.37274505409440695,0.22503883604596306
11,tweedie_direct_multilead_regression,full,1.5,0.1,5,0.37277550285213973,0.21432423480339577
11,tweedie_direct_multilead_regression,reduced,1.9,0.73,5,0.37301248673912885,0.22485403399328333
11,tweedie_direct_multilead_regression,full,1.9,0.3,5,0.3731947772559157,0.2142948287808411
11,tweedie_direct_multilead_regression,reduced,1.9,0.7,5,0.3734369655694084,0.22455633026795435
11,tweedie_direct_multilead_regression,reduced,1.7,0.4,5,0.37366959791717724,0.22413383587022237
11,tweedie_direct_multilead_regression,reduced,1.2,0.1,5,0.3741621609585364,0.22345254502324727
11,tweedie_direct_multilead_regression,reduced,1.9,0.6,5,0.3751381346110988,0.2234186874501199
11,tweedie_direct_multilead_regression,reduced,1.5,0.2,5,0.3753487239959015,0.22288041938763314
11,tweedie_direct_multilead_regression,reduced,1.3,0.1,5,0.376959727413014,0.2213807932481094
11,tweedie_direct_multilead_regression,reduced,1.7,0.3,5,0.37700343289301985,0.22209658635911356
11,tweedie_direct_multilead_regression,reduced,1.9,0.5,5,0.37735576452124336,0.2218972154285575
11,tweedie_direct_multilead_regression,full,1.9,0.2,5,0.37787712723194083,0.2119470961933476
11,tweedie_direct_multilead_regression,full,1.7,0.1,5,0.37907436306952735,0.2116953445657748
11,tweedie_direct_multilead_regression,reduced,1.9,0.4,5,0.3803540789343801,0.2199253362415737
11,tweedie_direct_multilead_regression,full,1.05,0.01,5,0.3813595433433703,0.20921567107026448
11,tweedie_direct_multilead_regression,full,1.1,0.01,5,0.3822658241986103,0.20857949818400395
11,tweedie_direct_multilead_regression,reduced,1.7,0.2,5,0.3825509560290671,0.21892213573187608
11,tweedie_direct_multilead_regression,reduced,1.9,0.3,5,0.3845221576038185,0.21731925497117127
11,tweedie_direct_multilead_regression,full,1.2,0.01,5,0.3845919336844803,0.20785941300191424
11,tweedie_direct_multilead_regression,reduced,1.5,0.1,5,0.3848684590481869,0.21818592762676914
11,tweedie_direct_multilead_regression,full,1.9,0.1,5,0.38530545671871563,0.2092747760840843
11,tweedie_direct_multilead_regression,full,1.3,0.01,5,0.388822971404319,0.2093650447212035
11,tweedie_direct_multilead_regression,full,1.05,0.001,5,0.38981611242875563,0.2053991987684743
11,tweedie_direct_multilead_regression,reduced,1.9,0.2,5,0.3907252692164615,0.21435277447377687
11,tweedie_direct_multilead_regression,full,1.05,0.0,5,0.390999570870416,0.20470049890262754
11,tweedie_direct_multilead_regression,full,1.1,0.001,5,0.39277187014451587,0.2087319925393491
11,tweedie_direct_multilead_regression,reduced,1.7,0.1,5,0.39287683812572227,0.21389359380750128
11,tweedie_direct_multilead_regression,full,1.3,0.0,5,0.39293260167916494,0.21587430864512885
11,tweedie_direct_multilead_regression,full,1.5,0.01,5,0.39326067896770983,0.2114636079290457
11,tweedie_direct_multilead_regression,full,1.1,0.0,5,0.3940423194305449,0.20833799219593427
11,tweedie_direct_multilead_regression,full,1.2,0.001,5,0.39492938657544796,0.20905666362614783
11,tweedie_direct_multilead_regression,full,1.2,0.0,5,0.39594053451985084,0.208956323516782
11,tweedie_direct_multilead_regression,full,1.3,0.001,5,0.3975228244299881,0.2110506928430097
11,tweedie_direct_multilead_regression,reduced,1.05,0.01,5,0.40133172736600803,0.21869033958776019
11,tweedie_direct_multilead_regression,reduced,1.9,0.1,5,0.4020744662798169,0.21347585151769705
11,tweedie_direct_multilead_regression,full,1.7,0.01,5,0.40267784934011763,0.22038465070746213
11,tweedie_direct_multilead_regression,reduced,1.1,0.01,5,0.40304999921333884,0.21729829658718902
11,tweedie_direct_multilead_regression,reduced,1.2,0.01,5,0.40588865276751224,0.21631894887972655
11,tweedie_direct_multilead_regression,reduced,1.3,0.01,5,0.41046553776427,0.21739559529131233
11,tweedie_direct_multilead_regression,reduced,1.5,0.01,5,0.416249832628678,0.22424451620203398
11,tweedie_direct_multilead_regression,full,1.9,0.01,5,0.41684507154111194,0.23318448028869537
11,tweedie_direct_multilead_regression,reduced,1.7,0.01,5,0.41979185406151787,0.22828061937229646
11,tweedie_direct_multilead_regression,reduced,1.5,0.001,5,0.42014875459179024,0.23813207215041535
11,tweedie_direct_multilead_regression,reduced,1.1,0.001,5,0.42028141955953674,0.2213341956081849
11,tweedie_direct_multilead_regression,reduced,1.05,0.001,5,0.4203962785177048,0.22246772865492365
11,tweedie_direct_multilead_regression,reduced,1.9,0.01,5,0.4210468013575374,0.2319227669016228
11,tweedie_direct_multilead_regression,reduced,1.05,0.0,5,0.42233006244236454,0.22254324858736568
11,tweedie_direct_multilead_regression,full,1.5,0.001,5,0.42443985727269135,0.2512711818099635
11,tweedie_direct_multilead_regression,reduced,1.3,0.001,5,0.425822518623389,0.23148376538199453
11,tweedie_direct_multilead_regression,reduced,1.2,0.001,5,0.42747029643315493,0.22979180953814343
11,tweedie_direct_multilead_regression,reduced,1.5,0.0,5,0.4276230759494018,0.2326988816268919
11,tweedie_direct_multilead_regression,reduced,1.2,0.0,5,0.4299433050293143,0.23799769898139694
11,tweedie_direct_multilead_regression,reduced,1.1,0.0,5,0.4299479436524384,0.23362679525004662
11,tweedie_direct_multilead_regression,reduced,1.3,0.0,5,0.43421225783512696,0.2290686078872424
11,tweedie_direct_multilead_regression,reduced,1.7,0.001,5,0.4356598412480655,0.2324932324856594
11,tweedie_direct_multilead_regression,reduced,1.9,0.001,5,0.5286993476605956,0.26374463420770894
11,tweedie_direct_multilead_regression,full,1.7,0.001,5,0.5984998538824919,0.30380084302978416
11,tweedie_direct_multilead_regression,full,1.9,0.001,5,0.7429720870067763,0.3754187763584739
11,tweedie_direct_multilead_regression,reduced,1.7,0.0,5,0.8139341530604355,0.6529521135302986
11,tweedie_direct_multilead_regression,reduced,1.9,0.0,5,0.8289592316761851,0.6653452625657974
11,tweedie_direct_multilead_regression,full,1.5,0.0,5,0.9007001962584369,0.9001530902195548
11,tweedie_direct_multilead_regression,full,1.7,0.0,5,1.6658678530632502,0.35589002143697335
11,tweedie_direct_multilead_regression,full,1.9,0.0,5,1.692144314534723,0.32048289070172703
12,tweedie_direct_multilead_regression,reduced,1.05,1.0,5,1.11743656823796,0.0814382911131755
12,tweedie_direct_multilead_regression,reduced,1.05,0.9,5,1.1175184377316312,0.0816299265788279
12,tweedie_direct_multilead_regression,reduced,1.05,0.8,5,1.1176235654209985,0.0818693327632625
12,tweedie_direct_multilead_regression,reduced,1.05,0.78,5,1.1176476915070241,0.08192415269159897
12,tweedie_direct_multilead_regression,reduced,1.1,1.0,5,1.117669950477109,0.08195309276488519
12,tweedie_direct_multilead_regression,reduced,1.05,0.75,5,1.1176862084451775,0.08201150746129683
12,tweedie_direct_multilead_regression,reduced,1.05,0.73,5,1.1177135505052842,0.08207352117621913
12,tweedie_direct_multilead_regression,reduced,1.05,0.7,5,1.1177573156346774,0.08217283745338895
12,tweedie_direct_multilead_regression,reduced,1.1,0.9,5,1.1177881531048357,0.08219719099634548
12,tweedie_direct_multilead_regression,reduced,1.1,0.8,5,1.1179272749465663,0.08249899291871327
12,tweedie_direct_multilead_regression,reduced,1.05,0.6,5,1.1179325754409581,0.08257296767319909
12,tweedie_direct_multilead_regression,reduced,1.1,0.78,5,1.1179590274875566,0.08256868138201935
12,tweedie_direct_multilead_regression,reduced,1.1,0.75,5,1.1180006422855442,0.08267302140760262
12,tweedie_direct_multilead_regression,reduced,1.1,0.73,5,1.118036109241141,0.08275149150255637
12,tweedie_direct_multilead_regression,reduced,1.1,0.7,5,1.1180929710936796,0.08287702729183632
12,tweedie_direct_multilead_regression,reduced,1.05,0.5,5,1.1181945969014553,0.0831156771705867
12,tweedie_direct_multilead_regression,reduced,1.1,0.6,5,1.1183238559834197,0.0833804459370822
12,tweedie_direct_multilead_regression,reduced,1.2,1.0,5,1.1183688138589376,0.08343015247005021
12,tweedie_direct_multilead_regression,reduced,1.2,0.9,5,1.1185551604911161,0.08382336668667796
12,tweedie_direct_multilead_regression,reduced,1.05,0.4,5,1.118567400691581,0.08391989439651752
12,tweedie_direct_multilead_regression,reduced,1.1,0.5,5,1.11866602334892,0.08408816215880519
12,tweedie_direct_multilead_regression,reduced,1.2,0.8,5,1.1187892642917379,0.0843118051657794
12,tweedie_direct_multilead_regression,reduced,1.2,0.78,5,1.1188434924528523,0.08442408516336834
12,tweedie_direct_multilead_regression,reduced,1.2,0.75,5,1.118931147442147,0.08460410101611718
12,tweedie_direct_multilead_regression,reduced,1.2,0.73,5,1.1189938814154394,0.08473211372693838
12,tweedie_direct_multilead_regression,reduced,1.2,0.7,5,1.1190954003485596,0.08493769915985676
12,tweedie_direct_multilead_regression,reduced,1.1,0.4,5,1.119171386240021,0.08512393380204776
12,tweedie_direct_multilead_regression,reduced,1.05,0.3,5,1.119232888994833,0.08526166574334487
12,tweedie_direct_multilead_regression,reduced,1.2,0.6,5,1.119512694284755,0.08576771162840457
12,tweedie_direct_multilead_regression,reduced,1.3,1.0,5,1.1195749773950643,0.08583636134676377
12,tweedie_direct_multilead_regression,full,1.05,1.0,5,1.1197718022298226,0.08385244707294151
12,tweedie_direct_multilead_regression,reduced,1.3,0.9,5,1.1198867038559375,0.08647097733053123
12,tweedie_direct_multilead_regression,full,1.05,0.9,5,1.1200188550483505,0.08423832082739155
12,tweedie_direct_multilead_regression,reduced,1.1,0.3,5,1.1200354667574177,0.08683999800625629
12,tweedie_direct_multilead_regression,reduced,1.2,0.5,5,1.1201040820856911,0.08692473163860752
12,tweedie_direct_multilead_regression,full,1.05,0.8,5,1.1203108953577006,0.08470263623955697
12,tweedie_direct_multilead_regression,reduced,1.3,0.8,5,1.1203250098584847,0.08729723893493332
12,tweedie_direct_multilead_regression,full,1.05,0.78,5,1.1203755856696236,0.08480727973961273
12,tweedie_direct_multilead_regression,full,1.1,1.0,5,1.120406743766083,0.0848548581534759
12,tweedie_direct_multilead_regression,reduced,1.3,0.78,5,1.1204599545689518,0.08747953131239185
12,tweedie_direct_multilead_regression,full,1.05,0.75,5,1.1204770694081512,0.08497275152335419
12,tweedie_direct_multilead_regression,full,1.05,0.73,5,1.1205478874760366,0.08508922045891895
12,tweedie_direct_multilead_regression,reduced,1.05,0.2,5,1.120561550679343,0.08788868739223481
12,tweedie_direct_multilead_regression,reduced,1.3,0.75,5,1.1206175442835016,0.08777976103280095
12,tweedie_direct_multilead_regression,full,1.1,0.9,5,1.1206477947163407,0.08531565791664213
12,tweedie_direct_multilead_regression,full,1.05,0.7,5,1.1206590955291236,0.08527375734851174
12,tweedie_direct_multilead_regression,reduced,1.3,0.73,5,1.1207300418674035,0.087993353218668
12,tweedie_direct_multilead_regression,reduced,1.3,0.7,5,1.1208911312718954,0.08830202411154553
12,tweedie_direct_multilead_regression,full,1.1,0.8,5,1.1208986098862304,0.08582716790260725
12,tweedie_direct_multilead_regression,full,1.1,0.78,5,1.1209603969098008,0.08595335606814188
12,tweedie_direct_multilead_regression,reduced,1.2,0.4,5,1.1209861188807235,0.08864511396691986
12,tweedie_direct_multilead_regression,full,1.05,0.6,5,1.1210196783621993,0.0860184681045495
12,tweedie_direct_multilead_regression,full,1.1,0.75,5,1.1210610678253499,0.0861458096348069
12,tweedie_direct_multilead_regression,full,1.1,0.73,5,1.1211307190699902,0.08628093629597973
12,tweedie_direct_multilead_regression,full,1.1,0.7,5,1.1212392516250278,0.0864949977992709
12,tweedie_direct_multilead_regression,full,1.05,0.5,5,1.1214270865940363,0.0869004007789861
12,tweedie_direct_multilead_regression,full,1.1,0.6,5,1.1216245968492005,0.08732370441491881
12,tweedie_direct_multilead_regression,reduced,1.3,0.6,5,1.1216510428007678,0.08971744815378131
12,tweedie_direct_multilead_regression,full,1.2,1.0,5,1.1216854337733184,0.08738161108221541
12,tweedie_direct_multilead_regression,reduced,1.1,0.2,5,1.1218062610408177,0.09023737377649933
12,tweedie_direct_multilead_regression,full,1.2,0.9,5,1.121962582690189,0.08799793033893966
12,tweedie_direct_multilead_regression,full,1.05,0.4,5,1.1219938814126647,0.08816250193129498
12,tweedie_direct_multilead_regression,full,1.1,0.5,5,1.1220965156618363,0.08837101521095563
12,tweedie_direct_multilead_regression,full,1.2,0.8,5,1.122264031340435,0.08872252025368693
12,tweedie_direct_multilead_regression,full,1.2,0.78,5,1.1223278944366677,0.08888381072562135
12,tweedie_direct_multilead_regression,full,1.2,0.75,5,1.1224264307077698,0.08913771141277188
12,tweedie_direct_multilead_regression,reduced,1.2,0.3,5,1.122476412600879,0.0914553160113545
12,tweedie_direct_multilead_regression,full,1.2,0.73,5,1.1224940151465632,0.08931545022170424
12,tweedie_direct_multilead_regression,full,1.2,0.7,5,1.1225953455521345,0.08959635734620806
12,tweedie_direct_multilead_regression,full,1.1,0.4,5,1.1226199460397792,0.0897871083416354
12,tweedie_direct_multilead_regression,full,1.05,0.3,5,1.122683627306617,0.08997308368208383
12,tweedie_direct_multilead_regression,reduced,1.3,0.5,5,1.122916382578246,0.09157831846800152
12,tweedie_direct_multilead_regression,full,1.2,0.6,5,1.123027179993737,0.09062987518609265
12,tweedie_direct_multilead_regression,full,1.1,0.3,5,1.1231859226515126,0.09181274168419093
12,tweedie_direct_multilead_regression,full,1.05,0.2,5,1.123418241710127,0.09290919955671048
12,tweedie_direct_multilead_regression,full,1.2,0.5,5,1.1237529717741714,0.09220744817469796
12,tweedie_direct_multilead_regression,full,1.1,0.2,5,1.1243061605658178,0.09541243909841601
12,tweedie_direct_multilead_regression,full,1.3,1.0,5,1.124349187581832,0.09145955153973512
12,tweedie_direct_multilead_regression,full,1.2,0.4,5,1.1245576523413994,0.09431441694320082
12,tweedie_direct_multilead_regression,reduced,1.05,0.1,5,1.124583013941817,0.09521287221872865
12,tweedie_direct_multilead_regression,full,1.1,0.1,5,1.1246776605045654,0.10162437942843527
12,tweedie_direct_multilead_regression,full,1.3,0.9,5,1.1246882049693112,0.09229847922135179
12,tweedie_direct_multilead_regression,reduced,1.3,0.4,5,1.1247611388470884,0.09446935836729894
12,tweedie_direct_multilead_regression,full,1.3,0.78,5,1.1249738854846671,0.093272304574528
12,tweedie_direct_multilead_regression,full,1.05,0.1,5,1.1250175529388229,0.09961935830461782
12,tweedie_direct_multilead_regression,full,1.3,0.8,5,1.1250996286265973,0.09336687113615516
12,tweedie_direct_multilead_regression,full,1.3,0.73,5,1.1252360347371861,0.09393018398763225
12,tweedie_direct_multilead_regression,full,1.3,0.75,5,1.1252394795567349,0.09382828571074783
12,tweedie_direct_multilead_regression,reduced,1.2,0.2,5,1.1252540327432932,0.09645618973319856
12,tweedie_direct_multilead_regression,full,1.2,0.3,5,1.1253711762583467,0.09670941610172995
12,tweedie_direct_multilead_regression,full,1.3,0.7,5,1.1255649680112167,0.09459824421009519
12,tweedie_direct_multilead_regression,full,1.3,0.6,5,1.1260132153393212,0.09590576099598203
12,tweedie_direct_multilead_regression,full,1.3,0.5,5,1.1264483214680596,0.09750747534490584
12,tweedie_direct_multilead_regression,full,1.2,0.2,5,1.126452099845081,0.10055464029660764
12,tweedie_direct_multilead_regression,reduced,1.1,0.1,5,1.126778663885,0.09915340030394212
12,tweedie_direct_multilead_regression,reduced,1.5,1.0,5,1.1268494656478585,0.09678476791252832
12,tweedie_direct_multilead_regression,full,1.3,0.4,5,1.1269938689912469,0.09961509974657895
12,tweedie_direct_multilead_regression,reduced,1.3,0.3,5,1.1273323016584285,0.0986195457431874
12,tweedie_direct_multilead_regression,full,1.3,0.3,5,1.1274992047696026,0.10227892307812082
12,tweedie_direct_multilead_regression,reduced,1.5,0.9,5,1.1278090232484466,0.0983440244848588
12,tweedie_direct_multilead_regression,full,1.2,0.1,5,1.1279592544944612,0.10740880308355415
12,tweedie_direct_multilead_regression,full,1.5,1.0,5,1.1280204829626845,0.10123085015387498
12,tweedie_direct_multilead_regression,full,1.3,0.2,5,1.1282418543059043,0.10640193324917013
12,tweedie_direct_multilead_regression,full,1.5,0.9,5,1.1283042759399375,0.10232095626723708
12,tweedie_direct_multilead_regression,full,1.5,0.8,5,1.1285790191122889,0.1035698413300334
12,tweedie_direct_multilead_regression,full,1.5,0.78,5,1.1286444099966435,0.1038321507349068
12,tweedie_direct_multilead_regression,full,1.5,0.75,5,1.1287380249550814,0.10424687624936096
12,tweedie_direct_multilead_regression,full,1.5,0.73,5,1.1288043076604761,0.10453193317867332
12,tweedie_direct_multilead_regression,full,1.5,0.7,5,1.1289146744052476,0.10496960719117919
12,tweedie_direct_multilead_regression,reduced,1.5,0.8,5,1.128994635319696,0.10021803987360059
12,tweedie_direct_multilead_regression,reduced,1.5,0.78,5,1.1292614200669409,0.10063446132240804
12,tweedie_direct_multilead_regression,full,1.5,0.6,5,1.129306151727024,0.10656226277011475
12,tweedie_direct_multilead_regression,reduced,1.5,0.75,5,1.1296848049577148,0.10128851172352682
12,tweedie_direct_multilead_regression,full,1.5,0.5,5,1.1297711482882222,0.10831527674834067
12,tweedie_direct_multilead_regression,reduced,1.5,0.73,5,1.1299837586388555,0.1017472637752944
12,tweedie_direct_multilead_regression,reduced,1.5,0.7,5,1.1304592073898392,0.10247325348555142
12,tweedie_direct_multilead_regression,full,1.5,0.4,5,1.1307520244285016,0.10997571471489043
12,tweedie_direct_multilead_regression,reduced,1.3,0.2,5,1.131797764219919,0.1051158576934108
12,tweedie_direct_multilead_regression,full,1.3,0.1,5,1.1322062283854493,0.11024122897569473
12,tweedie_direct_multilead_regression,reduced,1.5,0.6,5,1.132269658082802,0.10511362902904889
12,tweedie_direct_multilead_regression,reduced,1.2,0.1,5,1.1324819538231592,0.10770128534823556
12,tweedie_direct_multilead_regression,full,1.7,1.0,5,1.1328952204573217,0.11129673962298423
12,tweedie_direct_multilead_regression,full,1.5,0.3,5,1.1329932351985672,0.11056536323734366
12,tweedie_direct_multilead_regression,full,1.7,0.9,5,1.133936416812308,0.11151346221861556
12,tweedie_direct_multilead_regression,reduced,1.5,0.5,5,1.1348224961157487,0.1084729871454695
12,tweedie_direct_multilead_regression,full,1.7,0.8,5,1.1353702488029067,0.11151082815510582
12,tweedie_direct_multilead_regression,full,1.7,0.78,5,1.1356871287409758,0.11145071858555976
12,tweedie_direct_multilead_regression,full,1.7,0.75,5,1.1362346441677211,0.11135812155893443
12,tweedie_direct_multilead_regression,full,1.7,0.73,5,1.1366227493270726,0.11128128959574884
12,tweedie_direct_multilead_regression,full,1.7,0.7,5,1.1372444771118406,0.11114328708251049
12,tweedie_direct_multilead_regression,reduced,1.5,0.4,5,1.1384655119149225,0.11231976995083752
12,tweedie_direct_multilead_regression,full,1.5,0.2,5,1.1385327569596204,0.10980594808815142
12,tweedie_direct_multilead_regression,full,1.7,0.6,5,1.140026011518091,0.1102547291425543
12,tweedie_direct_multilead_regression,full,1.05,0.01,5,1.1406366552386542,0.10319958193788453
12,tweedie_direct_multilead_regression,reduced,1.7,1.0,5,1.1426466737295133,0.11536560995566249
12,tweedie_direct_multilead_regression,reduced,1.3,0.1,5,1.1434687881895995,0.11586717459245925
12,tweedie_direct_multilead_regression,full,1.7,0.5,5,1.1441465419052466,0.10858997135326172
12,tweedie_direct_multilead_regression,reduced,1.5,0.3,5,1.144459241744475,0.11631093263827097
12,tweedie_direct_multilead_regression,reduced,1.7,0.9,5,1.1450396818303854,0.11670495591798924
12,tweedie_direct_multilead_regression,reduced,1.7,0.8,5,1.147941284058533,0.11799901909071754
12,tweedie_direct_multilead_regression,reduced,1.7,0.78,5,1.14857833206734,0.11825051364825533
12,tweedie_direct_multilead_regression,reduced,1.7,0.75,5,1.149613724657332,0.11862080700338838
12,tweedie_direct_multilead_regression,reduced,1.7,0.73,5,1.1503478111846435,0.11885970505681215
12,tweedie_direct_multilead_regression,full,1.1,0.01,5,1.150356607991442,0.10344192735009308
12,tweedie_direct_multilead_regression,full,1.7,0.4,5,1.1509962910054985,0.10619945858503742
12,tweedie_direct_multilead_regression,reduced,1.7,0.7,5,1.1515263837083591,0.11919516933142804
12,tweedie_direct_multilead_regression,reduced,1.5,0.2,5,1.1551324284718147,0.11923165970934982
12,tweedie_direct_multilead_regression,reduced,1.7,0.6,5,1.1564737658476818,0.11987522016268302
12,tweedie_direct_multilead_regression,full,1.5,0.1,5,1.1578468897841625,0.10430442211908328
12,tweedie_direct_multilead_regression,full,1.9,1.0,5,1.1627611038426529,0.1054193686198375
12,tweedie_direct_multilead_regression,reduced,1.7,0.5,5,1.1628985440869424,0.12059745597432564
12,tweedie_direct_multilead_regression,full,1.7,0.3,5,1.162899768874651,0.10479409975442176
12,tweedie_direct_multilead_regression,reduced,1.05,0.01,5,1.1642894880919141,0.11958629075804658
12,tweedie_direct_multilead_regression,full,1.9,0.9,5,1.1686320394126235,0.10588432067387218
12,tweedie_direct_multilead_regression,full,1.2,0.01,5,1.1717521892021288,0.10747224516568284
12,tweedie_direct_multilead_regression,reduced,1.7,0.4,5,1.1724800230127106,0.12000260148530136
12,tweedie_direct_multilead_regression,full,1.9,0.8,5,1.1757017161117538,0.10792397805526971
12,tweedie_direct_multilead_regression,reduced,1.1,0.01,5,1.1758067549320146,0.12026995658721286
12,tweedie_direct_multilead_regression,full,1.9,0.78,5,1.177302830469714,0.10858059723242183
12,tweedie_direct_multilead_regression,full,1.9,0.75,5,1.1797983356422832,0.10978780877892078
12,tweedie_direct_multilead_regression,full,1.9,0.73,5,1.1816126039277517,0.11080113749935608
12,tweedie_direct_multilead_regression,reduced,1.5,0.1,5,1.1826684960280307,0.12069533911399226
12,tweedie_direct_multilead_regression,full,1.7,0.2,5,1.1839106519471563,0.1127571442723212
12,tweedie_direct_multilead_regression,full,1.9,0.7,5,1.1843952773318835,0.11250026047708298
12,tweedie_direct_multilead_regression,reduced,1.9,1.0,5,1.1864586331778395,0.11978124514641299
12,tweedie_direct_multilead_regression,reduced,1.7,0.3,5,1.1876261083481445,0.12034513171363515
12,tweedie_direct_multilead_regression,full,1.7,0.0,5,1.1897443796863303,0.09490361614061658
12,tweedie_direct_multilead_regression,reduced,1.9,0.9,5,1.1934145929523496,0.12046123744656514
12,tweedie_direct_multilead_regression,full,1.9,0.6,5,1.1952899690995993,0.12117432514484892
12,tweedie_direct_multilead_regression,full,1.3,0.01,5,1.1978222339197564,0.12392327034529166
12,tweedie_direct_multilead_regression,full,1.05,0.001,5,1.1983274531725212,0.12177837762019711
12,tweedie_direct_multilead_regression,reduced,1.9,0.8,5,1.2016270414084143,0.12235664048101397
12,tweedie_direct_multilead_regression,reduced,1.2,0.01,5,1.2019066474804492,0.12678173480935728
12,tweedie_direct_multilead_regression,full,1.9,0.5,5,1.203219168312892,0.12901986943994947
12,tweedie_direct_multilead_regression,reduced,1.9,0.78,5,1.2034831245654798,0.12296516331108077
12,tweedie_direct_multilead_regression,full,1.1,0.001,5,1.205624934978235,0.12636845566206906
12,tweedie_direct_multilead_regression,full,1.2,0.0,5,1.2059844090750453,0.12068979412277206
12,tweedie_direct_multilead_regression,reduced,1.9,0.75,5,1.2063922349340142,0.12403572793898002
12,tweedie_direct_multilead_regression,reduced,1.9,0.73,5,1.208420952901059,0.12488895502970906
12,tweedie_direct_multilead_regression,full,1.7,0.1,5,1.2104587040514059,0.13644182511290834
12,tweedie_direct_multilead_regression,full,1.9,0.1,5,1.2104888529100424,0.12942037999100614
12,tweedie_direct_multilead_regression,full,1.9,0.4,5,1.2105146416189114,0.13666309137627763
12,tweedie_direct_multilead_regression,reduced,1.9,0.7,5,1.2115975509313113,0.12639429801304655
12,tweedie_direct_multilead_regression,reduced,1.7,0.2,5,1.2122960174007542,0.12820373057298576
12,tweedie_direct_multilead_regression,full,1.3,0.001,5,1.2137655919122146,0.12680497862296122
12,tweedie_direct_multilead_regression,full,1.7,0.01,5,1.2144008578568741,0.12326462788300253
12,tweedie_direct_multilead_regression,full,1.05,0.0,5,1.215918913322027,0.1335281905245327
12,tweedie_direct_multilead_regression,reduced,1.2,0.0,5,1.2202218175476829,0.1515650860385432
12,tweedie_direct_multilead_regression,full,1.9,0.01,5,1.2223872902348978,0.1169768707749578
12,tweedie_direct_multilead_regression,reduced,1.9,0.6,5,1.2235367488545144,0.1338085270097895
12,tweedie_direct_multilead_regression,full,1.2,0.001,5,1.2235423122932696,0.14483194446266315
12,tweedie_direct_multilead_regression,reduced,1.3,0.01,5,1.2273800133718118,0.14092503149889618
12,tweedie_direct_multilead_regression,full,1.9,0.3,5,1.227812377848934,0.1584443264873797
12,tweedie_direct_multilead_regression,full,1.5,0.001,5,1.2280678615775964,0.11816355947706464
12,tweedie_direct_multilead_regression,full,1.9,0.2,5,1.229935942255684,0.15772707874226877
12,tweedie_direct_multilead_regression,full,1.1,0.0,5,1.2308901376849364,0.15124007512276488
12,tweedie_direct_multilead_regression,reduced,1.9,0.5,5,1.2317288360414902,0.140567381121208
12,tweedie_direct_multilead_regression,full,1.5,0.01,5,1.2320746523920367,0.15513300563792612
12,tweedie_direct_multilead_regression,reduced,1.3,0.001,5,1.2324162062303992,0.15667757058406073
12,tweedie_direct_multilead_regression,reduced,1.05,0.001,5,1.2332649778315103,0.1435913134227377
12,tweedie_direct_multilead_regression,reduced,1.7,0.01,5,1.235634966650168,0.1602241391830731
12,tweedie_direct_multilead_regression,reduced,1.9,0.1,5,1.236440467117576,0.14849316424587605
12,tweedie_direct_multilead_regression,reduced,1.3,0.0,5,1.2367226815058872,0.17024017459033877
12,tweedie_direct_multilead_regression,reduced,1.1,0.001,5,1.2381915326006614,0.14580809456228935
12,tweedie_direct_multilead_regression,reduced,1.9,0.01,5,1.2402216664814263,0.17042732546835007
12,tweedie_direct_multilead_regression,full,1.9,0.0,5,1.240293643765898,0.08774151250431474
12,tweedie_direct_multilead_regression,reduced,1.9,0.4,5,1.240588141689801,0.14854443638014722
12,tweedie_direct_multilead_regression,reduced,1.7,0.1,5,1.2413771737923542,0.1508138509294908
12,tweedie_direct_multilead_regression,reduced,1.5,0.001,5,1.2452161108184092,0.16840562604975706
12,tweedie_direct_multilead_regression,reduced,1.05,0.0,5,1.2504327402484976,0.15393026729397033
12,tweedie_direct_multilead_regression,reduced,1.2,0.001,5,1.252925473841546,0.16457846521437855
12,tweedie_direct_multilead_regression,full,1.7,0.001,5,1.2548345526690245,0.12476465198128184
12,tweedie_direct_multilead_regression,reduced,1.5,0.01,5,1.2560647025736493,0.167302542074969
12,tweedie_direct_multilead_regression,reduced,1.9,0.2,5,1.2574072844175195,0.16467837070482816
12,tweedie_direct_multilead_regression,reduced,1.1,0.0,5,1.2574691608470328,0.1667695738476758
12,tweedie_direct_multilead_regression,reduced,1.9,0.3,5,1.2587541037161238,0.1679669619124579
12,tweedie_direct_multilead_regression,reduced,1.7,0.0,5,1.2603569426563368,0.17536898867517964
12,tweedie_direct_multilead_regression,reduced,1.7,0.001,5,1.2640480751059078,0.17612247697207906
12,tweedie_direct_multilead_regression,full,1.3,0.0,5,1.2655176452408545,0.15770253157362701
12,tweedie_direct_multilead_regression,reduced,1.9,0.0,5,1.2660952625915343,0.17058515872196733
12,tweedie_direct_multilead_regression,reduced,1.9,0.001,5,1.2860876694057095,0.17821442224709455
12,tweedie_direct_multilead_regression,full,1.5,0.0,5,1.2963436883899395,0.15788518880201385
12,tweedie_direct_multilead_regression,full,1.9,0.001,5,1.303342785027168,0.1423166467634446
12,tweedie_direct_multilead_regression,reduced,1.5,0.0,5,1.308541067446019,0.19256174980504714
13,tweedie_direct_multilead_regression,full,1.05,0.3,5,1.4187404251999935,0.3632836181185479
13,tweedie_direct_multilead_regression,full,1.05,0.2,5,1.4188368783069685,0.363631781701323
13,tweedie_direct_multilead_regression,full,1.1,0.3,5,1.419868536748269,0.3634088141074073
13,tweedie_direct_multilead_regression,full,1.05,0.4,5,1.419902942532896,0.3622383102268869
13,tweedie_direct_multilead_regression,full,1.1,0.4,5,1.4199608321127966,0.3625884725378361
13,tweedie_direct_multilead_regression,reduced,1.05,0.1,5,1.4203395443819151,0.3713237106938831
13,tweedie_direct_multilead_regression,full,1.1,0.2,5,1.4208142447391754,0.3632260091234332
13,tweedie_direct_multilead_regression,full,1.1,0.5,5,1.4208425948716816,0.36161624766257294
13,tweedie_direct_multilead_regression,reduced,1.05,0.2,5,1.4209428900795364,0.37472758908193493
13,tweedie_direct_multilead_regression,full,1.05,0.5,5,1.4211432271379778,0.3611065777623672
13,tweedie_direct_multilead_regression,reduced,1.1,0.2,5,1.421300638673613,0.3749521770677466
13,tweedie_direct_multilead_regression,full,1.2,0.5,5,1.4218481752127359,0.36247461239683976
13,tweedie_direct_multilead_regression,full,1.2,0.4,5,1.4219830256662598,0.3629674797417876
13,tweedie_direct_multilead_regression,full,1.1,0.6,5,1.4220112714747866,0.3607211925593052
13,tweedie_direct_multilead_regression,full,1.2,0.6,5,1.4221610086904835,0.36175944027790496
13,tweedie_direct_multilead_regression,reduced,1.1,0.1,5,1.422534161652941,0.3695791948102368
13,tweedie_direct_multilead_regression,full,1.05,0.6,5,1.4225435184274042,0.36008424302413905
13,tweedie_direct_multilead_regression,full,1.2,0.7,5,1.4226339136128345,0.36104022345500025
13,tweedie_direct_multilead_regression,full,1.2,0.3,5,1.422750959766145,0.36306521286967874
13,tweedie_direct_multilead_regression,full,1.2,0.73,5,1.4228315682217803,0.3608195219833809
13,tweedie_direct_multilead_regression,full,1.2,0.75,5,1.4229627357347583,0.3606728278703238
13,tweedie_direct_multilead_regression,full,1.1,0.7,5,1.4230525911960406,0.3597851755665162
13,tweedie_direct_multilead_regression,full,1.2,0.78,5,1.4232032862923436,0.36046866977554376
13,tweedie_direct_multilead_regression,full,1.2,0.8,5,1.4233811606194622,0.36034153849366923
13,tweedie_direct_multilead_regression,full,1.1,0.73,5,1.423427595139883,0.359556653784755
13,tweedie_direct_multilead_regression,full,1.05,0.7,5,1.4236144947259537,0.35911753771592353
13,tweedie_direct_multilead_regression,full,1.1,0.75,5,1.423650804896155,0.3594011630563292
13,tweedie_direct_multilead_regression,reduced,1.2,0.2,5,1.4236715767439587,0.37406378791257616
13,tweedie_direct_multilead_regression,full,1.05,0.1,5,1.42371891053149,0.36044243107082413
13,tweedie_direct_multilead_regression,reduced,1.1,0.3,5,1.4237580142443111,0.3735243675759534
13,tweedie_direct_multilead_regression,full,1.3,0.7,5,1.4238371791226923,0.3620566180614081
13,tweedie_direct_multilead_regression,full,1.3,0.75,5,1.4238475194785487,0.36177215719955597
13,tweedie_direct_multilead_regression,full,1.3,0.78,5,1.4238480677885528,0.3615891136197984
13,tweedie_direct_multilead_regression,full,1.05,0.73,5,1.4238532571855729,0.358826845471113
13,tweedie_direct_multilead_regression,full,1.3,0.73,5,1.42385696857957,0.3618920278681918
13,tweedie_direct_multilead_regression,reduced,1.2,0.3,5,1.4239093495162876,0.37525182461314177
13,tweedie_direct_multilead_regression,full,1.1,0.78,5,1.4239178442014848,0.35915343279639456
13,tweedie_direct_multilead_regression,full,1.3,0.8,5,1.4239484120805348,0.36149270163971947
13,tweedie_direct_multilead_regression,full,1.2,0.9,5,1.4239678917087033,0.35958950421548896
13,tweedie_direct_multilead_regression,full,1.3,0.6,5,1.42398135731231,0.3625418170819572
13,tweedie_direct_multilead_regression,full,1.05,0.75,5,1.4240472075595458,0.3586562003603919
13,tweedie_direct_multilead_regression,full,1.1,0.8,5,1.4240575777741937,0.3589828848793497
13,tweedie_direct_multilead_regression,full,1.3,0.9,5,1.4241118292173973,0.3608711282874246
13,tweedie_direct_multilead_regression,full,1.05,0.78,5,1.4243285488455821,0.3584245605873311
13,tweedie_direct_multilead_regression,reduced,1.05,0.3,5,1.4243353672512775,0.37218413679992546
13,tweedie_direct_multilead_regression,full,1.3,1.0,5,1.4244691352795549,0.36029351202844273
13,tweedie_direct_multilead_regression,full,1.2,1.0,5,1.4244895606187438,0.3589477817097188
13,tweedie_direct_multilead_regression,full,1.05,0.8,5,1.4245086112664933,0.3582786110559625
13,tweedie_direct_multilead_regression,full,1.3,0.5,5,1.4245341494230899,0.36286290394076265
13,tweedie_direct_multilead_regression,full,1.1,0.9,5,1.4247157350072732,0.35828373337580205
13,tweedie_direct_multilead_regression,full,1.05,0.9,5,1.4254380374898676,0.3574504304031662
13,tweedie_direct_multilead_regression,reduced,1.2,0.4,5,1.4254604084718245,0.3738786552272368
13,tweedie_direct_multilead_regression,full,1.1,1.0,5,1.4255201783423694,0.35752740882148787
13,tweedie_direct_multilead_regression,full,1.3,0.4,5,1.4256978248539665,0.3627877627975415
13,tweedie_direct_multilead_regression,full,1.2,0.2,5,1.4258075437057847,0.361574295014469
13,tweedie_direct_multilead_regression,reduced,1.3,0.4,5,1.426140680493495,0.37563589919236884
13,tweedie_direct_multilead_regression,full,1.05,1.0,5,1.4263047839575766,0.35671320302974685
13,tweedie_direct_multilead_regression,reduced,1.3,0.3,5,1.426324871756194,0.3751974881035147
13,tweedie_direct_multilead_regression,reduced,1.1,0.4,5,1.4265051674352514,0.3709324977414772
13,tweedie_direct_multilead_regression,full,1.1,0.1,5,1.4270260661811875,0.3591607650559444
13,tweedie_direct_multilead_regression,reduced,1.3,0.5,5,1.42703405666591,0.3747832757981304
13,tweedie_direct_multilead_regression,reduced,1.2,0.5,5,1.427350977582273,0.3720096761925811
13,tweedie_direct_multilead_regression,reduced,1.05,0.4,5,1.4275782743539653,0.3691062990815457
13,tweedie_direct_multilead_regression,full,1.3,0.3,5,1.428101886017339,0.36189510416767995
13,tweedie_direct_multilead_regression,reduced,1.3,0.6,5,1.4282406289166367,0.3734444849191273
13,tweedie_direct_multilead_regression,reduced,1.1,0.5,5,1.4289699300227996,0.3682946558249617
13,tweedie_direct_multilead_regression,reduced,1.2,0.6,5,1.4291346502955347,0.37001004000724325
13,tweedie_direct_multilead_regression,reduced,1.3,0.7,5,1.429509438193033,0.37198518638140254
13,tweedie_direct_multilead_regression,reduced,1.3,0.2,5,1.4296316835870733,0.37188831837495273
13,tweedie_direct_multilead_regression,reduced,1.3,0.73,5,1.4298793648216719,0.3715383806847422
13,tweedie_direct_multilead_regression,reduced,1.2,0.1,5,1.4299658447993666,0.36550112983943217
13,tweedie_direct_multilead_regression,reduced,1.05,0.5,5,1.4300635588335069,0.36620287818826786
13,tweedie_direct_multilead_regression,full,1.5,1.0,5,1.4301188072376558,0.36270033719237976
13,tweedie_direct_multilead_regression,reduced,1.3,0.75,5,1.4301240327405165,0.37123752291054696
13,tweedie_direct_multilead_regression,reduced,1.3,0.78,5,1.4304863494899318,0.3707862297314767
13,tweedie_direct_multilead_regression,reduced,1.3,0.8,5,1.4307229872624503,0.37048752947549457
13,tweedie_direct_multilead_regression,reduced,1.2,0.7,5,1.4307818290355285,0.36799403769659633
13,tweedie_direct_multilead_regression,full,1.5,0.9,5,1.4308511847017178,0.36287652202948883
13,tweedie_direct_multilead_regression,reduced,1.1,0.6,5,1.4310632050642806,0.365943620227332
13,tweedie_direct_multilead_regression,reduced,1.2,0.73,5,1.4312183176975117,0.3674479274034509
13,tweedie_direct_multilead_regression,reduced,1.2,0.75,5,1.4314981182009892,0.3670928777310306
13,tweedie_direct_multilead_regression,reduced,1.3,0.9,5,1.431847604697302,0.36903465354605985
13,tweedie_direct_multilead_regression,reduced,1.2,0.78,5,1.4319043529098412,0.3665743492903558
13,tweedie_direct_multilead_regression,full,1.5,0.8,5,1.4319276823637908,0.3629754711510973
13,tweedie_direct_multilead_regression,reduced,1.05,0.6,5,1.4320360094403017,0.3637776214478431
13,tweedie_direct_multilead_regression,reduced,1.2,0.8,5,1.4321167005224669,0.3662189588778267
13,tweedie_direct_multilead_regression,full,1.5,0.78,5,1.4321496309035382,0.3629694152625482
13,tweedie_direct_multilead_regression,reduced,1.5,0.8,5,1.4323470639718408,0.3769339379115077
13,tweedie_direct_multilead_regression,reduced,1.5,0.78,5,1.432379715297293,0.37704982991933583
13,tweedie_direct_multilead_regression,reduced,1.5,0.9,5,1.4323860156227697,0.3762412527461092
13,tweedie_direct_multilead_regression,reduced,1.5,0.75,5,1.432456366577426,0.37720968750269396
13,tweedie_direct_multilead_regression,full,1.5,0.75,5,1.432468903007329,0.3629350604091315
13,tweedie_direct_multilead_regression,reduced,1.5,0.73,5,1.4325317132675026,0.3772990477236971
13,tweedie_direct_multilead_regression,reduced,1.5,1.0,5,1.4326458847031724,0.375444462734526
13,tweedie_direct_multilead_regression,reduced,1.1,0.7,5,1.432664512841825,0.3638961154690412
13,tweedie_direct_multilead_regression,reduced,1.5,0.7,5,1.43268240396327,0.3774240771918743
13,tweedie_direct_multilead_regression,full,1.5,0.73,5,1.4327366009021172,0.36290994412882444
13,tweedie_direct_multilead_regression,reduced,1.3,1.0,5,1.432871270105406,0.36766937176363496
13,tweedie_direct_multilead_regression,reduced,1.1,0.73,5,1.4330946017771033,0.36334827238229245
13,tweedie_direct_multilead_regression,full,1.3,0.2,5,1.4331080101612543,0.3591435340637135
13,tweedie_direct_multilead_regression,full,1.5,0.7,5,1.4331815714204024,0.36285737963849807
13,tweedie_direct_multilead_regression,reduced,1.2,0.9,5,1.4332548631229443,0.36475220715802426
13,tweedie_direct_multilead_regression,reduced,1.1,0.75,5,1.4333671360127684,0.3629965036500645
13,tweedie_direct_multilead_regression,reduced,1.05,0.7,5,1.4335260133939136,0.36174631048427247
13,tweedie_direct_multilead_regression,reduced,1.5,0.6,5,1.4336511775334002,0.37755349752540435
13,tweedie_direct_multilead_regression,reduced,1.1,0.78,5,1.4337564666355576,0.36248798002739696
13,tweedie_direct_multilead_regression,reduced,1.05,0.73,5,1.4339370803240967,0.36121407897617586
13,tweedie_direct_multilead_regression,reduced,1.1,0.8,5,1.4340028523528947,0.3621622569567667
13,tweedie_direct_multilead_regression,reduced,1.05,0.75,5,1.43419801229584,0.3608739727173473
13,tweedie_direct_multilead_regression,reduced,1.2,1.0,5,1.4342872946492018,0.36336624220517905
13,tweedie_direct_multilead_regression,full,1.2,0.1,5,1.4344439917223437,0.3554976001034197
13,tweedie_direct_multilead_regression,reduced,1.05,0.78,5,1.4345713779776574,0.36038380166163564
13,tweedie_direct_multilead_regression,reduced,1.05,0.8,5,1.434808615388706,0.36007036991915353
13,tweedie_direct_multilead_regression,full,1.5,0.6,5,1.434982546328498,0.362463447654815
13,tweedie_direct_multilead_regression,reduced,1.1,0.9,5,1.4351078071148224,0.36066530546035586
13,tweedie_direct_multilead_regression,reduced,1.5,0.5,5,1.4356150025182548,0.3771101814592141
13,tweedie_direct_multilead_regression,reduced,1.05,0.9,5,1.4358379564953645,0.358622315749944
13,tweedie_direct_multilead_regression,reduced,1.1,1.0,5,1.4360433807195494,0.35935638436474204
13,tweedie_direct_multilead_regression,reduced,1.05,1.0,5,1.4366810366033176,0.3573418051542291
13,tweedie_direct_multilead_regression,full,1.5,0.5,5,1.4375299574815246,0.3616711135491384
13,tweedie_direct_multilead_regression,reduced,1.5,0.4,5,1.4390193236310158,0.3755658981030185
13,tweedie_direct_multilead_regression,full,1.5,0.4,5,1.4410967688755005,0.3601617242561841
13,tweedie_direct_multilead_regression,reduced,1.3,0.1,5,1.4418258616639616,0.36056796491462384
13,tweedie_direct_multilead_regression,full,1.3,0.1,5,1.4442401090693853,0.35190303576441767
13,tweedie_direct_multilead_regression,reduced,1.5,0.3,5,1.4450462984431507,0.3721865044316076
13,tweedie_direct_multilead_regression,full,1.5,0.3,5,1.4461141314152137,0.357516795305939
13,tweedie_direct_multilead_regression,full,1.7,1.0,5,1.4468145223148685,0.36365041529939196
13,tweedie_direct_multilead_regression,reduced,1.7,1.0,5,1.4470233007311695,0.3825043927213869
13,tweedie_direct_multilead_regression,full,1.7,0.9,5,1.4488544318648455,0.36312225067600656
13,tweedie_direct_multilead_regression,reduced,1.7,0.9,5,1.4493266181449695,0.3825086474584681
13,tweedie_direct_multilead_regression,full,1.7,0.8,5,1.451308429574369,0.3624360256637138
13,tweedie_direct_multilead_regression,full,1.7,0.78,5,1.4518886349783249,0.3622738317476909
13,tweedie_direct_multilead_regression,reduced,1.7,0.8,5,1.4522926472036715,0.3822462223918987
13,tweedie_direct_multilead_regression,full,1.7,0.75,5,1.4527423023013504,0.3620466272222353
13,tweedie_direct_multilead_regression,reduced,1.7,0.78,5,1.4529727478710528,0.38214369376012536
13,tweedie_direct_multilead_regression,full,1.7,0.73,5,1.4533914367153578,0.36181904357100647
13,tweedie_direct_multilead_regression,reduced,1.7,0.75,5,1.4540658140010518,0.3819579120794977
13,tweedie_direct_multilead_regression,full,1.7,0.7,5,1.454345784979689,0.36149078625523473
13,tweedie_direct_multilead_regression,full,1.5,0.2,5,1.4544962280381715,0.3528824401082643
13,tweedie_direct_multilead_regression,reduced,1.7,0.73,5,1.4548382469366392,0.381809827433318
13,tweedie_direct_multilead_regression,reduced,1.05,0.01,5,1.4552725736626493,0.330194452787275
13,tweedie_direct_multilead_regression,reduced,1.7,0.7,5,1.4560793414844038,0.38154403316471336
13,tweedie_direct_multilead_regression,reduced,1.5,0.2,5,1.4564397929087707,0.36490328593730453
13,tweedie_direct_multilead_regression,full,1.7,0.6,5,1.4581321824975348,0.36020313231297496
13,tweedie_direct_multilead_regression,full,1.05,0.01,5,1.4601372537471211,0.33408791117843545
13,tweedie_direct_multilead_regression,reduced,1.7,0.6,5,1.4609901149668123,0.3801637569658311
13,tweedie_direct_multilead_regression,full,1.7,0.5,5,1.4629483224771114,0.35846301663895735
13,tweedie_direct_multilead_regression,reduced,1.1,0.01,5,1.4645210035596197,0.3264394804711621
13,tweedie_direct_multilead_regression,full,1.1,0.01,5,1.4664436698021965,0.3321860205163425
13,tweedie_direct_multilead_regression,reduced,1.7,0.5,5,1.4672247159247112,0.3774476322782203
13,tweedie_direct_multilead_regression,full,1.7,0.4,5,1.4689422057824513,0.3557272207296657
13,tweedie_direct_multilead_regression,full,1.5,0.1,5,1.4711131888914564,0.3423126708103853
13,tweedie_direct_multilead_regression,full,1.9,0.4,5,1.4715308998473848,0.3149732980661426
13,tweedie_direct_multilead_regression,full,1.9,0.5,5,1.4722414087795355,0.3266703797671814
13,tweedie_direct_multilead_regression,reduced,1.9,0.78,5,1.472589419413676,0.3600950086522483
13,tweedie_direct_multilead_regression,reduced,1.9,0.75,5,1.4725895936676465,0.35727883095820806
13,tweedie_direct_multilead_regression,reduced,1.9,0.8,5,1.472603447938815,0.3618783265812757
13,tweedie_direct_multilead_regression,reduced,1.9,0.73,5,1.4726096708626957,0.35529671144224506
13,tweedie_direct_multilead_regression,reduced,1.9,0.7,5,1.4726984552527256,0.35215134141729765
13,tweedie_direct_multilead_regression,reduced,1.9,0.9,5,1.4728104792852421,0.3697352970711885
13,tweedie_direct_multilead_regression,full,1.9,0.3,5,1.472816534301076,0.3005914881931602
13,tweedie_direct_multilead_regression,reduced,1.9,1.0,5,1.4729186555931792,0.37613466723616085
13,tweedie_direct_multilead_regression,reduced,1.9,0.6,5,1.4737959198301034,0.34021865856346895
13,tweedie_direct_multilead_regression,full,1.9,0.6,5,1.4738722487600486,0.3365384052941261
13,tweedie_direct_multilead_regression,reduced,1.7,0.4,5,1.4746594310706889,0.37207276272382583
13,tweedie_direct_multilead_regression,full,1.7,0.3,5,1.4754328689260137,0.34999677122657363
13,tweedie_direct_multilead_regression,full,1.9,0.7,5,1.4755300007182233,0.34490591662721826
13,tweedie_direct_multilead_regression,full,1.9,0.73,5,1.475899388408081,0.3471024081675002
13,tweedie_direct_multilead_regression,full,1.9,1.0,5,1.4759974709959736,0.3604567729506181
13,tweedie_direct_multilead_regression,full,1.9,0.75,5,1.4761073871893653,0.3484841394272765
13,tweedie_direct_multilead_regression,full,1.9,0.78,5,1.476362424116716,0.35043518144058705
13,tweedie_direct_multilead_regression,full,1.9,0.8,5,1.47647583831223,0.35164365509627615
13,tweedie_direct_multilead_regression,full,1.9,0.9,5,1.4765428261891276,0.3567197805923998
13,tweedie_direct_multilead_regression,reduced,1.9,0.5,5,1.4767101104240627,0.32566285097713815
13,tweedie_direct_multilead_regression,full,1.9,0.2,5,1.4770422943811405,0.28263471371305626
13,tweedie_direct_multilead_regression,full,1.2,0.01,5,1.4780589280752252,0.32628233999733264
13,tweedie_direct_multilead_regression,reduced,1.5,0.1,5,1.479353242151054,0.34616667063496426
13,tweedie_direct_multilead_regression,full,1.7,0.2,5,1.4804166134110113,0.337344271608256
13,tweedie_direct_multilead_regression,full,1.7,0.1,5,1.4811036061761196,0.310054376812327
13,tweedie_direct_multilead_regression,reduced,1.2,0.01,5,1.4814235097669566,0.31918576671836024
13,tweedie_direct_multilead_regression,reduced,1.9,0.4,5,1.4824402062786604,0.30747516440642975
13,tweedie_direct_multilead_regression,reduced,1.7,0.3,5,1.4825368463683897,0.3610081631168671
13,tweedie_direct_multilead_regression,full,1.3,0.01,5,1.4843761116183845,0.3167300172408082
13,tweedie_direct_multilead_regression,full,1.9,0.1,5,1.4849416354029414,0.2608979958518483
13,tweedie_direct_multilead_regression,reduced,1.05,0.001,5,1.4867643798207926,0.311719203011986
13,tweedie_direct_multilead_regression,reduced,1.1,0.001,5,1.4874189273737741,0.3071306550896771
13,tweedie_direct_multilead_regression,reduced,1.05,0.0,5,1.4887154276844248,0.28306891446612936
13,tweedie_direct_multilead_regression,full,1.5,0.01,5,1.4896625921715434,0.2901444500204399
13,tweedie_direct_multilead_regression,reduced,1.2,0.001,5,1.4896973713318755,0.29507198183065514
13,tweedie_direct_multilead_regression,reduced,1.7,0.2,5,1.4910011470302844,0.338180476512174
13,tweedie_direct_multilead_regression,reduced,1.3,0.01,5,1.4919197106351703,0.3078141456376431
13,tweedie_direct_multilead_regression,reduced,1.9,0.3,5,1.4924380224772342,0.28437407346499943
13,tweedie_direct_multilead_regression,full,1.2,0.001,5,1.4928901344325307,0.2742017485099238
13,tweedie_direct_multilead_regression,full,1.3,0.001,5,1.4941257543052338,0.2572647571648626
13,tweedie_direct_multilead_regression,reduced,1.3,0.001,5,1.4948570890374264,0.2771149062645737
13,tweedie_direct_multilead_regression,full,1.05,0.001,5,1.494924689573007,0.3003101755123505
13,tweedie_direct_multilead_regression,full,1.1,0.001,5,1.4957215780232762,0.2919827093208659
13,tweedie_direct_multilead_regression,full,1.7,0.01,5,1.4962403029984006,0.26045059381638186
13,tweedie_direct_multilead_regression,reduced,1.7,0.1,5,1.500196165868664,0.294261400048061
13,tweedie_direct_multilead_regression,reduced,1.1,0.0,5,1.5002941310419788,0.27518148650874447
13,tweedie_direct_multilead_regression,reduced,1.5,0.01,5,1.5023597321062996,0.2705155855404505
13,tweedie_direct_multilead_regression,reduced,1.9,0.2,5,1.5089574612464614,0.25447594469467527
13,tweedie_direct_multilead_regression,full,1.9,0.01,5,1.5180070136551398,0.23209542285244544
13,tweedie_direct_multilead_regression,reduced,1.5,0.001,5,1.5207036755046461,0.23228712826163714
13,tweedie_direct_multilead_regression,full,1.9,0.0,5,1.531465302654933,0.3659167880601279
13,tweedie_direct_multilead_regression,full,1.5,0.001,5,1.5347173071941458,0.24123957913094626
13,tweedie_direct_multilead_regression,reduced,1.7,0.01,5,1.5364220451513095,0.21851070369713382
13,tweedie_direct_multilead_regression,reduced,1.9,0.1,5,1.540701553774777,0.22056694699029825
13,tweedie_direct_multilead_regression,full,1.3,0.0,5,1.5610229227603862,0.272508821031136
13,tweedie_direct_multilead_regression,full,1.1,0.0,5,1.573960255774345,0.2721626380792664
13,tweedie_direct_multilead_regression,full,1.2,0.0,5,1.575330465385432,0.24990359519338548
13,tweedie_direct_multilead_regression,full,1.05,0.0,5,1.575394076296669,0.2735303103611851
13,tweedie_direct_multilead_regression,full,1.7,0.001,5,1.5763135337038259,0.25309252421174216
13,tweedie_direct_multilead_regression,full,1.5,0.0,5,1.5767170171392324,0.2913445820528236
13,tweedie_direct_multilead_regression,reduced,1.7,0.001,5,1.5826462268938246,0.2423001501701885
13,tweedie_direct_multilead_regression,full,1.7,0.0,5,1.5846741391846766,0.3127379840307305
13,tweedie_direct_multilead_regression,reduced,1.9,0.01,5,1.6167009207475886,0.2314336079576762
13,tweedie_direct_multilead_regression,full,1.9,0.001,5,1.630535194689377,0.20046723331376254
13,tweedie_direct_multilead_regression,reduced,1.9,0.001,5,1.635038349446606,0.2966660705706923
13,tweedie_direct_multilead_regression,reduced,1.2,0.0,5,1.6414575018447028,0.31181406149020763
13,tweedie_direct_multilead_regression,reduced,1.3,0.0,5,1.6531537644553587,0.3055142265820828
13,tweedie_direct_multilead_regression,reduced,1.5,0.0,5,1.6595455199387321,0.29713759942621293
13,tweedie_direct_multilead_regression,reduced,1.9,0.0,5,1.6694249262712872,0.27463414575594375
13,tweedie_direct_multilead_regression,reduced,1.7,0.0,5,1.6762097242518572,0.27723646793055606
2,tweedie_direct_multilead_regression,full,1.05,0.4,5,0.1659415311524004,0.028670355980860394
2,tweedie_direct_multilead_regression,full,1.05,0.5,5,0.1659615671440588,0.02861905441036373
2,tweedie_direct_multilead_regression,full,1.05,0.6,5,0.1660073615487204,0.028632800152023463
2,tweedie_direct_multilead_regression,full,1.1,0.5,5,0.16602070799236518,0.028722356058454437
2,tweedie_direct_multilead_regression,full,1.1,0.4,5,0.1660440334775873,0.02874562425253524
2,tweedie_direct_multilead_regression,full,1.2,0.6,5,0.1660566015140415,0.02873875930015331
2,tweedie_direct_multilead_regression,full,1.1,0.6,5,0.16607733544066933,0.02873994971426632
2,tweedie_direct_multilead_regression,full,1.05,0.7,5,0.16607898439634936,0.028648866780342005
2,tweedie_direct_multilead_regression,full,1.05,0.75,5,0.1661015691011713,0.028697212062845978
2,tweedie_direct_multilead_regression,full,1.2,0.5,5,0.16610600639753412,0.028722305324073945
2,tweedie_direct_multilead_regression,full,1.2,0.7,5,0.16611158370659804,0.028757694324430805
2,tweedie_direct_multilead_regression,full,1.05,0.73,5,0.16611328281039694,0.028666552402282816
2,tweedie_direct_multilead_regression,full,1.05,0.3,5,0.16611611510358587,0.02875954282728331
2,tweedie_direct_multilead_regression,full,1.05,0.78,5,0.1661279490732858,0.028716261934090027
2,tweedie_direct_multilead_regression,full,1.2,0.73,5,0.16613007325080603,0.028762285205541367
2,tweedie_direct_multilead_regression,full,1.2,0.75,5,0.16614322009886556,0.0287661914770545
2,tweedie_direct_multilead_regression,full,1.05,0.8,5,0.16615199299683103,0.028728964513258813
2,tweedie_direct_multilead_regression,full,1.1,0.7,5,0.16616043866004793,0.02876135811161702
2,tweedie_direct_multilead_regression,full,1.2,0.78,5,0.16616442930168285,0.028773278954450192
2,tweedie_direct_multilead_regression,full,1.2,0.8,5,0.1661789634153395,0.028778901258095197
2,tweedie_direct_multilead_regression,full,1.1,0.73,5,0.16619980207169843,0.02878608438511535
2,tweedie_direct_multilead_regression,full,1.2,0.9,5,0.16620412009387703,0.028799908504460677
2,tweedie_direct_multilead_regression,full,1.3,0.78,5,0.16620573293743654,0.02878759947415296
2,tweedie_direct_multilead_regression,full,1.3,0.75,5,0.1662059178049335,0.028790126779059937
2,tweedie_direct_multilead_regression,full,1.3,0.8,5,0.1662078291630541,0.02878845127458405
2,tweedie_direct_multilead_regression,full,1.3,0.73,5,0.16620814413734358,0.028793919432430662
2,tweedie_direct_multilead_regression,full,1.1,0.75,5,0.16621870489445886,0.02879160517139102
2,tweedie_direct_multilead_regression,full,1.3,0.7,5,0.16622079391592423,0.028810343602579096
2,tweedie_direct_multilead_regression,full,1.05,0.9,5,0.16623232494355045,0.028791676573212705
2,tweedie_direct_multilead_regression,full,1.3,0.9,5,0.16624387904697208,0.028771464526194366
2,tweedie_direct_multilead_regression,full,1.1,0.78,5,0.1662478501407959,0.028801522066518714
2,tweedie_direct_multilead_regression,full,1.2,0.4,5,0.16625230391406412,0.02882730231018241
2,tweedie_direct_multilead_regression,full,1.1,0.3,5,0.16625707839397558,0.028860231437148044
2,tweedie_direct_multilead_regression,full,1.3,0.6,5,0.16626341489633317,0.028824797923146732
2,tweedie_direct_multilead_regression,full,1.3,1.0,5,0.16626347503879463,0.02876837485383291
2,tweedie_direct_multilead_regression,full,1.1,0.8,5,0.16626879050485877,0.028806903731103277
2,tweedie_direct_multilead_regression,full,1.1,0.9,5,0.16629000871630115,0.02884779695497699
2,tweedie_direct_multilead_regression,full,1.2,1.0,5,0.16630959683512525,0.02877814303092604
2,tweedie_direct_multilead_regression,full,1.05,1.0,5,0.16634760183803032,0.028862088211758903
2,tweedie_direct_multilead_regression,full,1.1,1.0,5,0.16638377215605674,0.028903684628947542
2,tweedie_direct_multilead_regression,full,1.3,0.5,5,0.1664324317242642,0.028927503153510847
2,tweedie_direct_multilead_regression,full,1.5,1.0,5,0.16646367474801066,0.02894662082050698
2,tweedie_direct_multilead_regression,full,1.5,0.9,5,0.16647884874156943,0.02893669704803045
2,tweedie_direct_multilead_regression,full,1.5,0.8,5,0.16652824430878668,0.028926587034123832
2,tweedie_direct_multilead_regression,full,1.5,0.78,5,0.1665538896421016,0.028912574765829605
2,tweedie_direct_multilead_regression,full,1.5,0.75,5,0.16662082470964124,0.02895960800701982
2,tweedie_direct_multilead_regression,full,1.3,0.4,5,0.16663416156210584,0.028972282192925268
2,tweedie_direct_multilead_regression,full,1.5,0.73,5,0.1666554019722494,0.02900692732948302
2,tweedie_direct_multilead_regression,full,1.2,0.3,5,0.1666863796227829,0.02904770797764153
2,tweedie_direct_multilead_regression,full,1.5,0.7,5,0.1667799688524216,0.02908674094984049
2,tweedie_direct_multilead_regression,full,1.05,0.2,5,0.16680770131618727,0.029125971054080293
2,tweedie_direct_multilead_regression,full,1.1,0.2,5,0.16695351639904737,0.029091028935774456
2,tweedie_direct_multilead_regression,full,1.5,0.6,5,0.1669833531896699,0.029144615038139084
2,tweedie_direct_multilead_regression,full,1.7,1.0,5,0.16706900069620056,0.02917307452609252
2,tweedie_direct_multilead_regression,full,1.7,0.9,5,0.16720421294077528,0.02917014073248402
2,tweedie_direct_multilead_regression,full,1.3,0.3,5,0.1672873590997993,0.029321518405557297
2,tweedie_direct_multilead_regression,full,1.5,0.5,5,0.16734251392794958,0.029295328011812654
2,tweedie_direct_multilead_regression,full,1.7,0.8,5,0.1674525143692585,0.029258409969586754
2,tweedie_direct_multilead_regression,full,1.7,0.78,5,0.16751832477594963,0.029296076966272046
2,tweedie_direct_multilead_regression,full,1.2,0.2,5,0.16754020415858079,0.029303650269614064
2,tweedie_direct_multilead_regression,full,1.7,0.75,5,0.1676208977793,0.02935655492471065
2,tweedie_direct_multilead_regression,full,1.7,0.73,5,0.16769781674138057,0.029404314564824317
2,tweedie_direct_multilead_regression,full,1.7,0.7,5,0.16776265265860973,0.029372306042378272
2,tweedie_direct_multilead_regression,full,1.5,0.4,5,0.16796040490202607,0.029555286382505694
2,tweedie_direct_multilead_regression,reduced,1.05,0.4,5,0.16798833421242182,0.028021334879565724
2,tweedie_direct_multilead_regression,reduced,1.1,0.5,5,0.1679945337123657,0.0279702240177258
2,tweedie_direct_multilead_regression,reduced,1.2,0.6,5,0.1680418163333406,0.028032601726819168
2,tweedie_direct_multilead_regression,reduced,1.05,0.5,5,0.16808016651704696,0.028006636459688046
2,tweedie_direct_multilead_regression,reduced,1.05,0.3,5,0.1680829115116524,0.02817713262974104
2,tweedie_direct_multilead_regression,reduced,1.2,0.5,5,0.16808662680975,0.028066977738984197
2,tweedie_direct_multilead_regression,reduced,1.1,0.4,5,0.16809733355793513,0.028175972794438214
2,tweedie_direct_multilead_regression,reduced,1.1,0.6,5,0.1681216601051545,0.028014159674541177
2,tweedie_direct_multilead_regression,reduced,1.3,0.73,5,0.168151145922819,0.028118667025874445
2,tweedie_direct_multilead_regression,reduced,1.2,0.7,5,0.16816156841882146,0.02806374125463505
2,tweedie_direct_multilead_regression,reduced,1.3,0.7,5,0.16816748760043856,0.028073553469330385
2,tweedie_direct_multilead_regression,reduced,1.3,0.75,5,0.16817247497110183,0.028127668288319523
2,tweedie_direct_multilead_regression,reduced,1.05,0.6,5,0.16818780574029382,0.028012837810893993
2,tweedie_direct_multilead_regression,reduced,1.2,0.73,5,0.16819309773301075,0.02806849734326967
2,tweedie_direct_multilead_regression,full,1.7,0.6,5,0.16819451242356537,0.02954113574018783
2,tweedie_direct_multilead_regression,reduced,1.3,0.78,5,0.16819949902808087,0.02813489263467672
2,tweedie_direct_multilead_regression,reduced,1.2,0.75,5,0.16820605611676695,0.028062153077959083
2,tweedie_direct_multilead_regression,reduced,1.3,0.8,5,0.16821557172124685,0.02813726287677578
2,tweedie_direct_multilead_regression,reduced,1.3,0.6,5,0.16823080196123438,0.028170947337517818
2,tweedie_direct_multilead_regression,reduced,1.1,0.3,5,0.16823180503951551,0.028285900925879227
2,tweedie_direct_multilead_regression,reduced,1.2,0.78,5,0.16823842488041887,0.028068902533693332
2,tweedie_direct_multilead_regression,reduced,1.2,0.8,5,0.16826064748409406,0.02807442780406672
2,tweedie_direct_multilead_regression,reduced,1.1,0.7,5,0.16826322149012907,0.028062547839686414
2,tweedie_direct_multilead_regression,full,1.9,1.0,5,0.16826579285731288,0.029520071566189767
2,tweedie_direct_multilead_regression,reduced,1.2,0.4,5,0.1682777566740252,0.028265279274485737
2,tweedie_direct_multilead_regression,reduced,1.3,0.9,5,0.16829055282342859,0.028144766507705674
2,tweedie_direct_multilead_regression,reduced,1.1,0.73,5,0.16831004469721608,0.028082388204194262
2,tweedie_direct_multilead_regression,reduced,1.1,0.75,5,0.16834192432771786,0.028097918305972625
2,tweedie_direct_multilead_regression,reduced,1.05,0.7,5,0.16834412520692266,0.028076572151559377
2,tweedie_direct_multilead_regression,reduced,1.3,1.0,5,0.16837206837614938,0.02816333026041625
2,tweedie_direct_multilead_regression,reduced,1.5,1.0,5,0.16838311581126483,0.028304048124519497
2,tweedie_direct_multilead_regression,reduced,1.1,0.78,5,0.16838844349885687,0.02812508138078195
2,tweedie_direct_multilead_regression,reduced,1.2,0.9,5,0.16838958114142538,0.02811468590537446
2,tweedie_direct_multilead_regression,reduced,1.05,0.73,5,0.1684012260282622,0.028109191520235468
2,tweedie_direct_multilead_regression,reduced,1.1,0.8,5,0.1684223631939648,0.028143891408627067
2,tweedie_direct_multilead_regression,reduced,1.05,0.75,5,0.16844077679272193,0.02813328243284133
2,tweedie_direct_multilead_regression,reduced,1.5,0.9,5,0.16847127673972134,0.02836619161956406
2,tweedie_direct_multilead_regression,reduced,1.3,0.4,5,0.16847584125135112,0.028313750358185275
2,tweedie_direct_multilead_regression,reduced,1.3,0.5,5,0.16848491148900968,0.02847124279911939
2,tweedie_direct_multilead_regression,reduced,1.05,0.78,5,0.16850188088257698,0.028172458506414998
2,tweedie_direct_multilead_regression,reduced,1.2,1.0,5,0.16851497647397937,0.028177460494942897
2,tweedie_direct_multilead_regression,full,1.9,0.9,5,0.16853452201613778,0.029601462583447393
2,tweedie_direct_multilead_regression,reduced,1.05,0.8,5,0.16854374829331822,0.028200443060714158
2,tweedie_direct_multilead_regression,full,1.3,0.2,5,0.16855490974334061,0.029897570233117888
2,tweedie_direct_multilead_regression,reduced,1.5,0.8,5,0.1685626872528891,0.02843874277972691
2,tweedie_direct_multilead_regression,reduced,1.5,0.78,5,0.168588973256187,0.028460099799594817
2,tweedie_direct_multilead_regression,reduced,1.1,0.9,5,0.16860170761750726,0.02825589070889318
2,tweedie_direct_multilead_regression,reduced,1.5,0.75,5,0.16863276532938293,0.028491133803836742
2,tweedie_direct_multilead_regression,reduced,1.5,0.73,5,0.16864476411956678,0.028513240535315128
2,tweedie_direct_multilead_regression,reduced,1.5,0.7,5,0.16869056035724964,0.028485071075037168
2,tweedie_direct_multilead_regression,reduced,1.2,0.3,5,0.16869437210667737,0.028528853934836573
2,tweedie_direct_multilead_regression,reduced,1.05,0.9,5,0.16871931300568174,0.028316930417322216
2,tweedie_direct_multilead_regression,reduced,1.05,0.2,5,0.16878319174108558,0.02865896564746385
2,tweedie_direct_multilead_regression,reduced,1.1,1.0,5,0.1687916677416688,0.028388988509747196
2,tweedie_direct_multilead_regression,full,1.05,0.1,5,0.16882934519733755,0.029973550105999534
2,tweedie_direct_multilead_regression,full,1.5,0.3,5,0.1688798493860555,0.029977404147676547
2,tweedie_direct_multilead_regression,full,1.7,0.5,5,0.16890516940470612,0.029924760329702857
2,tweedie_direct_multilead_regression,reduced,1.5,0.6,5,0.16890987452277043,0.028584621527484134
2,tweedie_direct_multilead_regression,reduced,1.05,1.0,5,0.16893359754884446,0.028479589132917916
2,tweedie_direct_multilead_regression,full,1.9,0.8,5,0.1689511395264615,0.029783098457383108
2,tweedie_direct_multilead_regression,full,1.9,0.78,5,0.16904520297366465,0.029824184810921674
2,tweedie_direct_multilead_regression,reduced,1.7,1.0,5,0.16912502783924782,0.02874904881226667
2,tweedie_direct_multilead_regression,reduced,1.1,0.2,5,0.1691571608803985,0.028873281172618025
2,tweedie_direct_multilead_regression,full,1.1,0.1,5,0.1691687551046417,0.029915969379093365
2,tweedie_direct_multilead_regression,full,1.9,0.75,5,0.16919691454798147,0.02988969961710166
2,tweedie_direct_multilead_regression,full,1.9,0.73,5,0.1692978543805169,0.029932142344857943
2,tweedie_direct_multilead_regression,reduced,1.7,0.9,5,0.16932670015198575,0.02882709639341286
2,tweedie_direct_multilead_regression,reduced,1.5,0.5,5,0.16939039286693758,0.028866038235153275
2,tweedie_direct_multilead_regression,reduced,1.3,0.3,5,0.1694744269982431,0.02904181052038411
2,tweedie_direct_multilead_regression,full,1.9,0.7,5,0.16948847344248938,0.02999541027045564
2,tweedie_direct_multilead_regression,reduced,1.7,0.8,5,0.16961323190433236,0.02898183281244204
2,tweedie_direct_multilead_regression,reduced,1.7,0.78,5,0.16967853211721087,0.029014227781193995
2,tweedie_direct_multilead_regression,full,1.7,0.4,5,0.1697709151418683,0.030251611981711533
2,tweedie_direct_multilead_regression,reduced,1.7,0.75,5,0.16978462275079137,0.029065892064188987
2,tweedie_direct_multilead_regression,reduced,1.7,0.73,5,0.169860708849063,0.029102986118055015
2,tweedie_direct_multilead_regression,reduced,1.2,0.2,5,0.16994058590584732,0.029315984038866726
2,tweedie_direct_multilead_regression,reduced,1.7,0.7,5,0.1699844377364253,0.029162556550604606
2,tweedie_direct_multilead_regression,reduced,1.5,0.4,5,0.1700470240058203,0.02918653011584516
2,tweedie_direct_multilead_regression,full,1.9,0.6,5,0.17012994027124131,0.030222350598059226
2,tweedie_direct_multilead_regression,reduced,1.7,0.6,5,0.17043844115528975,0.029372754075018142
2,tweedie_direct_multilead_regression,reduced,1.9,1.0,5,0.17048339738226048,0.029401256133002044
2,tweedie_direct_multilead_regression,full,1.2,0.1,5,0.17069474218960995,0.031195499273200797
2,tweedie_direct_multilead_regression,full,1.5,0.2,5,0.17073528377117783,0.03078776372172766
2,tweedie_direct_multilead_regression,reduced,1.9,0.9,5,0.1708280924986073,0.029537663754405998
2,tweedie_direct_multilead_regression,reduced,1.3,0.2,5,0.17099538979421786,0.029890620669573913
2,tweedie_direct_multilead_regression,reduced,1.7,0.5,5,0.17117263334234661,0.02973908124813695
2,tweedie_direct_multilead_regression,full,1.9,0.5,5,0.17119805315461434,0.03078852582374033
2,tweedie_direct_multilead_regression,reduced,1.5,0.3,5,0.17123833634800908,0.029806416593705462
2,tweedie_direct_multilead_regression,reduced,1.9,0.8,5,0.17129552807443887,0.029752959936909885
2,tweedie_direct_multilead_regression,full,1.7,0.3,5,0.1713353053930042,0.03103287198917907
2,tweedie_direct_multilead_regression,reduced,1.9,0.78,5,0.1714036455349707,0.029803815798039514
2,tweedie_direct_multilead_regression,reduced,1.05,0.1,5,0.17141094522629868,0.030218957693289458
2,tweedie_direct_multilead_regression,reduced,1.9,0.75,5,0.1715750501223728,0.029884359721450794
2,tweedie_direct_multilead_regression,reduced,1.9,0.73,5,0.17169580123534728,0.02994102583017431
2,tweedie_direct_multilead_regression,reduced,1.9,0.7,5,0.17188806878333562,0.030030560929344596
2,tweedie_direct_multilead_regression,reduced,1.1,0.1,5,0.171930556707586,0.030397304517258767
2,tweedie_direct_multilead_regression,reduced,1.7,0.4,5,0.1722375356939541,0.030266896073054765
2,tweedie_direct_multilead_regression,full,1.3,0.1,5,0.17258407558451733,0.03253186870961043
2,tweedie_direct_multilead_regression,reduced,1.9,0.6,5,0.17265843781339232,0.030396655784062584
2,tweedie_direct_multilead_regression,full,1.9,0.4,5,0.17275780164278903,0.03183070505327862
2,tweedie_direct_multilead_regression,reduced,1.2,0.1,5,0.17332113277709005,0.031090591874580468
2,tweedie_direct_multilead_regression,reduced,1.5,0.2,5,0.17341691189975814,0.030943030253325572
2,tweedie_direct_multilead_regression,reduced,1.9,0.5,5,0.1737448691804767,0.03095591839265066
2,tweedie_direct_multilead_regression,reduced,1.7,0.3,5,0.17391086063756106,0.03113670337265445
2,tweedie_direct_multilead_regression,full,1.7,0.2,5,0.17452792588631533,0.033468917046187145
2,tweedie_direct_multilead_regression,reduced,1.3,0.1,5,0.17490044225297266,0.03190999936010049
2,tweedie_direct_multilead_regression,full,1.9,0.3,5,0.1752587639453082,0.0339246000741201
2,tweedie_direct_multilead_regression,reduced,1.9,0.4,5,0.17530103176014925,0.031860531456798534
2,tweedie_direct_multilead_regression,full,1.5,0.1,5,0.17668475284913823,0.03573144605989747
2,tweedie_direct_multilead_regression,reduced,1.7,0.2,5,0.17711904369482695,0.033258110001320985
2,tweedie_direct_multilead_regression,reduced,1.9,0.3,5,0.17780497698416606,0.033667311823761814
2,tweedie_direct_multilead_regression,reduced,1.5,0.1,5,0.17953459669944713,0.03553127282154319
2,tweedie_direct_multilead_regression,full,1.9,0.2,5,0.18041795168061375,0.03993203201425173
2,tweedie_direct_multilead_regression,reduced,1.9,0.2,5,0.18265461404879382,0.03843911087337372
2,tweedie_direct_multilead_regression,full,1.7,0.1,5,0.1843132307369674,0.04580096878443094
2,tweedie_direct_multilead_regression,reduced,1.7,0.1,5,0.18645254726884125,0.043462321583359595
2,tweedie_direct_multilead_regression,full,1.9,0.1,5,0.19567233826163666,0.06463355938907941
2,tweedie_direct_multilead_regression,reduced,1.9,0.1,5,0.1973807848042601,0.06060666572036031
2,tweedie_direct_multilead_regression,full,1.05,0.01,5,0.20508765330438758,0.08292528872628999
2,tweedie_direct_multilead_regression,reduced,1.05,0.01,5,0.20772822984797906,0.0804589616117706
2,tweedie_direct_multilead_regression,reduced,1.1,0.01,5,0.2103022558693715,0.08515183849066525
2,tweedie_direct_multilead_regression,full,1.1,0.01,5,0.21122713815473051,0.09532639170797261
2,tweedie_direct_multilead_regression,full,1.2,0.01,5,0.22272530301037574,0.11909541786981134
2,tweedie_direct_multilead_regression,reduced,1.2,0.01,5,0.22356369664758352,0.11196237133917682
2,tweedie_direct_multilead_regression,reduced,1.3,0.01,5,0.23515181339082775,0.13564443152076947
2,tweedie_direct_multilead_regression,full,1.3,0.01,5,0.23601785983274937,0.1469892638782004
2,tweedie_direct_multilead_regression,reduced,1.5,0.01,5,0.2660982523998712,0.1980902943302586
2,tweedie_direct_multilead_regression,full,1.5,0.01,5,0.26710311489906136,0.20926035962366696
2,tweedie_direct_multilead_regression,reduced,1.7,0.01,5,0.3004829883168537,0.26992846204233684
2,tweedie_direct_multilead_regression,full,1.7,0.01,5,0.30236038930508086,0.2789197953178187
2,tweedie_direct_multilead_regression,reduced,1.9,0.01,5,0.3304335584831497,0.3315664877445351
2,tweedie_direct_multilead_regression,full,1.9,0.01,5,0.338949458736033,0.3504410498282013
2,tweedie_direct_multilead_regression,reduced,1.05,0.001,5,0.35215742911339565,0.38768912571681974
2,tweedie_direct_multilead_regression,full,1.1,0.001,5,0.3615745119525081,0.41932430962441525
2,tweedie_direct_multilead_regression,full,1.05,0.001,5,0.3626821081368209,0.4224051053486963
2,tweedie_direct_multilead_regression,reduced,1.1,0.001,5,0.36722224295101086,0.4183091019585383
2,tweedie_direct_multilead_regression,reduced,1.2,0.001,5,0.3720839580392004,0.42684439651898753
2,tweedie_direct_multilead_regression,full,1.2,0.001,5,0.3804271345789777,0.42699305342952415
2,tweedie_direct_multilead_regression,reduced,1.3,0.001,5,0.39241965242032106,0.4571715653221941
2,tweedie_direct_multilead_regression,full,1.3,0.001,5,0.40873396764616743,0.47382202125379425
2,tweedie_direct_multilead_regression,reduced,1.5,0.001,5,0.4092655547194967,0.48710568333731863
2,tweedie_direct_multilead_regression,reduced,1.7,0.001,5,0.4136718570419321,0.4888064719566707
2,tweedie_direct_multilead_regression,reduced,1.9,0.001,5,0.4195747837399345,0.4968933026324201
2,tweedie_direct_multilead_regression,full,1.5,0.001,5,0.4269732468229385,0.49154077670454205
2,tweedie_direct_multilead_regression,reduced,1.9,0.0,5,0.428756446155969,0.4965090496252975
2,tweedie_direct_multilead_regression,reduced,1.7,0.0,5,0.43924348926906076,0.5222531406524504
2,tweedie_direct_multilead_regression,full,1.05,0.0,5,0.445831243129052,0.6057678358549329
2,tweedie_direct_multilead_regression,reduced,1.05,0.0,5,0.4458419924558813,0.5898024026160724
2,tweedie_direct_multilead_regression,full,1.7,0.001,5,0.4489524925536781,0.5241625016705452
2,tweedie_direct_multilead_regression,reduced,1.5,0.0,5,0.45499531211359506,0.5569280232245961
2,tweedie_direct_multilead_regression,reduced,1.3,0.0,5,0.45866801856783396,0.5654277604372674
2,tweedie_direct_multilead_regression,reduced,1.2,0.0,5,0.45904422765718056,0.5701886277177002
2,tweedie_direct_multilead_regression,reduced,1.1,0.0,5,0.46403602242346614,0.5786012637913249
2,tweedie_direct_multilead_regression,full,1.9,0.001,5,0.4862221440536609,0.5212676932366447
2,tweedie_direct_multilead_regression,full,1.2,0.0,5,0.5033136876295174,0.576269848330875
2,tweedie_direct_multilead_regression,full,1.1,0.0,5,0.5053263652091295,0.5878618351879057
2,tweedie_direct_multilead_regression,full,1.5,0.0,5,0.5068464702365834,0.575797880952872
2,tweedie_direct_multilead_regression,full,1.3,0.0,5,0.5080948099329133,0.5791737269564324
2,tweedie_direct_multilead_regression,full,1.7,0.0,5,0.7073614822221794,0.7423250513761686
2,tweedie_direct_multilead_regression,full,1.9,0.0,5,0.809892121487421,0.6505995482849631
3,tweedie_direct_multilead_regression,full,1.05,1.0,5,0.16908701032961151,0.008975612327551993
3,tweedie_direct_multilead_regression,full,1.05,0.9,5,0.16938454786214588,0.009557526758488083
3,tweedie_direct_multilead_regression,full,1.1,1.0,5,0.1694093195409751,0.009614680610900418
3,tweedie_direct_multilead_regression,full,1.1,0.9,5,0.16974059836924446,0.010344691748899848
3,tweedie_direct_multilead_regression,full,1.05,0.8,5,0.16978096917236601,0.010375798229276716
3,tweedie_direct_multilead_regression,full,1.05,0.78,5,0.16987707949437234,0.010573485868851288
3,tweedie_direct_multilead_regression,full,1.05,0.75,5,0.170028062867404,0.010894282678148036
3,tweedie_direct_multilead_regression,full,1.2,1.0,5,0.17003611643904484,0.011328196514119551
3,tweedie_direct_multilead_regression,full,1.05,0.73,5,0.17013638900719905,0.01112554872827646
3,tweedie_direct_multilead_regression,full,1.1,0.8,5,0.17019422996260042,0.011322864452389943
3,tweedie_direct_multilead_regression,full,1.1,0.78,5,0.17030062407195024,0.011554589018876434
3,tweedie_direct_multilead_regression,full,1.05,0.7,5,0.1703056784327825,0.011512319118244616
3,tweedie_direct_multilead_regression,full,1.1,0.75,5,0.17047303557003293,0.01193084649215019
3,tweedie_direct_multilead_regression,full,1.2,0.9,5,0.17050672336844355,0.012358221788645249
3,tweedie_direct_multilead_regression,full,1.1,0.73,5,0.17059737260782343,0.012202576920594415
3,tweedie_direct_multilead_regression,full,1.1,0.7,5,0.17072377693186158,0.012641673906477037
3,tweedie_direct_multilead_regression,full,1.05,0.6,5,0.17103443560523438,0.013117543122762027
3,tweedie_direct_multilead_regression,full,1.3,1.0,5,0.17118996397843417,0.013952285366292462
3,tweedie_direct_multilead_regression,full,1.2,0.8,5,0.17126766710129587,0.014023984520468926
3,tweedie_direct_multilead_regression,full,1.2,0.78,5,0.17141859180504357,0.014357330654344103
3,tweedie_direct_multilead_regression,full,1.2,0.75,5,0.17166102868974537,0.014893125287249244
3,tweedie_direct_multilead_regression,full,1.3,0.9,5,0.17179076707471183,0.015400031893519121
3,tweedie_direct_multilead_regression,full,1.1,0.6,5,0.17179462830167935,0.014957148030161944
3,tweedie_direct_multilead_regression,full,1.2,0.73,5,0.17182265730072427,0.015277310691857476
3,tweedie_direct_multilead_regression,full,1.2,0.7,5,0.1721048500449024,0.015902023586546646
3,tweedie_direct_multilead_regression,full,1.05,0.5,5,0.17238577872036098,0.01602150982283878
3,tweedie_direct_multilead_regression,full,1.3,0.8,5,0.17274385655762647,0.017481336138622575
3,tweedie_direct_multilead_regression,reduced,1.05,1.0,5,0.17278771083661365,0.011938648034147887
3,tweedie_direct_multilead_regression,full,1.3,0.78,5,0.1729464395612198,0.017939619564815764
3,tweedie_direct_multilead_regression,full,1.1,0.5,5,0.17304691532104546,0.017840538878711447
3,tweedie_direct_multilead_regression,full,1.3,0.75,5,0.17329029321107195,0.01867438158353021
3,tweedie_direct_multilead_regression,reduced,1.05,0.9,5,0.17331312481258165,0.012342183890699462
3,tweedie_direct_multilead_regression,reduced,1.1,1.0,5,0.17332784699379716,0.012354830245868718
3,tweedie_direct_multilead_regression,full,1.2,0.6,5,0.17337710751128038,0.01873126265855507
3,tweedie_direct_multilead_regression,full,1.3,0.73,5,0.17353363597201654,0.01919630286303875
3,tweedie_direct_multilead_regression,reduced,1.1,0.9,5,0.17378444211189908,0.012784888987798813
3,tweedie_direct_multilead_regression,reduced,1.05,0.8,5,0.17382527066147274,0.012825899561789027
3,tweedie_direct_multilead_regression,full,1.3,0.7,5,0.1739013293905361,0.01999034016451038
3,tweedie_direct_multilead_regression,reduced,1.05,0.78,5,0.1739445902486893,0.012949580478846241
3,tweedie_direct_multilead_regression,full,1.05,0.4,5,0.17408994974561884,0.019957243461178116
3,tweedie_direct_multilead_regression,reduced,1.05,0.75,5,0.17413587965372082,0.013155456600068107
3,tweedie_direct_multilead_regression,reduced,1.05,0.73,5,0.1742722133796936,0.013307907156629623
3,tweedie_direct_multilead_regression,reduced,1.2,1.0,5,0.1742859313723219,0.013345443588690888
3,tweedie_direct_multilead_regression,full,1.5,1.0,5,0.17432033721358559,0.021315442754827375
3,tweedie_direct_multilead_regression,reduced,1.1,0.8,5,0.17436183650625936,0.013411301514683154
3,tweedie_direct_multilead_regression,reduced,1.1,0.78,5,0.17448224678572494,0.01355884454262892
3,tweedie_direct_multilead_regression,reduced,1.05,0.7,5,0.17449124219264728,0.013562440856728156
3,tweedie_direct_multilead_regression,reduced,1.1,0.75,5,0.1746897001022008,0.013826298824391946
3,tweedie_direct_multilead_regression,reduced,1.1,0.73,5,0.17484458181140555,0.014014257494460022
3,tweedie_direct_multilead_regression,reduced,1.2,0.9,5,0.1748530677891234,0.014053768736881593
3,tweedie_direct_multilead_regression,reduced,1.1,0.7,5,0.17508661767374809,0.014330997046318579
3,tweedie_direct_multilead_regression,full,1.2,0.5,5,0.175120161861981,0.022555531984112632
3,tweedie_direct_multilead_regression,full,1.5,0.9,5,0.17533903937346548,0.023537850245061716
3,tweedie_direct_multilead_regression,reduced,1.05,0.6,5,0.17535827568853757,0.014711632563388982
3,tweedie_direct_multilead_regression,full,1.1,0.4,5,0.17538905126182838,0.022751084723680422
3,tweedie_direct_multilead_regression,full,1.3,0.6,5,0.17540073193205802,0.023279527164787133
3,tweedie_direct_multilead_regression,reduced,1.3,1.0,5,0.1755173940123537,0.015016992515027068
3,tweedie_direct_multilead_regression,reduced,1.2,0.8,5,0.1756186438731845,0.015108565215392316
3,tweedie_direct_multilead_regression,reduced,1.2,0.78,5,0.17574846050890267,0.015330900988057497
3,tweedie_direct_multilead_regression,reduced,1.2,0.75,5,0.17601047402129494,0.01572679064489865
3,tweedie_direct_multilead_regression,reduced,1.1,0.6,5,0.17606890327578267,0.015736214757264957
3,tweedie_direct_multilead_regression,reduced,1.2,0.73,5,0.17619671137284912,0.01601506516146287
3,tweedie_direct_multilead_regression,reduced,1.3,0.9,5,0.17621417187709923,0.01608857956420136
3,tweedie_direct_multilead_regression,reduced,1.2,0.7,5,0.17649721181666883,0.016490204460201944
3,tweedie_direct_multilead_regression,full,1.5,0.8,5,0.17655859930805157,0.026228435677081368
3,tweedie_direct_multilead_regression,reduced,1.05,0.5,5,0.17659923239774417,0.016552925317011028
3,tweedie_direct_multilead_regression,full,1.5,0.78,5,0.1768468234032031,0.026831532572074678
3,tweedie_direct_multilead_regression,reduced,1.3,0.8,5,0.1770986072791096,0.017525625944751697
3,tweedie_direct_multilead_regression,reduced,1.3,0.78,5,0.17725237917428593,0.017851203371394373
3,tweedie_direct_multilead_regression,full,1.3,0.5,5,0.1772578355466705,0.027447330168795473
3,tweedie_direct_multilead_regression,full,1.5,0.75,5,0.1772854726145275,0.027797597560539046
3,tweedie_direct_multilead_regression,full,1.05,0.3,5,0.1773499886088131,0.027068531764808057
3,tweedie_direct_multilead_regression,reduced,1.1,0.5,5,0.17750777062313422,0.0180940454539917
3,tweedie_direct_multilead_regression,full,1.2,0.4,5,0.177565488356283,0.027934068751322823
3,tweedie_direct_multilead_regression,reduced,1.3,0.75,5,0.17758078051602716,0.018418853834526308
3,tweedie_direct_multilead_regression,full,1.5,0.73,5,0.17760689880646002,0.0284746008459164
3,tweedie_direct_multilead_regression,reduced,1.2,0.6,5,0.1777325793628705,0.0185523787173981
3,tweedie_direct_multilead_regression,reduced,1.3,0.73,5,0.17780826308206168,0.018830363510077896
3,tweedie_direct_multilead_regression,full,1.5,0.7,5,0.17810469249868713,0.02955557524971064
3,tweedie_direct_multilead_regression,reduced,1.3,0.7,5,0.17818460715884354,0.0195008440566497
3,tweedie_direct_multilead_regression,reduced,1.05,0.4,5,0.1785787774352785,0.019928964638474364
3,tweedie_direct_multilead_regression,full,1.1,0.3,5,0.17859589030929598,0.029925437226585007
3,tweedie_direct_multilead_regression,full,1.7,1.0,5,0.1787028675925056,0.031064450696473112
3,tweedie_direct_multilead_regression,reduced,1.5,1.0,5,0.17871606885946928,0.020658131494206852
3,tweedie_direct_multilead_regression,reduced,1.2,0.5,5,0.17945370806686545,0.021641998805080734
3,tweedie_direct_multilead_regression,reduced,1.1,0.4,5,0.17960780979223206,0.021831046846582686
3,tweedie_direct_multilead_regression,reduced,1.3,0.6,5,0.17967660279299708,0.02223701465277858
3,tweedie_direct_multilead_regression,reduced,1.5,0.9,5,0.1797469560425747,0.022564616735912778
3,tweedie_direct_multilead_regression,full,1.7,0.9,5,0.180023019548811,0.033892700805840476
3,tweedie_direct_multilead_regression,full,1.3,0.4,5,0.18002703760291477,0.03351973556926675
3,tweedie_direct_multilead_regression,full,1.5,0.6,5,0.18003244463863372,0.033785226762806805
3,tweedie_direct_multilead_regression,reduced,1.5,0.8,5,0.1809917613365428,0.024900573665487244
3,tweedie_direct_multilead_regression,full,1.2,0.3,5,0.18126132924530441,0.035789447798528995
3,tweedie_direct_multilead_regression,reduced,1.5,0.78,5,0.18127179675638322,0.02543028920716329
3,tweedie_direct_multilead_regression,full,1.7,0.8,5,0.18155282825209723,0.037146693663373524
3,tweedie_direct_multilead_regression,reduced,1.05,0.3,5,0.18166283817983991,0.02558345079440025
3,tweedie_direct_multilead_regression,reduced,1.3,0.5,5,0.1816775432016307,0.026017766154023597
3,tweedie_direct_multilead_regression,reduced,1.5,0.75,5,0.1817158143971597,0.02627275466217334
3,tweedie_direct_multilead_regression,full,1.7,0.78,5,0.18188049629231068,0.037841291081805055
3,tweedie_direct_multilead_regression,reduced,1.2,0.4,5,0.18191359610287602,0.026249888120064634
3,tweedie_direct_multilead_regression,reduced,1.5,0.73,5,0.18202988647616272,0.02687046607215936
3,tweedie_direct_multilead_regression,full,1.7,0.75,5,0.18241582767189027,0.03898094931677286
3,tweedie_direct_multilead_regression,full,1.5,0.5,5,0.18242764139757525,0.0388168768661889
3,tweedie_direct_multilead_regression,reduced,1.5,0.7,5,0.18252998208757354,0.027824240355457452
3,tweedie_direct_multilead_regression,full,1.05,0.2,5,0.1825877000285907,0.03867632039949679
3,tweedie_direct_multilead_regression,full,1.7,0.73,5,0.18276984492774265,0.039751691794453
3,tweedie_direct_multilead_regression,reduced,1.1,0.3,5,0.18289153848119494,0.02806251025112808
3,tweedie_direct_multilead_regression,reduced,1.7,1.0,5,0.1831162339792603,0.029076984352917303
3,tweedie_direct_multilead_regression,full,1.7,0.7,5,0.1833292430458371,0.040934500028978554
3,tweedie_direct_multilead_regression,full,1.9,1.0,5,0.18400177915062335,0.042499029460612764
3,tweedie_direct_multilead_regression,full,1.1,0.2,5,0.18414406347779638,0.0419976365719542
3,tweedie_direct_multilead_regression,full,1.3,0.3,5,0.18416582936605003,0.042305415336677706
3,tweedie_direct_multilead_regression,reduced,1.3,0.4,5,0.18436929357598245,0.03118661495561483
3,tweedie_direct_multilead_regression,reduced,1.7,0.9,5,0.18443898261250463,0.031621855047118806
3,tweedie_direct_multilead_regression,reduced,1.5,0.6,5,0.1844682199324183,0.03154847642108932
3,tweedie_direct_multilead_regression,full,1.9,0.9,5,0.18544209229397504,0.045545630795504
3,tweedie_direct_multilead_regression,full,1.5,0.4,5,0.18544584911488515,0.04523343053971208
3,tweedie_direct_multilead_regression,reduced,1.2,0.3,5,0.18551991767790135,0.03330365781176766
3,tweedie_direct_multilead_regression,full,1.7,0.6,5,0.1855215176017151,0.045604786935409425
3,tweedie_direct_multilead_regression,reduced,1.7,0.8,5,0.18600368016131213,0.034656482347826915
3,tweedie_direct_multilead_regression,reduced,1.7,0.78,5,0.1863506487633006,0.035331421970710916
3,tweedie_direct_multilead_regression,reduced,1.7,0.75,5,0.18689323397976532,0.03638919041575729
3,tweedie_direct_multilead_regression,reduced,1.5,0.5,5,0.1869784639502398,0.03638019681033391
3,tweedie_direct_multilead_regression,full,1.9,0.8,5,0.18708830323117645,0.04899262865452765
3,tweedie_direct_multilead_regression,reduced,1.05,0.2,5,0.18716105916092932,0.03625753871668145
3,tweedie_direct_multilead_regression,full,1.2,0.2,5,0.18726075701583617,0.04876174907613538
3,tweedie_direct_multilead_regression,reduced,1.7,0.73,5,0.18727150549199395,0.037128327105649166
3,tweedie_direct_multilead_regression,full,1.9,0.78,5,0.1874504298406349,0.04975784203134008
3,tweedie_direct_multilead_regression,reduced,1.7,0.7,5,0.18786489613505647,0.03829005057620158
3,tweedie_direct_multilead_regression,full,1.9,0.75,5,0.1880341132829692,0.0509677080226349
3,tweedie_direct_multilead_regression,full,1.7,0.5,5,0.18824848567540622,0.0512923835565837
3,tweedie_direct_multilead_regression,full,1.9,0.73,5,0.18844816177303508,0.051832685554363475
3,tweedie_direct_multilead_regression,reduced,1.3,0.3,5,0.18845891331073988,0.03932187677769207
3,tweedie_direct_multilead_regression,reduced,1.9,1.0,5,0.18858157565755468,0.03978318656917268
3,tweedie_direct_multilead_regression,reduced,1.1,0.2,5,0.18863807831515836,0.039537489729841
3,tweedie_direct_multilead_regression,full,1.9,0.7,5,0.1890469662802229,0.05308313205574437
3,tweedie_direct_multilead_regression,full,1.5,0.3,5,0.18969356069726534,0.054197154786813306
3,tweedie_direct_multilead_regression,full,1.3,0.2,5,0.1898223729882949,0.054414048195632565
3,tweedie_direct_multilead_regression,reduced,1.9,0.9,5,0.1900632465422313,0.042715199132106266
3,tweedie_direct_multilead_regression,reduced,1.7,0.6,5,0.1900974452250737,0.04270062469988499
3,tweedie_direct_multilead_regression,reduced,1.5,0.4,5,0.19032364235685084,0.04295038142754455
3,tweedie_direct_multilead_regression,full,1.9,0.6,5,0.19115457550868217,0.05748713015648434
3,tweedie_direct_multilead_regression,full,1.7,0.4,5,0.19143183705308192,0.057980041966715336
3,tweedie_direct_multilead_regression,reduced,1.2,0.2,5,0.19163776898792514,0.04562097673912804
3,tweedie_direct_multilead_regression,reduced,1.9,0.8,5,0.1917754821714672,0.046121072215596234
3,tweedie_direct_multilead_regression,reduced,1.9,0.78,5,0.19214571356161186,0.04686071787286663
3,tweedie_direct_multilead_regression,reduced,1.9,0.75,5,0.192719790747585,0.04800549449018456
3,tweedie_direct_multilead_regression,reduced,1.7,0.5,5,0.1927571111334045,0.0480111141325278
3,tweedie_direct_multilead_regression,full,1.05,0.1,5,0.19295208335804487,0.06076620767758959
3,tweedie_direct_multilead_regression,reduced,1.9,0.73,5,0.19311440417161524,0.04879483233347115
3,tweedie_direct_multilead_regression,full,1.9,0.5,5,0.19368708905107973,0.06271553704611521
3,tweedie_direct_multilead_regression,reduced,1.9,0.7,5,0.19372647779184018,0.0500188495787733
3,tweedie_direct_multilead_regression,full,1.1,0.1,5,0.19441197181067355,0.06371212958394412
3,tweedie_direct_multilead_regression,reduced,1.5,0.3,5,0.19444905304842502,0.05134469506115186
3,tweedie_direct_multilead_regression,reduced,1.3,0.2,5,0.1946352779343921,0.051546749659856866
3,tweedie_direct_multilead_regression,full,1.7,0.3,5,0.19533376101197514,0.0661126010018482
3,tweedie_direct_multilead_regression,full,1.5,0.2,5,0.19545949947089553,0.06635530440058311
3,tweedie_direct_multilead_regression,reduced,1.9,0.6,5,0.1959819427930784,0.054492385851115835
3,tweedie_direct_multilead_regression,reduced,1.7,0.4,5,0.19602944044726608,0.05456361925472873
3,tweedie_direct_multilead_regression,full,1.9,0.4,5,0.19685707525513071,0.06927722897897153
3,tweedie_direct_multilead_regression,full,1.2,0.1,5,0.1971459051898591,0.06982963969304677
3,tweedie_direct_multilead_regression,reduced,1.05,0.1,5,0.19823800416176232,0.05865027015000999
3,tweedie_direct_multilead_regression,reduced,1.9,0.5,5,0.198632441062561,0.05985531495731073
3,tweedie_direct_multilead_regression,reduced,1.1,0.1,5,0.19936010678459548,0.060933222557169514
3,tweedie_direct_multilead_regression,full,1.3,0.1,5,0.19992428780329224,0.07560603976356452
3,tweedie_direct_multilead_regression,reduced,1.7,0.3,5,0.2002144610744157,0.06288151283467008
3,tweedie_direct_multilead_regression,reduced,1.5,0.2,5,0.20047857197894023,0.06348418819567281
3,tweedie_direct_multilead_regression,full,1.7,0.2,5,0.20060199279515362,0.07705552259495053
3,tweedie_direct_multilead_regression,full,1.9,0.3,5,0.20093835118972803,0.07777499777901606
3,tweedie_direct_multilead_regression,reduced,1.9,0.4,5,0.2018602527000195,0.06625256050108849
3,tweedie_direct_multilead_regression,reduced,1.2,0.1,5,0.20208946608705528,0.06656958344272143
3,tweedie_direct_multilead_regression,full,1.5,0.1,5,0.20426595399778455,0.08486242476257531
3,tweedie_direct_multilead_regression,reduced,1.3,0.1,5,0.20492714536640277,0.07219123102697857
3,tweedie_direct_multilead_regression,reduced,1.9,0.3,5,0.20571077563083123,0.07403597535978997
3,tweedie_direct_multilead_regression,reduced,1.7,0.2,5,0.20582370252581,0.07409420693875825
3,tweedie_direct_multilead_regression,full,1.9,0.2,5,0.20589047813451805,0.08809188304986552
3,tweedie_direct_multilead_regression,full,1.7,0.1,5,0.20899475101337478,0.09449203715042284
3,tweedie_direct_multilead_regression,reduced,1.5,0.1,5,0.20994492232247097,0.08209217489906706
3,tweedie_direct_multilead_regression,reduced,1.9,0.2,5,0.21042802600629193,0.08362256248392749
3,tweedie_direct_multilead_regression,full,1.9,0.1,5,0.2124894935650783,0.10147767417453618
3,tweedie_direct_multilead_regression,reduced,1.7,0.1,5,0.21372998570009577,0.0906975182056188
3,tweedie_direct_multilead_regression,reduced,1.9,0.1,5,0.21693908583531737,0.0974087818410469
3,tweedie_direct_multilead_regression,full,1.1,0.01,5,0.2189600140823183,0.11537396138301727
3,tweedie_direct_multilead_regression,full,1.05,0.01,5,0.21996447563895413,0.11768254030299088
3,tweedie_direct_multilead_regression,full,1.2,0.01,5,0.2203192416762889,0.11774609713702985
3,tweedie_direct_multilead_regression,full,1.3,0.01,5,0.220920635846386,0.11764431974034718
3,tweedie_direct_multilead_regression,reduced,1.05,0.01,5,0.2212771731294707,0.106313916669396
3,tweedie_direct_multilead_regression,reduced,1.1,0.01,5,0.22133934557468365,0.10725162042311452
3,tweedie_direct_multilead_regression,reduced,1.2,0.01,5,0.222253679348903,0.10926907978583984
3,tweedie_direct_multilead_regression,reduced,1.3,0.01,5,0.2246012031888393,0.11388399164792871
3,tweedie_direct_multilead_regression,full,1.5,0.01,5,0.23128596936506224,0.13503269048297908
3,tweedie_direct_multilead_regression,reduced,1.5,0.01,5,0.2316226071463491,0.125366028935406
3,tweedie_direct_multilead_regression,reduced,1.7,0.01,5,0.246619307962998,0.14829986969891237
3,tweedie_direct_multilead_regression,full,1.7,0.01,5,0.24679754258565967,0.15755894100443185
3,tweedie_direct_multilead_regression,reduced,1.1,0.001,5,0.24800049485663872,0.13763087413036978
3,tweedie_direct_multilead_regression,reduced,1.05,0.001,5,0.24826131273617533,0.14300447553692835
3,tweedie_direct_multilead_regression,full,1.05,0.001,5,0.2503917026159907,0.15355470093599308
3,tweedie_direct_multilead_regression,reduced,1.9,0.01,5,0.25860462223954517,0.16603767856591448
3,tweedie_direct_multilead_regression,full,1.9,0.01,5,0.26458763189433754,0.18332503495703423
3,tweedie_direct_multilead_regression,full,1.1,0.001,5,0.27677436549645407,0.20635659828213945
3,tweedie_direct_multilead_regression,reduced,1.2,0.001,5,0.28557867008172694,0.21465361259778368
3,tweedie_direct_multilead_regression,full,1.2,0.001,5,0.2904670462919972,0.2276406700956059
3,tweedie_direct_multilead_regression,reduced,1.3,0.001,5,0.29419985902792534,0.22506437599339596
3,tweedie_direct_multilead_regression,full,1.3,0.001,5,0.3079951784352176,0.2411713442116269
3,tweedie_direct_multilead_regression,reduced,1.5,0.001,5,0.31815813551213146,0.2476039233345501
3,tweedie_direct_multilead_regression,reduced,1.7,0.001,5,0.3281744193030976,0.26259337353584233
3,tweedie_direct_multilead_regression,full,1.5,0.001,5,0.34263019407521933,0.27320153975172085
3,tweedie_direct_multilead_regression,reduced,1.05,0.0,5,0.3598442558480407,0.3161167224996798
3,tweedie_direct_multilead_regression,reduced,1.9,0.001,5,0.3639178115698119,0.335584354303985
3,tweedie_direct_multilead_regression,full,1.7,0.001,5,0.3658871496016585,0.2793618919003135
3,tweedie_direct_multilead_regression,reduced,1.1,0.0,5,0.3727566872605935,0.32580278068950164
3,tweedie_direct_multilead_regression,full,1.05,0.0,5,0.38090908987399363,0.3311035168961656
3,tweedie_direct_multilead_regression,full,1.1,0.0,5,0.3850615193694443,0.3412007535454492
3,tweedie_direct_multilead_regression,reduced,1.2,0.0,5,0.38635484016283783,0.35283763001071694
3,tweedie_direct_multilead_regression,reduced,1.3,0.0,5,0.39288338385896904,0.353545378823448
3,tweedie_direct_multilead_regression,full,1.2,0.0,5,0.4203657605931155,0.32777221696514
3,tweedie_direct_multilead_regression,full,1.9,0.001,5,0.42409309976210546,0.2858866767626401
3,tweedie_direct_multilead_regression,full,1.3,0.0,5,0.43213655366690806,0.3454955454563633
3,tweedie_direct_multilead_regression,reduced,1.5,0.0,5,0.445402657133614,0.4756516584287211
3,tweedie_direct_multilead_regression,full,1.5,0.0,5,0.4540888337900535,0.3447636722479256
3,tweedie_direct_multilead_regression,reduced,1.7,0.0,5,0.4869564323535019,0.5720049393068026
3,tweedie_direct_multilead_regression,reduced,1.9,0.0,5,0.5073771505131918,0.6221395259418163
3,tweedie_direct_multilead_regression,full,1.7,0.0,5,0.7649148319998698,0.4910304863136828
3,tweedie_direct_multilead_regression,full,1.9,0.0,5,0.9995857904705826,0.45219311301354953
4,tweedie_direct_multilead_regression,full,1.3,1.0,5,0.20143579450938645,0.026081996339739875
4,tweedie_direct_multilead_regression,full,1.2,1.0,5,0.20151245235646584,0.0262966860882316
4,tweedie_direct_multilead_regression,full,1.3,0.9,5,0.20159510608733622,0.026173689310294887
4,tweedie_direct_multilead_regression,full,1.2,0.9,5,0.20167515713043307,0.026102381234517146
4,tweedie_direct_multilead_regression,full,1.2,0.8,5,0.20167559158773601,0.02613464671503796
4,tweedie_direct_multilead_regression,full,1.1,1.0,5,0.2017026844788853,0.027203976264193505
4,tweedie_direct_multilead_regression,full,1.2,0.78,5,0.20171011845307668,0.02613015388179118
4,tweedie_direct_multilead_regression,full,1.1,0.9,5,0.2017349774676383,0.026831938507607025
4,tweedie_direct_multilead_regression,full,1.1,0.7,5,0.2017501732036234,0.02637498548848154
4,tweedie_direct_multilead_regression,full,1.2,0.75,5,0.2017690481495089,0.026131969364620623
4,tweedie_direct_multilead_regression,full,1.1,0.75,5,0.20177518599626226,0.026280970482452384
4,tweedie_direct_multilead_regression,full,1.1,0.8,5,0.20180822473730506,0.026477129018524545
4,tweedie_direct_multilead_regression,full,1.2,0.7,5,0.2018091491104066,0.026019749353997076
4,tweedie_direct_multilead_regression,full,1.2,0.73,5,0.20181421362138652,0.026140061178692952
4,tweedie_direct_multilead_regression,full,1.1,0.78,5,0.20182404118026023,0.02640966215683067
4,tweedie_direct_multilead_regression,full,1.05,0.9,5,0.2018526924203373,0.02746924252460245
4,tweedie_direct_multilead_regression,full,1.05,0.8,5,0.20187049563285972,0.027011545710957735
4,tweedie_direct_multilead_regression,full,1.1,0.6,5,0.2018769471292099,0.026291210467635894
4,tweedie_direct_multilead_regression,full,1.05,0.78,5,0.20188141952492572,0.02692151144950985
4,tweedie_direct_multilead_regression,full,1.05,1.0,5,0.20189742368398167,0.0279121604737565
4,tweedie_direct_multilead_regression,full,1.1,0.73,5,0.20190216674774816,0.026267177915243387
4,tweedie_direct_multilead_regression,full,1.05,0.75,5,0.2019038600122885,0.026789544698226628
4,tweedie_direct_multilead_regression,full,1.05,0.6,5,0.20192294403078984,0.026242228077794548
4,tweedie_direct_multilead_regression,full,1.05,0.73,5,0.20192328434325102,0.026704562137788695
4,tweedie_direct_multilead_regression,full,1.05,0.7,5,0.2019233325364128,0.02659847143971227
4,tweedie_direct_multilead_regression,full,1.3,0.78,5,0.20197380279500807,0.02639387190622486
4,tweedie_direct_multilead_regression,full,1.3,0.8,5,0.20198548728753218,0.026432599336279623
4,tweedie_direct_multilead_regression,full,1.3,0.73,5,0.20199115860697545,0.026547186101986784
4,tweedie_direct_multilead_regression,full,1.2,0.6,5,0.20199508088065093,0.02610597913698834
4,tweedie_direct_multilead_regression,full,1.3,0.75,5,0.20207364599391786,0.02660198456131196
4,tweedie_direct_multilead_regression,full,1.3,0.7,5,0.20213151553413916,0.026661323446678424
4,tweedie_direct_multilead_regression,full,1.1,0.5,5,0.20220511939448013,0.026093251198436695
4,tweedie_direct_multilead_regression,full,1.05,0.5,5,0.20233147419507613,0.026335277329743702
4,tweedie_direct_multilead_regression,full,1.5,1.0,5,0.20246161803930401,0.027354457006893852
4,tweedie_direct_multilead_regression,full,1.3,0.6,5,0.20268509636492751,0.0275892590451142
4,tweedie_direct_multilead_regression,full,1.2,0.5,5,0.2027946952942113,0.027257872629357145
4,tweedie_direct_multilead_regression,full,1.5,0.9,5,0.20291644994447955,0.028149588915469228
4,tweedie_direct_multilead_regression,full,1.05,0.4,5,0.2029468139509773,0.026867809675408555
4,tweedie_direct_multilead_regression,full,1.1,0.4,5,0.20321426175756133,0.027223051074538165
4,tweedie_direct_multilead_regression,full,1.5,0.8,5,0.20352712694513495,0.029255698122670426
4,tweedie_direct_multilead_regression,full,1.5,0.78,5,0.2036691896354473,0.02952897149642111
4,tweedie_direct_multilead_regression,full,1.3,0.5,5,0.20368493028814333,0.02898320318783799
4,tweedie_direct_multilead_regression,full,1.2,0.4,5,0.20377104488938896,0.028896768905272565
4,tweedie_direct_multilead_regression,full,1.05,0.3,5,0.20382623273178954,0.02801375374514855
4,tweedie_direct_multilead_regression,full,1.5,0.75,5,0.20387266423641276,0.029935837061483825
4,tweedie_direct_multilead_regression,full,1.5,0.73,5,0.20402667393012833,0.03023989504149575
4,tweedie_direct_multilead_regression,full,1.5,0.7,5,0.2042656308048061,0.030713996435849777
4,tweedie_direct_multilead_regression,full,1.1,0.3,5,0.2043362783604305,0.029362769003541966
4,tweedie_direct_multilead_regression,full,1.7,1.0,5,0.20482132082468446,0.03227270264363112
4,tweedie_direct_multilead_regression,full,1.3,0.4,5,0.20523657894099837,0.031559724649382365
4,tweedie_direct_multilead_regression,full,1.5,0.6,5,0.20526304464609213,0.032607438144135054
4,tweedie_direct_multilead_regression,full,1.2,0.3,5,0.20551233889603054,0.032060676302917805
4,tweedie_direct_multilead_regression,full,1.7,0.9,5,0.20559620863592634,0.033702722154221626
4,tweedie_direct_multilead_regression,full,1.05,0.2,5,0.20631941284556482,0.03269328102421194
4,tweedie_direct_multilead_regression,full,1.7,0.8,5,0.2065176071640654,0.03545607505173279
4,tweedie_direct_multilead_regression,full,1.5,0.5,5,0.20671540404530217,0.03527644859877396
4,tweedie_direct_multilead_regression,reduced,1.1,1.0,5,0.2067288343496227,0.04144110488850149
4,tweedie_direct_multilead_regression,full,1.7,0.78,5,0.20673641377982008,0.03584628544144369
4,tweedie_direct_multilead_regression,reduced,1.05,0.9,5,0.20674714083026996,0.04146783980366519
4,tweedie_direct_multilead_regression,reduced,1.05,1.0,5,0.20675669500505128,0.041576662913829034
4,tweedie_direct_multilead_regression,reduced,1.1,0.9,5,0.2067929696992628,0.0412929505308679
4,tweedie_direct_multilead_regression,reduced,1.05,0.8,5,0.20681630872479934,0.04130951687915969
4,tweedie_direct_multilead_regression,reduced,1.05,0.78,5,0.20684502807769523,0.041269757430873195
4,tweedie_direct_multilead_regression,reduced,1.05,0.75,5,0.20690026418712332,0.04120416679983697
4,tweedie_direct_multilead_regression,reduced,1.05,0.73,5,0.2069184872375779,0.04116233642926263
4,tweedie_direct_multilead_regression,full,1.1,0.2,5,0.20694161225375365,0.03449646430742518
4,tweedie_direct_multilead_regression,reduced,1.1,0.8,5,0.20699370574824577,0.04108275228704092
4,tweedie_direct_multilead_regression,reduced,1.05,0.7,5,0.2069989084745294,0.041084105976891515
4,tweedie_direct_multilead_regression,reduced,1.2,1.0,5,0.2069993907731183,0.0409298245591058
4,tweedie_direct_multilead_regression,reduced,1.1,0.78,5,0.20705223731066574,0.041033353027593755
4,tweedie_direct_multilead_regression,full,1.7,0.75,5,0.2070759243744109,0.03646173758589736
4,tweedie_direct_multilead_regression,reduced,1.1,0.75,5,0.20715194274424933,0.04095602126471495
4,tweedie_direct_multilead_regression,reduced,1.1,0.73,5,0.20722719419301772,0.040902595700845056
4,tweedie_direct_multilead_regression,full,1.3,0.3,5,0.20727140142648087,0.03584652384454067
4,tweedie_direct_multilead_regression,reduced,1.2,0.9,5,0.2072721338571606,0.04072164385722266
4,tweedie_direct_multilead_regression,full,1.7,0.73,5,0.20730586227971753,0.03690035707050562
4,tweedie_direct_multilead_regression,reduced,1.1,0.7,5,0.20732554567156147,0.0408201146335422
4,tweedie_direct_multilead_regression,reduced,1.05,0.6,5,0.20743375572984918,0.04077969896665548
4,tweedie_direct_multilead_regression,reduced,1.3,1.0,5,0.20762447331292386,0.04020118941825282
4,tweedie_direct_multilead_regression,full,1.7,0.7,5,0.20769715515555393,0.03756414730442384
4,tweedie_direct_multilead_regression,reduced,1.2,0.8,5,0.20773420641071394,0.040481560536000084
4,tweedie_direct_multilead_regression,reduced,1.2,0.78,5,0.20778725936092685,0.04029981730284249
4,tweedie_direct_multilead_regression,reduced,1.1,0.6,5,0.2079109527808824,0.040520740497927546
4,tweedie_direct_multilead_regression,reduced,1.2,0.75,5,0.2079816622544584,0.04022294027957915
4,tweedie_direct_multilead_regression,reduced,1.2,0.73,5,0.20810864299112045,0.04016899089168315
4,tweedie_direct_multilead_regression,reduced,1.05,0.5,5,0.20817024921382013,0.040430434811353694
4,tweedie_direct_multilead_regression,reduced,1.3,0.9,5,0.2082352678839384,0.04001104358377129
4,tweedie_direct_multilead_regression,reduced,1.2,0.7,5,0.2082831245944802,0.040101676027135894
4,tweedie_direct_multilead_regression,full,1.5,0.4,5,0.20873131522831412,0.039118080541111586
4,tweedie_direct_multilead_regression,full,1.9,1.0,5,0.2087801134638246,0.03947416731728676
4,tweedie_direct_multilead_regression,reduced,1.1,0.5,5,0.2089515584901712,0.04022564359992163
4,tweedie_direct_multilead_regression,full,1.2,0.2,5,0.20896283685867698,0.03876998637370451
4,tweedie_direct_multilead_regression,reduced,1.3,0.8,5,0.2089638935340655,0.03988646922051046
4,tweedie_direct_multilead_regression,reduced,1.3,0.78,5,0.20915397425828425,0.03987208347749357
4,tweedie_direct_multilead_regression,full,1.7,0.6,5,0.20924070103066827,0.04016296914031375
4,tweedie_direct_multilead_regression,reduced,1.2,0.6,5,0.20925857579294987,0.039923589163563304
4,tweedie_direct_multilead_regression,reduced,1.3,0.75,5,0.20948656901955154,0.03990005752623068
4,tweedie_direct_multilead_regression,reduced,1.05,0.4,5,0.20961077408404355,0.040142386084405866
4,tweedie_direct_multilead_regression,reduced,1.3,0.73,5,0.20970420976683882,0.03990228545579739
4,tweedie_direct_multilead_regression,full,1.9,0.9,5,0.20990402898922506,0.041256142756001105
4,tweedie_direct_multilead_regression,reduced,1.3,0.7,5,0.2100599929124317,0.03992175824535506
4,tweedie_direct_multilead_regression,reduced,1.1,0.4,5,0.21066825166833456,0.04012252750875934
4,tweedie_direct_multilead_regression,reduced,1.2,0.5,5,0.21082245529802127,0.03996009186067095
4,tweedie_direct_multilead_regression,full,1.3,0.2,5,0.21105083031680455,0.04302269008501793
4,tweedie_direct_multilead_regression,full,1.9,0.8,5,0.21121886375867804,0.043291329810564855
4,tweedie_direct_multilead_regression,full,1.7,0.5,5,0.21128590342170628,0.04343641454840612
4,tweedie_direct_multilead_regression,reduced,1.5,1.0,5,0.2112997059250045,0.03991318051643053
4,tweedie_direct_multilead_regression,reduced,1.3,0.6,5,0.21145396799524777,0.04000049148528482
4,tweedie_direct_multilead_regression,full,1.9,0.78,5,0.2115145448695111,0.043735862451422344
4,tweedie_direct_multilead_regression,full,1.5,0.3,5,0.21192256132620782,0.04449859872961726
4,tweedie_direct_multilead_regression,full,1.9,0.75,5,0.21198665409056616,0.04443228579303174
4,tweedie_direct_multilead_regression,full,1.9,0.73,5,0.21233473310761547,0.04489913597359239
4,tweedie_direct_multilead_regression,reduced,1.05,0.3,5,0.21238153194297063,0.04037633445151005
4,tweedie_direct_multilead_regression,full,1.05,0.1,5,0.21259800886367844,0.044880711489349814
4,tweedie_direct_multilead_regression,reduced,1.5,0.9,5,0.2126004785746458,0.04033874251992343
4,tweedie_direct_multilead_regression,full,1.9,0.7,5,0.21288464342620422,0.045717926930941684
4,tweedie_direct_multilead_regression,reduced,1.2,0.4,5,0.213521003200727,0.040691897774843486
4,tweedie_direct_multilead_regression,reduced,1.3,0.5,5,0.21367227050738807,0.04079927281632518
4,tweedie_direct_multilead_regression,full,1.1,0.1,5,0.2138509811976556,0.04773967431449208
4,tweedie_direct_multilead_regression,reduced,1.1,0.3,5,0.21395215189036074,0.04089801325824683
4,tweedie_direct_multilead_regression,full,1.7,0.4,5,0.2139580742411457,0.047488936948489456
4,tweedie_direct_multilead_regression,reduced,1.5,0.8,5,0.21415106869409936,0.041082340706924354
4,tweedie_direct_multilead_regression,reduced,1.5,0.78,5,0.2145341773872455,0.04128865530269771
4,tweedie_direct_multilead_regression,full,1.9,0.6,5,0.21480922998539925,0.048448633096643406
4,tweedie_direct_multilead_regression,reduced,1.5,0.75,5,0.21512633247131388,0.04163025745343276
4,tweedie_direct_multilead_regression,reduced,1.5,0.73,5,0.21557486788627217,0.04189121763491015
4,tweedie_direct_multilead_regression,reduced,1.5,0.7,5,0.21624653335141644,0.04231991729630443
4,tweedie_direct_multilead_regression,full,1.2,0.1,5,0.21697504367725004,0.052573785438921466
4,tweedie_direct_multilead_regression,reduced,1.3,0.4,5,0.21703354040712425,0.0426853603224327
4,tweedie_direct_multilead_regression,full,1.5,0.2,5,0.21715025125568044,0.05260775991393195
4,tweedie_direct_multilead_regression,full,1.9,0.5,5,0.21732098747510661,0.05186639794969973
4,tweedie_direct_multilead_regression,full,1.7,0.3,5,0.2177472220673368,0.05297961650943933
4,tweedie_direct_multilead_regression,reduced,1.2,0.3,5,0.21780557820487667,0.04307606715837226
4,tweedie_direct_multilead_regression,reduced,1.05,0.2,5,0.21826972564281016,0.04314966786642342
4,tweedie_direct_multilead_regression,reduced,1.5,0.6,5,0.21905447434301797,0.044352090729476275
4,tweedie_direct_multilead_regression,reduced,1.7,1.0,5,0.21913632613079265,0.04472617366517334
4,tweedie_direct_multilead_regression,full,1.3,0.1,5,0.22036031101838177,0.05761751984945769
4,tweedie_direct_multilead_regression,full,1.9,0.4,5,0.22050440946815947,0.055906618371219186
4,tweedie_direct_multilead_regression,reduced,1.1,0.2,5,0.22052734880572178,0.04475970735779549
4,tweedie_direct_multilead_regression,reduced,1.7,0.9,5,0.22137831387417212,0.04663084534716226
4,tweedie_direct_multilead_regression,reduced,1.3,0.3,5,0.22278158932151873,0.0470709153917024
4,tweedie_direct_multilead_regression,reduced,1.5,0.5,5,0.22282403684478394,0.04754098234381195
4,tweedie_direct_multilead_regression,full,1.7,0.2,5,0.2238283558554596,0.06084511030380547
4,tweedie_direct_multilead_regression,reduced,1.7,0.8,5,0.22394979833680068,0.049040819515765645
4,tweedie_direct_multilead_regression,reduced,1.7,0.78,5,0.22456194329482826,0.049629038926472906
4,tweedie_direct_multilead_regression,full,1.9,0.3,5,0.22479155441636625,0.06104887221603867
4,tweedie_direct_multilead_regression,reduced,1.7,0.75,5,0.2255324994789424,0.05057450635876091
4,tweedie_direct_multilead_regression,reduced,1.7,0.73,5,0.22621456861668424,0.0512499219283333
4,tweedie_direct_multilead_regression,reduced,1.2,0.2,5,0.22631973621073156,0.04997154813277962
4,tweedie_direct_multilead_regression,reduced,1.7,0.7,5,0.2272959047901025,0.052335093556165585
4,tweedie_direct_multilead_regression,full,1.5,0.1,5,0.22743049577527566,0.06615232578778375
4,tweedie_direct_multilead_regression,reduced,1.5,0.4,5,0.22844206278256815,0.05288719350193932
4,tweedie_direct_multilead_regression,full,1.9,0.2,5,0.23081535478797194,0.06758715794645728
4,tweedie_direct_multilead_regression,reduced,1.7,0.6,5,0.2315121622100044,0.056643273404835166
4,tweedie_direct_multilead_regression,reduced,1.9,1.0,5,0.23174971168181974,0.057542092931210376
4,tweedie_direct_multilead_regression,reduced,1.3,0.2,5,0.23351699423985012,0.05743292726364539
4,tweedie_direct_multilead_regression,full,1.7,0.1,5,0.23447655202680937,0.07225224061780415
4,tweedie_direct_multilead_regression,reduced,1.05,0.1,5,0.23467136206946818,0.05753792828128294
4,tweedie_direct_multilead_regression,reduced,1.9,0.9,5,0.23473539512345756,0.06071169208939054
4,tweedie_direct_multilead_regression,reduced,1.5,0.3,5,0.23658940999879946,0.061290590676334016
4,tweedie_direct_multilead_regression,reduced,1.7,0.5,5,0.2368367744522592,0.06221327668157493
4,tweedie_direct_multilead_regression,reduced,1.9,0.8,5,0.23819040935279695,0.06437365876775894
4,tweedie_direct_multilead_regression,reduced,1.1,0.1,5,0.2383707889242826,0.06150063607665619
4,tweedie_direct_multilead_regression,reduced,1.9,0.78,5,0.23894938845046793,0.06517288214904518
4,tweedie_direct_multilead_regression,full,1.3,0.001,5,0.2400830040071858,0.06118350902247012
4,tweedie_direct_multilead_regression,reduced,1.9,0.75,5,0.24013566428500602,0.06641694178912938
4,tweedie_direct_multilead_regression,full,1.2,0.001,5,0.24035623114493704,0.06177686980393171
4,tweedie_direct_multilead_regression,full,1.9,0.1,5,0.24090615771604318,0.07752925580691912
4,tweedie_direct_multilead_regression,reduced,1.9,0.73,5,0.2409721155114052,0.0672855809875644
4,tweedie_direct_multilead_regression,reduced,1.9,0.7,5,0.24225893929207554,0.06862846570904661
4,tweedie_direct_multilead_regression,reduced,1.7,0.4,5,0.24363855968606538,0.06939930845556087
4,tweedie_direct_multilead_regression,full,1.05,0.01,5,0.2456637840380914,0.08639793128882915
4,tweedie_direct_multilead_regression,full,1.1,0.01,5,0.24655841324391167,0.08652769752879093
4,tweedie_direct_multilead_regression,reduced,1.2,0.1,5,0.24676302323319838,0.07096302953777381
4,tweedie_direct_multilead_regression,reduced,1.9,0.6,5,0.2471179129903905,0.073602003020812
4,tweedie_direct_multilead_regression,full,1.2,0.01,5,0.2486368050772088,0.08625331100407262
4,tweedie_direct_multilead_regression,full,1.9,0.01,5,0.24965470274894846,0.06717586021458227
4,tweedie_direct_multilead_regression,reduced,1.5,0.2,5,0.24968948318180262,0.07501883820281122
4,tweedie_direct_multilead_regression,full,1.3,0.01,5,0.2502279826910759,0.08501677761161987
4,tweedie_direct_multilead_regression,full,1.7,0.01,5,0.25151679776645797,0.07260173976475533
4,tweedie_direct_multilead_regression,reduced,1.9,0.5,5,0.25316183459463953,0.07949398618676815
4,tweedie_direct_multilead_regression,reduced,1.7,0.3,5,0.25316962918465236,0.07897201935990328
4,tweedie_direct_multilead_regression,full,1.5,0.01,5,0.25439038660053925,0.08735324473573874
4,tweedie_direct_multilead_regression,reduced,1.3,0.1,5,0.25594849690142724,0.08060068619474929
4,tweedie_direct_multilead_regression,reduced,1.9,0.4,5,0.2608772209779783,0.08653142604293484
4,tweedie_direct_multilead_regression,full,1.05,0.001,5,0.2610983808741246,0.09423018341600545
4,tweedie_direct_multilead_regression,full,1.1,0.001,5,0.263162154229802,0.09663548535941725
4,tweedie_direct_multilead_regression,reduced,1.7,0.2,5,0.2675630516740267,0.09183995499278713
4,tweedie_direct_multilead_regression,reduced,1.9,0.3,5,0.2709814215830466,0.09481760133176244
4,tweedie_direct_multilead_regression,reduced,1.5,0.1,5,0.2745572611759475,0.09720555921349992
4,tweedie_direct_multilead_regression,full,1.5,0.001,5,0.2748435444977473,0.0866895218058845
4,tweedie_direct_multilead_regression,reduced,1.9,0.2,5,0.28508557842356397,0.10424152405456773
4,tweedie_direct_multilead_regression,reduced,1.7,0.1,5,0.2917390867419515,0.10808036060997174
4,tweedie_direct_multilead_regression,reduced,1.9,0.1,5,0.30724073356950343,0.11280609607229429
4,tweedie_direct_multilead_regression,reduced,1.9,0.01,5,0.3104163010052913,0.08859965959768112
4,tweedie_direct_multilead_regression,reduced,1.05,0.01,5,0.31634412399279815,0.12162784727108245
4,tweedie_direct_multilead_regression,reduced,1.1,0.01,5,0.3186917046338512,0.12113083250380641
4,tweedie_direct_multilead_regression,reduced,1.7,0.01,5,0.3208727420804012,0.08908111057395778
4,tweedie_direct_multilead_regression,reduced,1.2,0.01,5,0.3240055981265896,0.12013372095262258
4,tweedie_direct_multilead_regression,full,1.7,0.001,5,0.3241623735147842,0.15509546631215576
4,tweedie_direct_multilead_regression,reduced,1.3,0.01,5,0.3298399109045871,0.11835565409719923
4,tweedie_direct_multilead_regression,reduced,1.5,0.01,5,0.33669606755564024,0.11094460632507952
4,tweedie_direct_multilead_regression,reduced,1.3,0.001,5,0.346060913664156,0.09214234040538517
4,tweedie_direct_multilead_regression,reduced,1.2,0.001,5,0.35050185242634135,0.09873203233615788
4,tweedie_direct_multilead_regression,reduced,1.1,0.001,5,0.3549175955035445,0.1107357070197392
4,tweedie_direct_multilead_regression,reduced,1.05,0.001,5,0.35552593097129626,0.11350298261282499
4,tweedie_direct_multilead_regression,reduced,1.5,0.001,5,0.42361604096464067,0.23315818397995072
4,tweedie_direct_multilead_regression,full,1.9,0.001,5,0.46080683798734545,0.43441370137181684
4,tweedie_direct_multilead_regression,full,1.3,0.0,5,0.4783256936772423,0.5546947988940828
4,tweedie_direct_multilead_regression,full,1.2,0.0,5,0.48287188371838796,0.5662458070064386
4,tweedie_direct_multilead_regression,full,1.05,0.0,5,0.49337038766958796,0.5902624675898767
4,tweedie_direct_multilead_regression,full,1.1,0.0,5,0.49424902140918475,0.5920685419529688
4,tweedie_direct_multilead_regression,reduced,1.7,0.001,5,0.5408670014002294,0.47618905991062327
4,tweedie_direct_multilead_regression,full,1.5,0.0,5,0.6135550275225488,0.7758858990858444
4,tweedie_direct_multilead_regression,reduced,1.9,0.001,5,0.619445287110706,0.6452126582784374
4,tweedie_direct_multilead_regression,full,1.7,0.0,5,0.6274884774004417,0.7723096293603233
4,tweedie_direct_multilead_regression,full,1.9,0.0,5,0.6303114641463617,0.7725662048094617
4,tweedie_direct_multilead_regression,reduced,1.5,0.0,5,0.6496277888069655,0.7463396922730118
4,tweedie_direct_multilead_regression,reduced,1.9,0.0,5,0.6608091179141331,0.7195340930216965
4,tweedie_direct_multilead_regression,reduced,1.7,0.0,5,0.664603806192272,0.7396121952855197
4,tweedie_direct_multilead_regression,reduced,1.3,0.0,5,0.6654762134388947,0.7450672334251414
4,tweedie_direct_multilead_regression,reduced,1.05,0.0,5,0.6689954645152744,0.7397655769845327
4,tweedie_direct_multilead_regression,reduced,1.1,0.0,5,0.6706220911158751,0.7430580951915758
4,tweedie_direct_multilead_regression,reduced,1.2,0.0,5,0.6740188666929436,0.7414510314966475
5,tweedie_direct_multilead_regression,reduced,1.05,1.0,5,0.13650366883000828,0.0285055831243362
5,tweedie_direct_multilead_regression,full,1.05,1.0,5,0.1365513564353374,0.026658377222449306
5,tweedie_direct_multilead_regression,reduced,1.05,0.9,5,0.13698697745902666,0.028985214120717553
5,tweedie_direct_multilead_regression,reduced,1.1,1.0,5,0.13705786043066476,0.029068110110526842
5,tweedie_direct_multilead_regression,full,1.05,0.9,5,0.13708679375338118,0.02694751165501057
5,tweedie_direct_multilead_regression,full,1.1,1.0,5,0.13709845901496936,0.02697595842626053
5,tweedie_direct_multilead_regression,reduced,1.1,0.9,5,0.1375796279518202,0.02958795109070391
5,tweedie_direct_multilead_regression,reduced,1.05,0.8,5,0.13766338341214224,0.02967632245865004
5,tweedie_direct_multilead_regression,full,1.1,0.9,5,0.13769535901422486,0.027279298360627143
5,tweedie_direct_multilead_regression,full,1.05,0.8,5,0.1377791340322671,0.027338076144820173
5,tweedie_direct_multilead_regression,reduced,1.05,0.78,5,0.13780966631653216,0.02982487695550855
5,tweedie_direct_multilead_regression,full,1.05,0.78,5,0.13792736761793487,0.0274328472053142
5,tweedie_direct_multilead_regression,reduced,1.05,0.75,5,0.13804486454613557,0.030064695963406857
5,tweedie_direct_multilead_regression,reduced,1.2,1.0,5,0.1380462865754055,0.03003311661776021
5,tweedie_direct_multilead_regression,full,1.05,0.75,5,0.13816405108566082,0.02759049395705279
5,tweedie_direct_multilead_regression,reduced,1.05,0.73,5,0.13821228919770706,0.03023695002915721
5,tweedie_direct_multilead_regression,full,1.2,1.0,5,0.13821905704146806,0.027590443198151775
5,tweedie_direct_multilead_regression,reduced,1.1,0.8,5,0.13822602373228424,0.03023239181918469
5,tweedie_direct_multilead_regression,full,1.05,0.73,5,0.1383319306494569,0.027706889125239255
5,tweedie_direct_multilead_regression,reduced,1.1,0.78,5,0.1383859827027546,0.03039650455778265
5,tweedie_direct_multilead_regression,full,1.1,0.8,5,0.13840264805494856,0.027747545866202667
5,tweedie_direct_multilead_regression,reduced,1.05,0.7,5,0.13848162652683635,0.030516509479613943
5,tweedie_direct_multilead_regression,full,1.1,0.78,5,0.1385647591710115,0.02786456771306266
5,tweedie_direct_multilead_regression,full,1.05,0.7,5,0.13860133374679634,0.027901916658214124
5,tweedie_direct_multilead_regression,reduced,1.1,0.75,5,0.1386572037548252,0.030682054304737996
5,tweedie_direct_multilead_regression,reduced,1.2,0.9,5,0.1387498765916535,0.030788596775145206
5,tweedie_direct_multilead_regression,full,1.1,0.75,5,0.13881218209534746,0.028045000421980153
5,tweedie_direct_multilead_regression,reduced,1.1,0.73,5,0.13885814808211738,0.03089874206328648
5,tweedie_direct_multilead_regression,full,1.2,0.9,5,0.1389195137549253,0.02810626892297543
5,tweedie_direct_multilead_regression,full,1.1,0.73,5,0.1389992025347428,0.028192168807955793
5,tweedie_direct_multilead_regression,reduced,1.1,0.7,5,0.13918127715415313,0.03125271609362346
5,tweedie_direct_multilead_regression,full,1.1,0.7,5,0.13929861461798906,0.028436732860850012
5,tweedie_direct_multilead_regression,reduced,1.3,1.0,5,0.13947104778372116,0.03155229896959088
5,tweedie_direct_multilead_regression,full,1.3,1.0,5,0.13954903770183696,0.02871494374500858
5,tweedie_direct_multilead_regression,reduced,1.05,0.6,5,0.13959284305889025,0.03175720316325953
5,tweedie_direct_multilead_regression,reduced,1.2,0.8,5,0.13966961810421047,0.03179789432128817
5,tweedie_direct_multilead_regression,full,1.05,0.6,5,0.1396769960624828,0.028774722489865415
5,tweedie_direct_multilead_regression,full,1.2,0.8,5,0.13978383107150225,0.028827802707472486
5,tweedie_direct_multilead_regression,reduced,1.2,0.78,5,0.13987099683413542,0.0320226794950046
5,tweedie_direct_multilead_regression,full,1.2,0.78,5,0.1399831296494531,0.02900749765193235
5,tweedie_direct_multilead_regression,reduced,1.2,0.75,5,0.14018878672079338,0.0323808570023318
5,tweedie_direct_multilead_regression,full,1.2,0.75,5,0.14024384223424866,0.029394727907949662
5,tweedie_direct_multilead_regression,reduced,1.3,0.9,5,0.14031820738756282,0.032497516307216964
5,tweedie_direct_multilead_regression,full,1.3,0.9,5,0.1403890925219386,0.02950325574262412
5,tweedie_direct_multilead_regression,reduced,1.1,0.6,5,0.14039503528896152,0.032643660246491985
5,tweedie_direct_multilead_regression,reduced,1.2,0.73,5,0.14041297886417053,0.032635827013918504
5,tweedie_direct_multilead_regression,full,1.2,0.73,5,0.14046719168616764,0.029617181848496724
5,tweedie_direct_multilead_regression,full,1.1,0.6,5,0.1405084149462495,0.029541527337476302
5,tweedie_direct_multilead_regression,reduced,1.2,0.7,5,0.14077231888712222,0.03304841620077702
5,tweedie_direct_multilead_regression,full,1.2,0.7,5,0.1408254922322229,0.02998650944131355
5,tweedie_direct_multilead_regression,reduced,1.3,0.8,5,0.1410272665420686,0.03322594715667075
5,tweedie_direct_multilead_regression,reduced,1.05,0.5,5,0.14111665317697183,0.03351246630237726
5,tweedie_direct_multilead_regression,full,1.05,0.5,5,0.1412370756346104,0.030323190947731157
5,tweedie_direct_multilead_regression,reduced,1.3,0.78,5,0.14125713806161322,0.033491599638238695
5,tweedie_direct_multilead_regression,full,1.3,0.8,5,0.14129868258288422,0.030390561687941815
5,tweedie_direct_multilead_regression,full,1.3,0.78,5,0.14151757355537473,0.030627671412304894
5,tweedie_direct_multilead_regression,reduced,1.3,0.75,5,0.14162029806417203,0.03391500409659071
5,tweedie_direct_multilead_regression,full,1.3,0.75,5,0.14186532745010597,0.03101527130877516
5,tweedie_direct_multilead_regression,reduced,1.3,0.73,5,0.14187660988001866,0.034216591423118475
5,tweedie_direct_multilead_regression,reduced,1.2,0.6,5,0.1418862403964764,0.03428689497532335
5,tweedie_direct_multilead_regression,reduced,1.1,0.5,5,0.14207683442139973,0.034621440370822563
5,tweedie_direct_multilead_regression,full,1.3,0.73,5,0.14211114662979177,0.03129850725959463
5,tweedie_direct_multilead_regression,full,1.1,0.5,5,0.14217559902767823,0.031345242799979724
5,tweedie_direct_multilead_regression,full,1.2,0.6,5,0.14221577774195143,0.03154492441837461
5,tweedie_direct_multilead_regression,reduced,1.3,0.7,5,0.14228581569530913,0.03470292226612328
5,tweedie_direct_multilead_regression,full,1.3,0.7,5,0.14233754021218897,0.03150999739673603
5,tweedie_direct_multilead_regression,full,1.5,1.0,5,0.14272076895915684,0.03199588252435717
5,tweedie_direct_multilead_regression,reduced,1.5,1.0,5,0.14273899893395697,0.035195316243074544
5,tweedie_direct_multilead_regression,reduced,1.05,0.4,5,0.14339953545767684,0.03629875139822224
5,tweedie_direct_multilead_regression,full,1.05,0.4,5,0.1434743805835099,0.032980895842812025
5,tweedie_direct_multilead_regression,reduced,1.2,0.5,5,0.14381160230062634,0.036663094304169405
5,tweedie_direct_multilead_regression,full,1.5,0.9,5,0.1438171753942202,0.033406679246625604
5,tweedie_direct_multilead_regression,reduced,1.5,0.9,5,0.14386697603834475,0.03657556307073069
5,tweedie_direct_multilead_regression,reduced,1.3,0.6,5,0.1439390889676942,0.03674471929915049
5,tweedie_direct_multilead_regression,full,1.3,0.6,5,0.14394718087512443,0.03358125714426015
5,tweedie_direct_multilead_regression,full,1.2,0.5,5,0.1441705918983112,0.034007031389529915
5,tweedie_direct_multilead_regression,full,1.1,0.4,5,0.14445625611463522,0.034445107307843545
5,tweedie_direct_multilead_regression,reduced,1.1,0.4,5,0.1444865057827732,0.037701461830569445
5,tweedie_direct_multilead_regression,full,1.5,0.8,5,0.1450373234261844,0.03504601502368468
5,tweedie_direct_multilead_regression,reduced,1.5,0.8,5,0.14524756626984853,0.03828777067733054
5,tweedie_direct_multilead_regression,full,1.5,0.78,5,0.14537034691252912,0.035534413366385464
5,tweedie_direct_multilead_regression,reduced,1.5,0.78,5,0.14553637065679176,0.03864514065814231
5,tweedie_direct_multilead_regression,full,1.5,0.75,5,0.1457885055419777,0.03612879719207295
5,tweedie_direct_multilead_regression,full,1.5,0.73,5,0.1461115732787353,0.03660709537738485
5,tweedie_direct_multilead_regression,full,1.3,0.5,5,0.14615817119928542,0.03677108630550181
5,tweedie_direct_multilead_regression,reduced,1.5,0.75,5,0.14621411979102986,0.03960310498558345
5,tweedie_direct_multilead_regression,reduced,1.3,0.5,5,0.1462441698631759,0.03973830900274965
5,tweedie_direct_multilead_regression,reduced,1.5,0.73,5,0.14658081145184548,0.04009123508006163
5,tweedie_direct_multilead_regression,full,1.5,0.7,5,0.1465886594197559,0.03731432241716149
5,tweedie_direct_multilead_regression,full,1.7,1.0,5,0.14662869498483372,0.03717878893022071
5,tweedie_direct_multilead_regression,reduced,1.2,0.4,5,0.14666712412713162,0.04041984011262324
5,tweedie_direct_multilead_regression,full,1.05,0.3,5,0.14673687701243826,0.03773578395199502
5,tweedie_direct_multilead_regression,full,1.2,0.4,5,0.14683204854895218,0.03787786825853275
5,tweedie_direct_multilead_regression,reduced,1.5,0.7,5,0.1468692848565165,0.04034805517512169
5,tweedie_direct_multilead_regression,reduced,1.05,0.3,5,0.14696747663996995,0.04103815787644645
5,tweedie_direct_multilead_regression,reduced,1.7,1.0,5,0.14716284985523456,0.04047900590740409
5,tweedie_direct_multilead_regression,full,1.7,0.9,5,0.14787306578059303,0.03908369579996416
5,tweedie_direct_multilead_regression,full,1.1,0.3,5,0.1479860931991673,0.039593163619038904
5,tweedie_direct_multilead_regression,reduced,1.1,0.3,5,0.14835110213740096,0.04294457632716197
5,tweedie_direct_multilead_regression,full,1.5,0.6,5,0.14837407205230485,0.04004501733315628
5,tweedie_direct_multilead_regression,reduced,1.7,0.9,5,0.14857407176468188,0.04229131602059789
5,tweedie_direct_multilead_regression,reduced,1.5,0.6,5,0.14887989190755477,0.04296051870035392
5,tweedie_direct_multilead_regression,full,1.3,0.4,5,0.1491911628518265,0.04160280772004803
5,tweedie_direct_multilead_regression,full,1.7,0.8,5,0.14942101820906062,0.041518647235805124
5,tweedie_direct_multilead_regression,reduced,1.3,0.4,5,0.14942650063768564,0.04406384680119428
5,tweedie_direct_multilead_regression,full,1.7,0.78,5,0.14977337507793248,0.04208282542300309
5,tweedie_direct_multilead_regression,full,1.7,0.75,5,0.15032119684392736,0.04303629413634707
5,tweedie_direct_multilead_regression,reduced,1.7,0.8,5,0.15033739128882218,0.04461182500565265
5,tweedie_direct_multilead_regression,full,1.7,0.73,5,0.15070135823368164,0.04366862697024725
5,tweedie_direct_multilead_regression,reduced,1.7,0.78,5,0.1507259275011106,0.0451380670399965
5,tweedie_direct_multilead_regression,full,1.2,0.3,5,0.15073208876788224,0.044109490591591284
5,tweedie_direct_multilead_regression,reduced,1.2,0.3,5,0.15106603930228885,0.0468420830126284
5,tweedie_direct_multilead_regression,full,1.5,0.5,5,0.15107799732180938,0.04456410250003903
5,tweedie_direct_multilead_regression,reduced,1.7,0.75,5,0.1512480062363533,0.04579912872883008
5,tweedie_direct_multilead_regression,full,1.7,0.7,5,0.15128318249163028,0.04464326881513402
5,tweedie_direct_multilead_regression,full,1.9,1.0,5,0.15151226305132248,0.0447718250362128
5,tweedie_direct_multilead_regression,reduced,1.5,0.5,5,0.15163399939034947,0.046778689920831264
5,tweedie_direct_multilead_regression,reduced,1.7,0.73,5,0.15165613798054267,0.04634364908795726
5,tweedie_direct_multilead_regression,reduced,1.7,0.7,5,0.152300055273129,0.0472066629195178
5,tweedie_direct_multilead_regression,full,1.05,0.2,5,0.15241905344554002,0.04699500554511973
5,tweedie_direct_multilead_regression,reduced,1.9,1.0,5,0.15270523246203577,0.047311218740397946
5,tweedie_direct_multilead_regression,full,1.9,0.9,5,0.15291509066776843,0.04713443677106943
5,tweedie_direct_multilead_regression,reduced,1.05,0.2,5,0.15302011873264593,0.0498993169125742
5,tweedie_direct_multilead_regression,full,1.3,0.3,5,0.1533060510848374,0.04863452072306378
5,tweedie_direct_multilead_regression,full,1.7,0.6,5,0.15334683592707593,0.048134393950631287
5,tweedie_direct_multilead_regression,reduced,1.3,0.3,5,0.15401986635856907,0.050626646127553195
5,tweedie_direct_multilead_regression,full,1.1,0.2,5,0.15406915299702073,0.049835099803179114
5,tweedie_direct_multilead_regression,reduced,1.9,0.9,5,0.15425137440695535,0.049257553838941114
5,tweedie_direct_multilead_regression,full,1.5,0.4,5,0.15433774938873818,0.05021267362833431
5,tweedie_direct_multilead_regression,reduced,1.1,0.2,5,0.1545636964584553,0.05215020904794356
5,tweedie_direct_multilead_regression,full,1.9,0.8,5,0.1546027067105918,0.05000928261364515
5,tweedie_direct_multilead_regression,reduced,1.7,0.6,5,0.15473562339218924,0.05052188960535456
5,tweedie_direct_multilead_regression,full,1.9,0.78,5,0.15502706150616116,0.05075562119084896
5,tweedie_direct_multilead_regression,reduced,1.5,0.4,5,0.15533637131810307,0.05205488490822933
5,tweedie_direct_multilead_regression,full,1.9,0.75,5,0.1555218642768388,0.05161442112026522
5,tweedie_direct_multilead_regression,full,1.9,0.73,5,0.1559384599463495,0.05231401076512415
5,tweedie_direct_multilead_regression,full,1.7,0.5,5,0.15608693945189708,0.05294333896872755
5,tweedie_direct_multilead_regression,reduced,1.9,0.8,5,0.15615620519104195,0.051735162129969606
5,tweedie_direct_multilead_regression,full,1.9,0.7,5,0.1565664714578434,0.05338390305346287
5,tweedie_direct_multilead_regression,reduced,1.9,0.78,5,0.15657565743689336,0.05228086228733591
5,tweedie_direct_multilead_regression,full,1.2,0.2,5,0.15707204365702804,0.05516518346740765
5,tweedie_direct_multilead_regression,reduced,1.9,0.75,5,0.15722849099350666,0.05313400742533678
5,tweedie_direct_multilead_regression,reduced,1.9,0.73,5,0.15768263327436607,0.05372671647087044
5,tweedie_direct_multilead_regression,reduced,1.7,0.5,5,0.15774896865401092,0.05454682475377484
5,tweedie_direct_multilead_regression,reduced,1.2,0.2,5,0.15795208261865581,0.056616960354822214
5,tweedie_direct_multilead_regression,reduced,1.9,0.7,5,0.15839384842480617,0.05465262120379036
5,tweedie_direct_multilead_regression,full,1.5,0.3,5,0.1588588355954392,0.05834246787833216
5,tweedie_direct_multilead_regression,full,1.9,0.6,5,0.15886428967152397,0.05740933391272742
5,tweedie_direct_multilead_regression,full,1.7,0.4,5,0.15965489843668482,0.059310667710612705
5,tweedie_direct_multilead_regression,full,1.3,0.2,5,0.15989593861304677,0.06057990537530583
5,tweedie_direct_multilead_regression,reduced,1.5,0.3,5,0.16043063800912044,0.05906725007575952
5,tweedie_direct_multilead_regression,reduced,1.9,0.6,5,0.16107414512279417,0.058096009683693176
5,tweedie_direct_multilead_regression,full,1.9,0.5,5,0.16147502120313195,0.062116156058651714
5,tweedie_direct_multilead_regression,reduced,1.3,0.2,5,0.16149612468222324,0.06144041912518866
5,tweedie_direct_multilead_regression,reduced,1.7,0.4,5,0.16165819534901266,0.05973817425083244
5,tweedie_direct_multilead_regression,full,1.05,0.1,5,0.16370432503191015,0.0675637674918067
5,tweedie_direct_multilead_regression,reduced,1.9,0.5,5,0.1643366704773098,0.0622446753240701
5,tweedie_direct_multilead_regression,full,1.7,0.3,5,0.16448632190867898,0.0682211813406447
5,tweedie_direct_multilead_regression,full,1.9,0.4,5,0.16465170682752037,0.06771151852497771
5,tweedie_direct_multilead_regression,full,1.5,0.2,5,0.16550456887122136,0.07050822717866705
5,tweedie_direct_multilead_regression,full,1.1,0.1,5,0.16554013793435535,0.07119640139908838
5,tweedie_direct_multilead_regression,reduced,1.05,0.1,5,0.16619653234138465,0.06914358710987024
5,tweedie_direct_multilead_regression,reduced,1.7,0.3,5,0.1671253027425669,0.06680600753304416
5,tweedie_direct_multilead_regression,reduced,1.5,0.2,5,0.1677282096164246,0.06850163725087356
5,tweedie_direct_multilead_regression,reduced,1.1,0.1,5,0.16795393190874003,0.0715168896411773
5,tweedie_direct_multilead_regression,full,1.2,0.1,5,0.16801718060290996,0.07583011922309944
5,tweedie_direct_multilead_regression,reduced,1.9,0.4,5,0.1682538080831777,0.06680175569373914
5,tweedie_direct_multilead_regression,full,1.9,0.3,5,0.16852570287009255,0.07453411806851246
5,tweedie_direct_multilead_regression,full,1.7,0.2,5,0.16964054911713003,0.07730492458021643
5,tweedie_direct_multilead_regression,full,1.3,0.1,5,0.171296721426064,0.08197249513920822
5,tweedie_direct_multilead_regression,reduced,1.2,0.1,5,0.17179300414150905,0.07607952928059986
5,tweedie_direct_multilead_regression,reduced,1.9,0.3,5,0.1734170115127402,0.07272933087518861
5,tweedie_direct_multilead_regression,full,1.9,0.2,5,0.17386741485979557,0.08394680505730283
5,tweedie_direct_multilead_regression,full,1.5,0.1,5,0.174289939637456,0.08625087841072304
5,tweedie_direct_multilead_regression,reduced,1.7,0.2,5,0.17438943794752867,0.07536793521816368
5,tweedie_direct_multilead_regression,reduced,1.3,0.1,5,0.1745053948503203,0.07891623713884749
5,tweedie_direct_multilead_regression,full,1.7,0.1,5,0.17779080720083032,0.09113166969793769
5,tweedie_direct_multilead_regression,reduced,1.5,0.1,5,0.18056809373987784,0.08355224192756393
5,tweedie_direct_multilead_regression,reduced,1.9,0.2,5,0.18057700236876614,0.08026786653000838
5,tweedie_direct_multilead_regression,full,1.9,0.1,5,0.18199882335233053,0.09764500450553097
5,tweedie_direct_multilead_regression,reduced,1.7,0.1,5,0.18599500061560936,0.08689273532385468
5,tweedie_direct_multilead_regression,full,1.2,0.01,5,0.18866635871581355,0.11092512467982
5,tweedie_direct_multilead_regression,full,1.05,0.01,5,0.18889389874130097,0.11494809077938159
5,tweedie_direct_multilead_regression,full,1.3,0.01,5,0.18913643438617367,0.11109281727362835
5,tweedie_direct_multilead_regression,full,1.1,0.01,5,0.19042274081136973,0.11602590394620022
5,tweedie_direct_multilead_regression,reduced,1.9,0.1,5,0.19188017527575996,0.09153844600622926
5,tweedie_direct_multilead_regression,full,1.1,0.001,5,0.19330310325677758,0.11778824631881281
5,tweedie_direct_multilead_regression,full,1.05,0.001,5,0.19330955239804976,0.11800559610812104
5,tweedie_direct_multilead_regression,full,1.1,0.0,5,0.19392184914395544,0.1185603850447616
5,tweedie_direct_multilead_regression,full,1.2,0.001,5,0.1941454755314637,0.117261421387555
5,tweedie_direct_multilead_regression,full,1.05,0.0,5,0.19464911683049602,0.12024254795160558
5,tweedie_direct_multilead_regression,full,1.2,0.0,5,0.19472735882519204,0.1177210690904827
5,tweedie_direct_multilead_regression,full,1.5,0.01,5,0.19963749384537205,0.12966587276289201
5,tweedie_direct_multilead_regression,reduced,1.05,0.01,5,0.2040498154423866,0.1078568495688583
5,tweedie_direct_multilead_regression,reduced,1.2,0.01,5,0.20477194064085738,0.10536809606740381
5,tweedie_direct_multilead_regression,reduced,1.1,0.01,5,0.2049311408562136,0.10809665927274471
5,tweedie_direct_multilead_regression,reduced,1.3,0.01,5,0.20615913062898533,0.10501204975879873
5,tweedie_direct_multilead_regression,full,1.7,0.01,5,0.2089264868454935,0.1361842235833788
5,tweedie_direct_multilead_regression,reduced,1.5,0.01,5,0.21097519161304587,0.11377290419266384
5,tweedie_direct_multilead_regression,reduced,1.2,0.001,5,0.21129481740375233,0.11171117872901955
5,tweedie_direct_multilead_regression,reduced,1.2,0.0,5,0.2123606206425777,0.11304850842522668
5,tweedie_direct_multilead_regression,reduced,1.1,0.0,5,0.2128384665196082,0.112859825885971
5,tweedie_direct_multilead_regression,full,1.3,0.001,5,0.21450235720012026,0.16097941377596076
5,tweedie_direct_multilead_regression,reduced,1.1,0.001,5,0.21452215985908052,0.11041554243980922
5,tweedie_direct_multilead_regression,reduced,1.05,0.001,5,0.21477892112325742,0.11451150487078772
5,tweedie_direct_multilead_regression,reduced,1.05,0.0,5,0.21497359592902382,0.11666402747982418
5,tweedie_direct_multilead_regression,reduced,1.7,0.01,5,0.21552509163490635,0.12148378180948578
5,tweedie_direct_multilead_regression,full,1.9,0.01,5,0.22242579805888715,0.15396101927546615
5,tweedie_direct_multilead_regression,reduced,1.5,0.001,5,0.22269684037197085,0.13663861115624593
5,tweedie_direct_multilead_regression,reduced,1.3,0.001,5,0.22284984054219614,0.13246530776693352
5,tweedie_direct_multilead_regression,reduced,1.3,0.0,5,0.22454582648095484,0.1378126902840531
5,tweedie_direct_multilead_regression,reduced,1.9,0.01,5,0.22677168667060815,0.14745857839660453
5,tweedie_direct_multilead_regression,full,1.5,0.001,5,0.23414285900240944,0.15159288845182817
5,tweedie_direct_multilead_regression,full,1.3,0.0,5,0.2683302433344704,0.17165030833141773
5,tweedie_direct_multilead_regression,full,1.5,0.0,5,0.2828458974164818,0.19467411907934726
5,tweedie_direct_multilead_regression,reduced,1.7,0.001,5,0.29685525110912653,0.3105843925164752
5,tweedie_direct_multilead_regression,reduced,1.9,0.001,5,0.34025727307802295,0.40490003164751975
5,tweedie_direct_multilead_regression,full,1.7,0.001,5,0.37072631142363427,0.40593913995508796
5,tweedie_direct_multilead_regression,full,1.9,0.001,5,0.4529227244122902,0.49205188239751096
5,tweedie_direct_multilead_regression,reduced,1.5,0.0,5,0.46770481029212696,0.6946010606459667
5,tweedie_direct_multilead_regression,reduced,1.7,0.0,5,0.5251734380564567,0.8224907985298081
5,tweedie_direct_multilead_regression,reduced,1.9,0.0,5,0.5588223449909411,0.8065047814254259
5,tweedie_direct_multilead_regression,full,1.7,0.0,5,0.7983087465869458,0.8649045621629422
5,tweedie_direct_multilead_regression,full,1.9,0.0,5,0.9341099735832767,0.788903711227957
6,tweedie_direct_multilead_regression,full,1.3,0.2,5,0.17164683936692213,0.028207567791172054
6,tweedie_direct_multilead_regression,full,1.5,0.4,5,0.17165661489186207,0.028136187886557962
6,tweedie_direct_multilead_regression,full,1.7,0.8,5,0.17166560935389033,0.02812357928032571
6,tweedie_direct_multilead_regression,full,1.7,0.7,5,0.17167912949325664,0.027893848634061354
6,tweedie_direct_multilead_regression,full,1.7,0.73,5,0.17168209745392152,0.027941073689483065
6,tweedie_direct_multilead_regression,full,1.7,0.75,5,0.17169126020335676,0.02797172203172092
6,tweedie_direct_multilead_regression,full,1.7,0.78,5,0.17170006708155197,0.028030922592218944
6,tweedie_direct_multilead_regression,full,1.7,0.6,5,0.17171152744838164,0.027788342990627747
6,tweedie_direct_multilead_regression,full,1.5,0.3,5,0.17173718967271662,0.027845733908677887
6,tweedie_direct_multilead_regression,full,1.1,0.1,5,0.17175536847978257,0.02824061775322664
6,tweedie_direct_multilead_regression,full,1.7,0.9,5,0.17182352281097926,0.028245051394536026
6,tweedie_direct_multilead_regression,full,1.5,0.5,5,0.17184179286238793,0.02850581765723193
6,tweedie_direct_multilead_regression,full,1.9,1.0,5,0.17191739368287223,0.0276363038161946
6,tweedie_direct_multilead_regression,full,1.05,0.1,5,0.17193937639357293,0.028624248423875214
6,tweedie_direct_multilead_regression,full,1.2,0.2,5,0.1719415490686531,0.02881443709706332
6,tweedie_direct_multilead_regression,full,1.7,0.5,5,0.1719585297482566,0.02778076121688558
6,tweedie_direct_multilead_regression,full,1.7,1.0,5,0.1719769374178131,0.02841795422453547
6,tweedie_direct_multilead_regression,full,1.3,0.3,5,0.1720082390697195,0.028911089429747294
6,tweedie_direct_multilead_regression,full,1.2,0.1,5,0.17209105128097163,0.027811657016310068
6,tweedie_direct_multilead_regression,full,1.9,0.9,5,0.17210900106817054,0.027750199254916688
6,tweedie_direct_multilead_regression,full,1.5,0.6,5,0.17215224495520384,0.028920015107515407
6,tweedie_direct_multilead_regression,full,1.9,0.8,5,0.1723945334520038,0.0279698446863838
6,tweedie_direct_multilead_regression,full,1.9,0.78,5,0.1724708968164425,0.028036594088871002
6,tweedie_direct_multilead_regression,full,1.7,0.4,5,0.17250051501091024,0.02818174417941099
6,tweedie_direct_multilead_regression,full,1.1,0.2,5,0.17253299114902249,0.029620386609982157
6,tweedie_direct_multilead_regression,full,1.5,0.7,5,0.17253820542479023,0.029373208818416655
6,tweedie_direct_multilead_regression,full,1.5,0.2,5,0.17257737716182991,0.028412090813973355
6,tweedie_direct_multilead_regression,full,1.9,0.75,5,0.17259120092226424,0.02814027645825254
6,tweedie_direct_multilead_regression,full,1.5,0.73,5,0.1726397957700077,0.029474040957715476
6,tweedie_direct_multilead_regression,full,1.9,0.73,5,0.17270601687822262,0.028266775176407348
6,tweedie_direct_multilead_regression,full,1.5,0.75,5,0.17272348682182942,0.02952687776253632
6,tweedie_direct_multilead_regression,full,1.3,0.4,5,0.17274681947804688,0.02991318692825682
6,tweedie_direct_multilead_regression,full,1.3,0.1,5,0.17275570851030392,0.028582779216937672
6,tweedie_direct_multilead_regression,full,1.5,0.78,5,0.1728064178744537,0.0296356100533473
6,tweedie_direct_multilead_regression,full,1.2,0.3,5,0.17285421066740686,0.030107256302438948
6,tweedie_direct_multilead_regression,full,1.9,0.7,5,0.17285794425702186,0.028422538633258717
6,tweedie_direct_multilead_regression,full,1.5,0.8,5,0.17285882072724118,0.029701390067983096
6,tweedie_direct_multilead_regression,full,1.05,0.2,5,0.17291443733538508,0.030487523863007262
6,tweedie_direct_multilead_regression,full,1.5,0.9,5,0.17314429445803942,0.030036463639574525
6,tweedie_direct_multilead_regression,full,1.3,0.5,5,0.17333360188468327,0.030510455577437253
6,tweedie_direct_multilead_regression,full,1.9,0.6,5,0.17345019659460847,0.02902785098602439
6,tweedie_direct_multilead_regression,full,1.5,1.0,5,0.1735399370635891,0.030495418969507117
6,tweedie_direct_multilead_regression,full,1.2,0.4,5,0.17355723656323374,0.030954935856499492
6,tweedie_direct_multilead_regression,full,1.7,0.3,5,0.1735662358515781,0.029224644383073733
6,tweedie_direct_multilead_regression,full,1.1,0.3,5,0.17358121157600226,0.031218417616985097
6,tweedie_direct_multilead_regression,full,1.3,0.6,5,0.17389286940321727,0.030983491341999965
6,tweedie_direct_multilead_regression,full,1.05,0.3,5,0.17410898088923887,0.03152769916047521
6,tweedie_direct_multilead_regression,full,1.2,0.5,5,0.17424534914127182,0.031458006504578466
6,tweedie_direct_multilead_regression,full,1.9,0.5,5,0.1742508337672506,0.029868732900632602
6,tweedie_direct_multilead_regression,full,1.1,0.4,5,0.17433355875132964,0.03175666528089164
6,tweedie_direct_multilead_regression,full,1.3,0.7,5,0.1743472900842187,0.031368364119635485
6,tweedie_direct_multilead_regression,full,1.3,0.73,5,0.17446196377643305,0.031481697706293756
6,tweedie_direct_multilead_regression,full,1.3,0.75,5,0.17454468399675854,0.031545651451112905
6,tweedie_direct_multilead_regression,full,1.3,0.78,5,0.1746647058430006,0.03163753909242919
6,tweedie_direct_multilead_regression,full,1.3,0.8,5,0.17474208285089513,0.031695848253643126
6,tweedie_direct_multilead_regression,full,1.2,0.6,5,0.17477540846934342,0.03186013379625013
6,tweedie_direct_multilead_regression,full,1.05,0.4,5,0.17502949664482106,0.032373225504929964
6,tweedie_direct_multilead_regression,full,1.3,0.9,5,0.17510199984225178,0.0319543161830276
6,tweedie_direct_multilead_regression,full,1.2,0.7,5,0.17510559598541872,0.03223438549707857
6,tweedie_direct_multilead_regression,full,1.1,0.5,5,0.17519977114631194,0.032420890240350365
6,tweedie_direct_multilead_regression,full,1.2,0.73,5,0.17524427024169287,0.03231049990108312
6,tweedie_direct_multilead_regression,full,1.9,0.4,5,0.17527859674869034,0.03108557061759761
6,tweedie_direct_multilead_regression,full,1.2,0.75,5,0.1753333992214532,0.03235917010048418
6,tweedie_direct_multilead_regression,full,1.3,1.0,5,0.17537622793718316,0.032192377658826994
6,tweedie_direct_multilead_regression,full,1.7,0.2,5,0.1753871074521263,0.031312383152563746
6,tweedie_direct_multilead_regression,full,1.5,0.1,5,0.17548531264939599,0.03144755050230749
6,tweedie_direct_multilead_regression,full,1.2,0.78,5,0.1755591084044245,0.0326171459949984
6,tweedie_direct_multilead_regression,full,1.2,0.8,5,0.17563735350102352,0.03265261222711941
6,tweedie_direct_multilead_regression,full,1.05,0.5,5,0.17572853709582012,0.03267489252193549
6,tweedie_direct_multilead_regression,full,1.1,0.6,5,0.17580047242347446,0.03271522967307823
6,tweedie_direct_multilead_regression,full,1.2,0.9,5,0.17601650310544414,0.03284940137395323
6,tweedie_direct_multilead_regression,full,1.1,0.7,5,0.1762632914644995,0.03292672992715134
6,tweedie_direct_multilead_regression,full,1.05,0.6,5,0.17629000693473812,0.03291789280450287
6,tweedie_direct_multilead_regression,full,1.2,1.0,5,0.17633643419186162,0.03299440743655152
6,tweedie_direct_multilead_regression,full,1.1,0.73,5,0.17638801180302707,0.03298536540741009
6,tweedie_direct_multilead_regression,full,1.1,0.75,5,0.17647542956036832,0.033016419591586244
6,tweedie_direct_multilead_regression,full,1.9,0.3,5,0.17648881136375585,0.032606145698789266
6,tweedie_direct_multilead_regression,full,1.1,0.78,5,0.17658902834129295,0.033072449184141976
6,tweedie_direct_multilead_regression,full,1.1,0.8,5,0.1766617535753041,0.03310864450735114
6,tweedie_direct_multilead_regression,full,1.05,0.7,5,0.17673910091427056,0.03313893631074197
6,tweedie_direct_multilead_regression,full,1.05,0.73,5,0.1768577259880859,0.03319887158854599
6,tweedie_direct_multilead_regression,full,1.05,0.75,5,0.17693317273404827,0.03323730659151718
6,tweedie_direct_multilead_regression,full,1.05,0.78,5,0.17696645465966165,0.033284035155882054
6,tweedie_direct_multilead_regression,full,1.1,0.9,5,0.17699541306374608,0.03327600674624144
6,tweedie_direct_multilead_regression,full,1.05,0.8,5,0.17703813135943097,0.033320197100711116
6,tweedie_direct_multilead_regression,full,1.1,1.0,5,0.17720680206937828,0.03341588810368278
6,tweedie_direct_multilead_regression,full,1.05,0.9,5,0.177349610371441,0.033529784982279376
6,tweedie_direct_multilead_regression,full,1.05,1.0,5,0.17762504493799536,0.03366945967762711
6,tweedie_direct_multilead_regression,full,1.9,0.2,5,0.17799678323747886,0.03468466976792463
6,tweedie_direct_multilead_regression,full,1.7,0.1,5,0.17803820921191957,0.03492872831216193
6,tweedie_direct_multilead_regression,full,1.7,0.01,5,0.17886811518669238,0.03311052946388776
6,tweedie_direct_multilead_regression,full,1.5,0.01,5,0.17935354131541578,0.03535995864793818
6,tweedie_direct_multilead_regression,full,1.05,0.001,5,0.17953615640280146,0.033778634184844496
6,tweedie_direct_multilead_regression,full,1.3,0.01,5,0.1795638347075072,0.03683540164814133
6,tweedie_direct_multilead_regression,full,1.05,0.01,5,0.17956988277838576,0.0370494955767958
6,tweedie_direct_multilead_regression,full,1.9,0.1,5,0.17973498718362207,0.036981467128432734
6,tweedie_direct_multilead_regression,full,1.1,0.001,5,0.1798854090773386,0.03462608327917254
6,tweedie_direct_multilead_regression,full,1.2,0.01,5,0.18006393511567706,0.03816794878267203
6,tweedie_direct_multilead_regression,full,1.1,0.01,5,0.18075018567961115,0.03915141119561484
6,tweedie_direct_multilead_regression,full,1.2,0.001,5,0.18088912312599797,0.03574681767658221
6,tweedie_direct_multilead_regression,reduced,1.05,1.0,5,0.1814505468925563,0.0328746969440402
6,tweedie_direct_multilead_regression,full,1.3,0.001,5,0.18145919055421253,0.03696750631683692
6,tweedie_direct_multilead_regression,reduced,1.05,0.9,5,0.18148732642867094,0.03247997594766472
6,tweedie_direct_multilead_regression,reduced,1.1,1.0,5,0.18151456104297609,0.032262912400587956
6,tweedie_direct_multilead_regression,reduced,1.05,0.8,5,0.18154421442562602,0.03200382795849195
6,tweedie_direct_multilead_regression,reduced,1.05,0.78,5,0.18155843076952355,0.03189634541649661
6,tweedie_direct_multilead_regression,reduced,1.1,0.9,5,0.18157086149119617,0.03182224583106997
6,tweedie_direct_multilead_regression,reduced,1.05,0.75,5,0.18158218071045262,0.03172615368667166
6,tweedie_direct_multilead_regression,reduced,1.05,0.73,5,0.1816000615711822,0.03160611547877597
6,tweedie_direct_multilead_regression,reduced,1.05,0.7,5,0.18163056026607935,0.03141515582239756
6,tweedie_direct_multilead_regression,reduced,1.1,0.8,5,0.1816538818982983,0.031290267760676664
6,tweedie_direct_multilead_regression,reduced,1.1,0.75,5,0.18167390281809032,0.030787054463575363
6,tweedie_direct_multilead_regression,reduced,1.1,0.78,5,0.18167423010038453,0.03117131881494426
6,tweedie_direct_multilead_regression,reduced,1.1,0.73,5,0.18169924260464576,0.030641947898535995
6,tweedie_direct_multilead_regression,reduced,1.2,1.0,5,0.18170671904557562,0.03059435103014343
6,tweedie_direct_multilead_regression,reduced,1.1,0.7,5,0.1817422418349673,0.030410623387223223
6,tweedie_direct_multilead_regression,reduced,1.05,0.6,5,0.18177324075649487,0.03066591347624559
6,tweedie_direct_multilead_regression,reduced,1.2,0.9,5,0.18182406207936694,0.02999445342034341
6,tweedie_direct_multilead_regression,reduced,1.1,0.6,5,0.18191519923634125,0.029497792835563256
6,tweedie_direct_multilead_regression,reduced,1.05,0.5,5,0.18194692047090394,0.029362846736647543
6,tweedie_direct_multilead_regression,reduced,1.2,0.8,5,0.18199968804298555,0.02926801227573562
6,tweedie_direct_multilead_regression,reduced,1.2,0.78,5,0.18204439132131686,0.029103789386336395
6,tweedie_direct_multilead_regression,reduced,1.3,1.0,5,0.18211350011832336,0.02840529245448098
6,tweedie_direct_multilead_regression,reduced,1.2,0.75,5,0.18211871512518113,0.028843398677708854
6,tweedie_direct_multilead_regression,reduced,1.2,0.73,5,0.18217310800885117,0.028660289992428544
6,tweedie_direct_multilead_regression,reduced,1.2,0.7,5,0.18226809055357207,0.028363783022386943
6,tweedie_direct_multilead_regression,reduced,1.1,0.5,5,0.18229832655367886,0.0282518622460048
6,tweedie_direct_multilead_regression,reduced,1.3,0.9,5,0.18233069532800772,0.02760795698008396
6,tweedie_direct_multilead_regression,reduced,1.05,0.4,5,0.1824568657950351,0.02779642688223034
6,tweedie_direct_multilead_regression,reduced,1.2,0.6,5,0.18252121659791795,0.026942811078099038
6,tweedie_direct_multilead_regression,reduced,1.3,0.8,5,0.1826232037772574,0.026656684155918684
6,tweedie_direct_multilead_regression,reduced,1.3,0.78,5,0.18269213549557067,0.026444722369043227
6,tweedie_direct_multilead_regression,reduced,1.3,0.75,5,0.18280310100599098,0.026110895039833833
6,tweedie_direct_multilead_regression,reduced,1.3,0.73,5,0.18288281969696882,0.025876914293842566
6,tweedie_direct_multilead_regression,reduced,1.1,0.4,5,0.18290989241014474,0.026577592439842656
6,tweedie_direct_multilead_regression,reduced,1.3,0.7,5,0.1830113833167767,0.02550730651277296
6,tweedie_direct_multilead_regression,reduced,1.2,0.5,5,0.18304176394818295,0.02538576505269434
6,tweedie_direct_multilead_regression,reduced,1.05,0.3,5,0.18335317307616777,0.025550696122336885
6,tweedie_direct_multilead_regression,reduced,1.3,0.6,5,0.183588606594946,0.02404542077834402
6,tweedie_direct_multilead_regression,reduced,1.1,0.3,5,0.18374780547073316,0.02358422661444537
6,tweedie_direct_multilead_regression,reduced,1.2,0.4,5,0.18390401603296597,0.02323031686306146
6,tweedie_direct_multilead_regression,reduced,1.5,1.0,5,0.18426164231537595,0.022590767392245845
6,tweedie_direct_multilead_regression,reduced,1.3,0.5,5,0.18432788846268658,0.02223790496960452
6,tweedie_direct_multilead_regression,reduced,1.5,0.9,5,0.18475490852255266,0.02150866767829682
6,tweedie_direct_multilead_regression,reduced,1.05,0.2,5,0.18481825763721732,0.021134644795865368
6,tweedie_direct_multilead_regression,reduced,1.2,0.3,5,0.18525077128619977,0.020276397155492357
6,tweedie_direct_multilead_regression,reduced,1.5,0.8,5,0.18533622829608515,0.02028338022449656
6,tweedie_direct_multilead_regression,reduced,1.3,0.4,5,0.18544769678478085,0.019922816391742315
6,tweedie_direct_multilead_regression,reduced,1.5,0.78,5,0.18547481184047915,0.020020991452411634
6,tweedie_direct_multilead_regression,reduced,1.5,0.75,5,0.18569411677116307,0.01961500335854259
6,tweedie_direct_multilead_regression,reduced,1.1,0.2,5,0.18569741761340416,0.019448949040386704
6,tweedie_direct_multilead_regression,full,1.2,0.0,5,0.18570969889154193,0.044218001178240526
6,tweedie_direct_multilead_regression,reduced,1.5,0.73,5,0.18580678609351703,0.019247459979747365
6,tweedie_direct_multilead_regression,reduced,1.5,0.7,5,0.18604747640794686,0.01880646732531068
6,tweedie_direct_multilead_regression,full,1.05,0.0,5,0.18619670214627676,0.04475299845177527
6,tweedie_direct_multilead_regression,full,1.1,0.0,5,0.1862367755896,0.04577255234681926
6,tweedie_direct_multilead_regression,reduced,1.5,0.6,5,0.18706299403220517,0.01717646404104286
6,tweedie_direct_multilead_regression,reduced,1.3,0.3,5,0.18716443121531506,0.017113028240525786
6,tweedie_direct_multilead_regression,reduced,1.2,0.2,5,0.18767638800124634,0.01634358686812501
6,tweedie_direct_multilead_regression,reduced,1.7,1.0,5,0.1881492042614109,0.01587038708860831
6,tweedie_direct_multilead_regression,reduced,1.5,0.5,5,0.18832047372844118,0.015530681895766476
6,tweedie_direct_multilead_regression,reduced,1.7,0.9,5,0.18897163202858552,0.014990610801051038
6,tweedie_direct_multilead_regression,reduced,1.05,0.1,5,0.18920998572213546,0.014698915644823745
6,tweedie_direct_multilead_regression,full,1.9,0.01,5,0.18931690706610896,0.0559690884576947
6,tweedie_direct_multilead_regression,reduced,1.7,0.8,5,0.18992536213449637,0.014218172810415949
6,tweedie_direct_multilead_regression,reduced,1.5,0.4,5,0.19008220116518726,0.014033176299272278
6,tweedie_direct_multilead_regression,reduced,1.7,0.78,5,0.19013673847022478,0.014074060267918935
6,tweedie_direct_multilead_regression,reduced,1.3,0.2,5,0.1902645685118817,0.013747221114588992
6,tweedie_direct_multilead_regression,reduced,1.7,0.75,5,0.19046957256493777,0.013868563276897587
6,tweedie_direct_multilead_regression,reduced,1.1,0.1,5,0.19050066373422925,0.013564150774198515
6,tweedie_direct_multilead_regression,reduced,1.7,0.73,5,0.19072625333867604,0.013747696588565944
6,tweedie_direct_multilead_regression,reduced,1.7,0.7,5,0.19110144995647876,0.013575141777853305
6,tweedie_direct_multilead_regression,reduced,1.7,0.6,5,0.1925583966627173,0.013173596670826139
6,tweedie_direct_multilead_regression,reduced,1.5,0.3,5,0.19278431057787393,0.013095591787300557
6,tweedie_direct_multilead_regression,reduced,1.2,0.1,5,0.19338729556840117,0.012684403333997457
6,tweedie_direct_multilead_regression,reduced,1.9,1.0,5,0.19419302195821084,0.013258160090510705
6,tweedie_direct_multilead_regression,reduced,1.7,0.5,5,0.19440821917925138,0.013192759740776069
6,tweedie_direct_multilead_regression,reduced,1.9,0.9,5,0.19532208163994363,0.013500168054854184
6,tweedie_direct_multilead_regression,reduced,1.9,0.8,5,0.19665655809897026,0.013999774810941168
6,tweedie_direct_multilead_regression,reduced,1.7,0.4,5,0.19689735322061844,0.013985937340246838
6,tweedie_direct_multilead_regression,reduced,1.9,0.78,5,0.19695331891483833,0.01413925661617602
6,tweedie_direct_multilead_regression,reduced,1.5,0.2,5,0.19703763204410593,0.013879002990019186
6,tweedie_direct_multilead_regression,reduced,1.9,0.75,5,0.19741485150983132,0.014379083173213755
6,tweedie_direct_multilead_regression,reduced,1.3,0.1,5,0.19751143668835505,0.014049735842361948
6,tweedie_direct_multilead_regression,reduced,1.9,0.73,5,0.19774146034469126,0.014555196849454305
6,tweedie_direct_multilead_regression,reduced,1.9,0.7,5,0.19825658033154234,0.014848470185488176
6,tweedie_direct_multilead_regression,reduced,1.9,0.6,5,0.20018767875757706,0.016032321585559336
6,tweedie_direct_multilead_regression,reduced,1.7,0.3,5,0.20042322210086289,0.016038009126107304
6,tweedie_direct_multilead_regression,reduced,1.9,0.5,5,0.2025753173855168,0.017688269135360788
6,tweedie_direct_multilead_regression,reduced,1.9,0.4,5,0.20558415297351357,0.01988689695815239
6,tweedie_direct_multilead_regression,reduced,1.7,0.2,5,0.2057475198674683,0.019788211784484346
6,tweedie_direct_multilead_regression,reduced,1.5,0.1,5,0.2061748234869376,0.019921631543081433
6,tweedie_direct_multilead_regression,reduced,1.9,0.3,5,0.20955390800522125,0.022791800968676924
6,tweedie_direct_multilead_regression,reduced,1.9,0.2,5,0.21506518930740143,0.026901974242894422
6,tweedie_direct_multilead_regression,reduced,1.7,0.1,5,0.2152677274925771,0.026714688891862206
6,tweedie_direct_multilead_regression,reduced,1.05,0.01,5,0.2173779340014385,0.028937925658460775
6,tweedie_direct_multilead_regression,reduced,1.1,0.01,5,0.21987050631593852,0.030052431716566724
6,tweedie_direct_multilead_regression,reduced,1.2,0.01,5,0.22213883888613753,0.031881516724346956
6,tweedie_direct_multilead_regression,full,1.5,0.001,5,0.2231944638768691,0.1175003369342506
6,tweedie_direct_multilead_regression,reduced,1.9,0.1,5,0.22401359302805202,0.03286359047031478
6,tweedie_direct_multilead_regression,reduced,1.3,0.01,5,0.2265777540931439,0.03376953599884675
6,tweedie_direct_multilead_regression,reduced,1.5,0.01,5,0.23396761792559193,0.03829363030302325
6,tweedie_direct_multilead_regression,full,1.3,0.0,5,0.23832198144077027,0.15924527445055833
6,tweedie_direct_multilead_regression,reduced,1.05,0.001,5,0.23856216569369676,0.04176679048700784
6,tweedie_direct_multilead_regression,reduced,1.1,0.001,5,0.2400278413953043,0.04210452075430646
6,tweedie_direct_multilead_regression,reduced,1.7,0.01,5,0.24165464200403042,0.04417116602648086
6,tweedie_direct_multilead_regression,reduced,1.2,0.001,5,0.24174078288136305,0.043776861554675014
6,tweedie_direct_multilead_regression,reduced,1.3,0.001,5,0.2470907160009132,0.0451109229939226
6,tweedie_direct_multilead_regression,reduced,1.05,0.0,5,0.24950752680654853,0.04624612666930419
6,tweedie_direct_multilead_regression,reduced,1.1,0.0,5,0.2496879622935091,0.046891625847685824
6,tweedie_direct_multilead_regression,reduced,1.2,0.0,5,0.254123190055752,0.047690388172997575
6,tweedie_direct_multilead_regression,reduced,1.9,0.01,5,0.25513214584711114,0.04677215224759997
6,tweedie_direct_multilead_regression,reduced,1.5,0.001,5,0.2905389886562993,0.0700730147382971
6,tweedie_direct_multilead_regression,reduced,1.3,0.0,5,0.3154921104992974,0.14332854498819145
6,tweedie_direct_multilead_regression,full,1.7,0.001,5,0.34741941547168576,0.3795236561218648
6,tweedie_direct_multilead_regression,reduced,1.5,0.0,5,0.3740871492350526,0.20554249765822105
6,tweedie_direct_multilead_regression,reduced,1.7,0.001,5,0.37806356179387596,0.2534852117281708
6,tweedie_direct_multilead_regression,reduced,1.9,0.001,5,0.47804618409605304,0.4711886803599392
6,tweedie_direct_multilead_regression,full,1.9,0.001,5,0.5053535609172064,0.6155132069116008
6,tweedie_direct_multilead_regression,full,1.5,0.0,5,0.5608306755795015,0.807732183386796
6,tweedie_direct_multilead_regression,full,1.7,0.0,5,0.5703808475432053,0.8035700657350774
6,tweedie_direct_multilead_regression,reduced,1.9,0.0,5,0.62056320576764,0.7667520444212331
6,tweedie_direct_multilead_regression,reduced,1.7,0.0,5,0.6226130841649853,0.7623198351081171
6,tweedie_direct_multilead_regression,full,1.9,0.0,5,1.2531775864053885,0.5203879869960768
7,tweedie_direct_multilead_regression,full,1.5,0.6,5,0.26878857199217643,0.033015932188535255
7,tweedie_direct_multilead_regression,full,1.5,0.7,5,0.2689840339291214,0.03306754189109014
7,tweedie_direct_multilead_regression,full,1.1,0.1,5,0.2690372194535819,0.03343890991611883
7,tweedie_direct_multilead_regression,full,1.5,0.73,5,0.26908107012465976,0.033047046123421166
7,tweedie_direct_multilead_regression,full,1.5,0.75,5,0.2691788760472197,0.03301509427123094
7,tweedie_direct_multilead_regression,full,1.3,0.3,5,0.26927540190208027,0.03328829864581032
7,tweedie_direct_multilead_regression,full,1.5,0.78,5,0.269301801584495,0.03301699582014469
7,tweedie_direct_multilead_regression,full,1.5,0.5,5,0.26931329505993695,0.033237904593489374
7,tweedie_direct_multilead_regression,full,1.2,0.2,5,0.2693242560544976,0.033324588545914864
7,tweedie_direct_multilead_regression,full,1.05,0.1,5,0.26933014587817117,0.03340411512530926
7,tweedie_direct_multilead_regression,full,1.5,0.8,5,0.2693861191686733,0.03302401861555062
7,tweedie_direct_multilead_regression,reduced,1.5,0.6,5,0.26971020981089344,0.025696675355838083
7,tweedie_direct_multilead_regression,full,1.5,0.9,5,0.2698171407183708,0.03308215479524874
7,tweedie_direct_multilead_regression,reduced,1.5,0.5,5,0.26987159045820297,0.02503077508560703
7,tweedie_direct_multilead_regression,reduced,1.1,0.1,5,0.2698811706589662,0.025246493626339527
7,tweedie_direct_multilead_regression,full,1.3,0.2,5,0.2700242330863637,0.0335527799828591
7,tweedie_direct_multilead_regression,full,1.3,0.4,5,0.27015179955331237,0.03334671687747599
7,tweedie_direct_multilead_regression,reduced,1.5,0.7,5,0.2701542807137608,0.02636711164949293
7,tweedie_direct_multilead_regression,reduced,1.05,0.1,5,0.2702788741851819,0.026127080419257605
7,tweedie_direct_multilead_regression,full,1.7,1.0,5,0.27028809990095193,0.03376859395894165
7,tweedie_direct_multilead_regression,reduced,1.5,0.73,5,0.2703193413850155,0.026562858809798633
7,tweedie_direct_multilead_regression,reduced,1.3,0.2,5,0.27032620493207793,0.024808867636667686
7,tweedie_direct_multilead_regression,full,1.5,1.0,5,0.2703379778937099,0.0331243219914472
7,tweedie_direct_multilead_regression,reduced,1.3,0.3,5,0.27035472556939605,0.02634559996653627
7,tweedie_direct_multilead_regression,reduced,1.2,0.2,5,0.27037530747998534,0.026372148486217162
7,tweedie_direct_multilead_regression,reduced,1.5,0.75,5,0.2704352188448179,0.026692614093996467
7,tweedie_direct_multilead_regression,reduced,1.7,1.0,5,0.27048647455766456,0.024526398484984432
7,tweedie_direct_multilead_regression,reduced,1.5,0.78,5,0.2706135633731968,0.02688623940169338
7,tweedie_direct_multilead_regression,reduced,1.5,0.8,5,0.2707345285826404,0.027014586712402835
7,tweedie_direct_multilead_regression,full,1.2,0.3,5,0.2708201581764653,0.033499801698764674
7,tweedie_direct_multilead_regression,full,1.1,0.2,5,0.270994474666611,0.03335086867072171
7,tweedie_direct_multilead_regression,full,1.5,0.4,5,0.2710084718817404,0.03402213975641429
7,tweedie_direct_multilead_regression,reduced,1.5,0.4,5,0.27114978645149834,0.024414967383574206
7,tweedie_direct_multilead_regression,full,1.3,0.5,5,0.27124314284536527,0.03354415843161976
7,tweedie_direct_multilead_regression,full,1.7,0.9,5,0.2713166423314533,0.03429376303296473
7,tweedie_direct_multilead_regression,reduced,1.5,0.9,5,0.27135831739378813,0.027653059954473463
7,tweedie_direct_multilead_regression,reduced,1.7,0.9,5,0.271463459358845,0.024442819351613992
7,tweedie_direct_multilead_regression,reduced,1.3,0.4,5,0.27161261437498496,0.027805477560184626
7,tweedie_direct_multilead_regression,full,1.2,0.1,5,0.2716733168864741,0.03382734475830029
7,tweedie_direct_multilead_regression,full,1.05,0.2,5,0.27181307337469374,0.033541764485069396
7,tweedie_direct_multilead_regression,reduced,1.5,1.0,5,0.27185884381435754,0.028228443104319094
7,tweedie_direct_multilead_regression,full,1.3,0.6,5,0.27214561267667947,0.03372924946749236
7,tweedie_direct_multilead_regression,full,1.2,0.4,5,0.27223745680826805,0.03359461638243842
7,tweedie_direct_multilead_regression,reduced,1.2,0.3,5,0.27238062380070194,0.028652552570377996
7,tweedie_direct_multilead_regression,reduced,1.1,0.2,5,0.2724446976516328,0.028731964224561854
7,tweedie_direct_multilead_regression,reduced,1.2,0.1,5,0.27256415025911906,0.024599161048468675
7,tweedie_direct_multilead_regression,full,1.1,0.3,5,0.27294996980731334,0.0338533968434867
7,tweedie_direct_multilead_regression,full,1.3,0.7,5,0.2729613206485236,0.03383045551130444
7,tweedie_direct_multilead_regression,reduced,1.3,0.5,5,0.27298930204913907,0.02923834919763256
7,tweedie_direct_multilead_regression,full,1.7,0.8,5,0.2730046303532226,0.035414965809265085
7,tweedie_direct_multilead_regression,reduced,1.7,0.8,5,0.27305209537376735,0.024792231149442935
7,tweedie_direct_multilead_regression,full,1.3,0.73,5,0.2731707519432242,0.03389464804590856
7,tweedie_direct_multilead_regression,full,1.2,0.5,5,0.2732700613481115,0.03392066015045826
7,tweedie_direct_multilead_regression,full,1.3,0.75,5,0.27330537503104474,0.03393831056063797
7,tweedie_direct_multilead_regression,full,1.7,0.78,5,0.2734695271097,0.03576943147448826
7,tweedie_direct_multilead_regression,reduced,1.7,0.78,5,0.27347266801259484,0.02496674534286941
7,tweedie_direct_multilead_regression,full,1.3,0.78,5,0.2735129483894625,0.03398595188366602
7,tweedie_direct_multilead_regression,reduced,1.05,0.2,5,0.2736287595709063,0.02999997559380477
7,tweedie_direct_multilead_regression,full,1.3,0.8,5,0.2736365064075782,0.03403161548135651
7,tweedie_direct_multilead_regression,full,1.05,0.3,5,0.27398408560382376,0.034361361763946226
7,tweedie_direct_multilead_regression,reduced,1.3,0.6,5,0.27400384368725794,0.03045185966709108
7,tweedie_direct_multilead_regression,reduced,1.2,0.4,5,0.27403111960896237,0.030480801822671075
7,tweedie_direct_multilead_regression,full,1.1,0.4,5,0.27404134925591556,0.03451617329099896
7,tweedie_direct_multilead_regression,reduced,1.7,0.75,5,0.2741851477289844,0.02532878330498193
7,tweedie_direct_multilead_regression,full,1.3,0.9,5,0.2742019383205473,0.03426626598649255
7,tweedie_direct_multilead_regression,full,1.7,0.75,5,0.27421192314278736,0.036460778976121315
7,tweedie_direct_multilead_regression,full,1.2,0.6,5,0.27428679517513055,0.03437677166003455
7,tweedie_direct_multilead_regression,reduced,1.7,0.73,5,0.2747031272928627,0.025661277135629594
7,tweedie_direct_multilead_regression,full,1.7,0.73,5,0.27476922864406716,0.036985333344175045
7,tweedie_direct_multilead_regression,full,1.3,1.0,5,0.2747875619053422,0.03458090974775499
7,tweedie_direct_multilead_regression,reduced,1.1,0.3,5,0.274801829666914,0.03130690511816809
7,tweedie_direct_multilead_regression,full,1.2,0.7,5,0.2749144742648234,0.03468929639196449
7,tweedie_direct_multilead_regression,reduced,1.3,0.7,5,0.2749370093653781,0.031496180113138254
7,tweedie_direct_multilead_regression,full,1.05,0.4,5,0.27499446567075475,0.03504688820762514
7,tweedie_direct_multilead_regression,full,1.1,0.5,5,0.2750801661758988,0.03509274008341089
7,tweedie_direct_multilead_regression,full,1.2,0.73,5,0.27513273553907236,0.03478006158495274
7,tweedie_direct_multilead_regression,reduced,1.3,0.73,5,0.2751857081329846,0.03178141096580426
7,tweedie_direct_multilead_regression,full,1.2,0.75,5,0.27524914583897137,0.034845841829363906
7,tweedie_direct_multilead_regression,full,1.2,0.78,5,0.2752763321054591,0.03506062669972607
7,tweedie_direct_multilead_regression,reduced,1.3,0.75,5,0.2753434831610658,0.03196384903479868
7,tweedie_direct_multilead_regression,reduced,1.2,0.5,5,0.2753786437424616,0.03198678594114433
7,tweedie_direct_multilead_regression,full,1.2,0.8,5,0.2754431199188355,0.035205262956087786
7,tweedie_direct_multilead_regression,reduced,1.5,0.3,5,0.27545700586026717,0.026073144247466234
7,tweedie_direct_multilead_regression,reduced,1.3,0.78,5,0.2755691668665453,0.032226153398743164
7,tweedie_direct_multilead_regression,reduced,1.7,0.7,5,0.275596755728321,0.026308166069924845
7,tweedie_direct_multilead_regression,reduced,1.3,0.8,5,0.27571325055388785,0.03239374630910821
7,tweedie_direct_multilead_regression,full,1.7,0.7,5,0.2757218255533971,0.0379007340069508
7,tweedie_direct_multilead_regression,full,1.5,0.3,5,0.27573478907587756,0.03787228864366774
7,tweedie_direct_multilead_regression,full,1.2,0.9,5,0.27589442530838315,0.03547955211572114
7,tweedie_direct_multilead_regression,full,1.1,0.6,5,0.27590360543189973,0.035470285819052025
7,tweedie_direct_multilead_regression,full,1.05,0.5,5,0.2759991159543696,0.03551077373867483
7,tweedie_direct_multilead_regression,reduced,1.05,0.3,5,0.2760287759658177,0.03267664919205686
7,tweedie_direct_multilead_regression,full,1.2,1.0,5,0.2763458265055217,0.03571797982878591
7,tweedie_direct_multilead_regression,reduced,1.3,0.9,5,0.2763659736319474,0.03315761429269357
7,tweedie_direct_multilead_regression,reduced,1.2,0.6,5,0.2763983472555113,0.03317770644041875
7,tweedie_direct_multilead_regression,reduced,1.1,0.4,5,0.27646761936422093,0.03320723885821846
7,tweedie_direct_multilead_regression,full,1.1,0.7,5,0.2765528326119676,0.03582251725318882
7,tweedie_direct_multilead_regression,full,1.1,0.73,5,0.27671981823442826,0.035919978255090995
7,tweedie_direct_multilead_regression,reduced,1.3,1.0,5,0.27692071800841733,0.03381152919292704
7,tweedie_direct_multilead_regression,full,1.05,0.6,5,0.27694355542644755,0.036122936949465084
7,tweedie_direct_multilead_regression,full,1.05,0.7,5,0.27701202652096446,0.03597278486671886
7,tweedie_direct_multilead_regression,full,1.1,0.75,5,0.2770124577623175,0.03616992918459176
7,tweedie_direct_multilead_regression,full,1.1,0.78,5,0.27714988790637773,0.03625120192690015
7,tweedie_direct_multilead_regression,full,1.05,0.73,5,0.27718922176617944,0.036095426497990676
7,tweedie_direct_multilead_regression,reduced,1.2,0.7,5,0.27720301025759886,0.03410728235238195
7,tweedie_direct_multilead_regression,full,1.1,0.8,5,0.2772371839140141,0.03630376557127803
7,tweedie_direct_multilead_regression,full,1.05,0.75,5,0.2773005752804151,0.03617358439184696
7,tweedie_direct_multilead_regression,reduced,1.2,0.73,5,0.2774189633780902,0.0343769530421987
7,tweedie_direct_multilead_regression,full,1.05,0.78,5,0.27745872789674364,0.03628619014771728
7,tweedie_direct_multilead_regression,reduced,1.2,0.75,5,0.27754542532060006,0.034533296726000806
7,tweedie_direct_multilead_regression,full,1.05,0.8,5,0.27755890751237,0.03635853148573474
7,tweedie_direct_multilead_regression,reduced,1.05,0.4,5,0.2776298605975668,0.034603693380408855
7,tweedie_direct_multilead_regression,full,1.1,0.9,5,0.27763101075378077,0.0365509284343224
7,tweedie_direct_multilead_regression,full,1.1,1.0,5,0.2776330585871961,0.03641712487700537
7,tweedie_direct_multilead_regression,reduced,1.1,0.5,5,0.27770673992205097,0.03470607041327736
7,tweedie_direct_multilead_regression,reduced,1.2,0.78,5,0.27772538514961065,0.03475649283965056
7,tweedie_direct_multilead_regression,reduced,1.2,0.8,5,0.27783950399660207,0.034898326799907876
7,tweedie_direct_multilead_regression,full,1.05,0.9,5,0.2780222534607163,0.03667824715627275
7,tweedie_direct_multilead_regression,full,1.05,1.0,5,0.2783939829035921,0.03697154092598674
7,tweedie_direct_multilead_regression,reduced,1.2,0.9,5,0.2784455384922941,0.03564809196707671
7,tweedie_direct_multilead_regression,reduced,1.1,0.6,5,0.2784664019259241,0.03566178957421373
7,tweedie_direct_multilead_regression,reduced,1.05,0.5,5,0.2785576378113855,0.03577078790578183
7,tweedie_direct_multilead_regression,reduced,1.2,1.0,5,0.27885549659870923,0.03616442289244632
7,tweedie_direct_multilead_regression,reduced,1.1,0.7,5,0.2790551182392061,0.036405849646715484
7,tweedie_direct_multilead_regression,reduced,1.7,0.6,5,0.2792025146994019,0.029833167007399894
7,tweedie_direct_multilead_regression,reduced,1.1,0.73,5,0.2792066102306324,0.03659703663894958
7,tweedie_direct_multilead_regression,reduced,1.1,0.75,5,0.2793021042980565,0.036717531417546447
7,tweedie_direct_multilead_regression,reduced,1.05,0.6,5,0.2793516521302378,0.036557609216702654
7,tweedie_direct_multilead_regression,reduced,1.1,0.78,5,0.2794377188631493,0.036888738922044646
7,tweedie_direct_multilead_regression,reduced,1.1,0.8,5,0.2795234775901136,0.03699681319646782
7,tweedie_direct_multilead_regression,full,1.7,0.6,5,0.2797016435515406,0.042971649658348876
7,tweedie_direct_multilead_regression,reduced,1.05,0.7,5,0.27984479129323636,0.037228194869458525
7,tweedie_direct_multilead_regression,reduced,1.1,0.9,5,0.27990549812850135,0.03747317409798211
7,tweedie_direct_multilead_regression,reduced,1.05,0.73,5,0.27997205247397633,0.037397418377029305
7,tweedie_direct_multilead_regression,reduced,1.05,0.75,5,0.2800527074054058,0.03750337130790915
7,tweedie_direct_multilead_regression,reduced,1.05,0.78,5,0.2800970604932222,0.03770195711160197
7,tweedie_direct_multilead_regression,reduced,1.05,0.8,5,0.2801731201275278,0.037793754217967546
7,tweedie_direct_multilead_regression,reduced,1.1,1.0,5,0.2802260384421902,0.03786248364620494
7,tweedie_direct_multilead_regression,reduced,1.05,0.9,5,0.28047903736124286,0.038165558883789946
7,tweedie_direct_multilead_regression,reduced,1.05,1.0,5,0.28076737062996565,0.03850121445993027
7,tweedie_direct_multilead_regression,reduced,1.3,0.1,5,0.28109298076290795,0.03162817495889442
7,tweedie_direct_multilead_regression,full,1.3,0.1,5,0.2814850275134108,0.044963977364121686
7,tweedie_direct_multilead_regression,reduced,1.7,0.5,5,0.2853361634056625,0.03851018231289596
7,tweedie_direct_multilead_regression,full,1.7,0.5,5,0.2855969477803601,0.052300519082927106
7,tweedie_direct_multilead_regression,full,1.5,0.2,5,0.287635003265214,0.055720759205222535
7,tweedie_direct_multilead_regression,reduced,1.5,0.2,5,0.2877936488602624,0.042110546208600434
7,tweedie_direct_multilead_regression,full,1.9,1.0,5,0.2924586479503302,0.06505491700936795
7,tweedie_direct_multilead_regression,reduced,1.9,1.0,5,0.29252951828212753,0.05113219245483775
7,tweedie_direct_multilead_regression,full,1.7,0.4,5,0.2948608248255165,0.06945939077072606
7,tweedie_direct_multilead_regression,reduced,1.7,0.4,5,0.2959113418338188,0.057043090212012156
7,tweedie_direct_multilead_regression,full,1.9,0.9,5,0.29767059033869503,0.07524063245290585
7,tweedie_direct_multilead_regression,reduced,1.9,0.9,5,0.2981884468077388,0.06160437277418853
7,tweedie_direct_multilead_regression,full,1.9,0.8,5,0.3040684960889739,0.08818284988651959
7,tweedie_direct_multilead_regression,reduced,1.9,0.8,5,0.3050483846483497,0.07472516152346576
7,tweedie_direct_multilead_regression,full,1.9,0.78,5,0.30550283184197935,0.09114674214497799
7,tweedie_direct_multilead_regression,reduced,1.9,0.78,5,0.30659405930896577,0.0777148681632869
7,tweedie_direct_multilead_regression,full,1.9,0.75,5,0.30757706148942365,0.09543358289105154
7,tweedie_direct_multilead_regression,full,1.9,0.73,5,0.3088071145693297,0.09797564018451427
7,tweedie_direct_multilead_regression,reduced,1.9,0.75,5,0.3090144467242009,0.082411951849404
7,tweedie_direct_multilead_regression,full,1.7,0.3,5,0.30943446355329235,0.09904750574194669
7,tweedie_direct_multilead_regression,reduced,1.9,0.73,5,0.31070609788150927,0.08568539059804604
7,tweedie_direct_multilead_regression,reduced,1.7,0.3,5,0.31147140912110205,0.08658126278560414
7,tweedie_direct_multilead_regression,full,1.9,0.7,5,0.3115045706092041,0.10366847287649045
7,tweedie_direct_multilead_regression,reduced,1.9,0.7,5,0.3133523423902721,0.09083814401345525
7,tweedie_direct_multilead_regression,full,1.5,0.1,5,0.32012944773101726,0.12135931709022718
7,tweedie_direct_multilead_regression,full,1.05,0.01,5,0.32066074670131295,0.12292854344249085
7,tweedie_direct_multilead_regression,full,1.9,0.6,5,0.32127289925626407,0.12422320285486657
7,tweedie_direct_multilead_regression,reduced,1.9,0.6,5,0.32309903735181134,0.10989944839891157
7,tweedie_direct_multilead_regression,reduced,1.5,0.1,5,0.32401221039671674,0.11004610612764434
7,tweedie_direct_multilead_regression,reduced,1.05,0.01,5,0.3295043308554634,0.11487809449343245
7,tweedie_direct_multilead_regression,full,1.1,0.01,5,0.3298284432997647,0.14193571382753567
7,tweedie_direct_multilead_regression,full,1.9,0.5,5,0.33307537437611356,0.1495669104572672
7,tweedie_direct_multilead_regression,full,1.7,0.2,5,0.3336492911571865,0.15058767937191697
7,tweedie_direct_multilead_regression,reduced,1.9,0.5,5,0.33602811787488873,0.135541813775635
7,tweedie_direct_multilead_regression,reduced,1.7,0.2,5,0.3375764393031174,0.13762242929046034
7,tweedie_direct_multilead_regression,reduced,1.1,0.01,5,0.3393054351261708,0.13272697391908525
7,tweedie_direct_multilead_regression,full,1.9,0.4,5,0.3478185876766295,0.18144458668265376
7,tweedie_direct_multilead_regression,reduced,1.9,0.4,5,0.35255463551537763,0.16812946919400026
7,tweedie_direct_multilead_regression,full,1.9,0.3,5,0.36702398520145085,0.22296694319481652
7,tweedie_direct_multilead_regression,full,1.2,0.01,5,0.3680933719855347,0.22518926474241205
7,tweedie_direct_multilead_regression,reduced,1.9,0.3,5,0.3738186211381978,0.20983640512472604
7,tweedie_direct_multilead_regression,reduced,1.2,0.01,5,0.3766203325810896,0.2068767525854892
7,tweedie_direct_multilead_regression,full,1.7,0.1,5,0.3788047365267357,0.2479936924495287
7,tweedie_direct_multilead_regression,full,1.05,0.001,5,0.3815043727478901,0.2506201307026314
7,tweedie_direct_multilead_regression,reduced,1.7,0.1,5,0.3883684413545537,0.2362150199540369
7,tweedie_direct_multilead_regression,full,1.5,0.0,5,0.3893666781160439,0.24955162800807618
7,tweedie_direct_multilead_regression,full,1.9,0.2,5,0.39154630576371563,0.27568506773958057
7,tweedie_direct_multilead_regression,reduced,1.9,0.2,5,0.4007176593812142,0.26105346453592015
7,tweedie_direct_multilead_regression,reduced,1.05,0.001,5,0.40165478570710833,0.22532413679641508
7,tweedie_direct_multilead_regression,full,1.3,0.01,5,0.40367139194986895,0.3008179811639344
7,tweedie_direct_multilead_regression,reduced,1.3,0.01,5,0.4130946686318443,0.2755088461939165
7,tweedie_direct_multilead_regression,full,1.1,0.001,5,0.4139485162194438,0.32034784091927915
7,tweedie_direct_multilead_regression,full,1.9,0.001,5,0.41730987981647216,0.1865629985155765
7,tweedie_direct_multilead_regression,full,1.05,0.0,5,0.42318655080541256,0.335103988977202
7,tweedie_direct_multilead_regression,full,1.9,0.1,5,0.4232380788216856,0.3422268359963247
7,tweedie_direct_multilead_regression,reduced,1.9,0.1,5,0.43767703785415585,0.328251468570867
7,tweedie_direct_multilead_regression,full,1.5,0.01,5,0.4395142361485923,0.37443820179655574
7,tweedie_direct_multilead_regression,reduced,1.7,0.0,5,0.4423112217432753,0.20147759467802182
7,tweedie_direct_multilead_regression,reduced,1.1,0.001,5,0.44591821611862487,0.3202635662421025
7,tweedie_direct_multilead_regression,reduced,1.5,0.0,5,0.4486216030023882,0.24836566008555347
7,tweedie_direct_multilead_regression,full,1.7,0.001,5,0.45182489582337065,0.3504333895029774
7,tweedie_direct_multilead_regression,full,1.2,0.001,5,0.4552097456254411,0.4057253169203452
7,tweedie_direct_multilead_regression,reduced,1.5,0.01,5,0.4559290991733744,0.3537193035248118
7,tweedie_direct_multilead_regression,full,1.7,0.01,5,0.46241138973494544,0.41943498485836717
7,tweedie_direct_multilead_regression,full,1.1,0.0,5,0.46298746523297024,0.4238394468039745
7,tweedie_direct_multilead_regression,full,1.3,0.001,5,0.4673942898747798,0.42887017814141565
7,tweedie_direct_multilead_regression,full,1.2,0.0,5,0.4686902826253223,0.4290887738088712
7,tweedie_direct_multilead_regression,reduced,1.1,0.0,5,0.46931075026194585,0.34084970904199124
7,tweedie_direct_multilead_regression,reduced,1.05,0.0,5,0.46955374735337896,0.3363393050298353
7,tweedie_direct_multilead_regression,full,1.9,0.01,5,0.4729353878569665,0.4241203922920083
7,tweedie_direct_multilead_regression,full,1.3,0.0,5,0.47834430828439733,0.44651940091676173
7,tweedie_direct_multilead_regression,reduced,1.9,0.001,5,0.4804741341169592,0.29582367215229405
7,tweedie_direct_multilead_regression,reduced,1.7,0.01,5,0.48758134216097043,0.4044494672707744
7,tweedie_direct_multilead_regression,reduced,1.2,0.001,5,0.49152062033966726,0.40855731947645
7,tweedie_direct_multilead_regression,full,1.5,0.001,5,0.4938907011089319,0.4845506022069375
7,tweedie_direct_multilead_regression,reduced,1.3,0.001,5,0.5025603914131652,0.43088465308020896
7,tweedie_direct_multilead_regression,reduced,1.9,0.01,5,0.5027406550516306,0.41037174964928735
7,tweedie_direct_multilead_regression,reduced,1.2,0.0,5,0.5119709539347378,0.4370895844908778
7,tweedie_direct_multilead_regression,reduced,1.7,0.001,5,0.5138616825721835,0.39060050622339454
7,tweedie_direct_multilead_regression,reduced,1.5,0.001,5,0.5269250224907978,0.4627783635321282
7,tweedie_direct_multilead_regression,reduced,1.3,0.0,5,0.5341213707540505,0.4874663615262254
7,tweedie_direct_multilead_regression,reduced,1.9,0.0,5,0.6666718026345005,0.689545009490229
7,tweedie_direct_multilead_regression,full,1.7,0.0,5,0.8777781146654375,0.8283010434958767
7,tweedie_direct_multilead_regression,full,1.9,0.0,5,1.0693140408832313,0.761492252861758
8,tweedie_direct_multilead_regression,reduced,1.7,1.0,5,0.23059343338833468,0.08410908264034352
8,tweedie_direct_multilead_regression,reduced,1.5,0.9,5,0.23077223551594805,0.08039882893596566
8,tweedie_direct_multilead_regression,reduced,1.5,0.8,5,0.23077495979326676,0.08131559137618047
8,tweedie_direct_multilead_regression,reduced,1.5,0.78,5,0.23078727302362023,0.0815339310434498
8,tweedie_direct_multilead_regression,reduced,1.7,0.9,5,0.23083137067527248,0.08541723384999018
8,tweedie_direct_multilead_regression,reduced,1.5,0.75,5,0.23084566602948592,0.08191839150746878
8,tweedie_direct_multilead_regression,reduced,1.5,0.73,5,0.23087514780519797,0.08217607254373901
8,tweedie_direct_multilead_regression,reduced,1.5,1.0,5,0.23092312760259848,0.0797672591348991
8,tweedie_direct_multilead_regression,reduced,1.5,0.7,5,0.23093336995223632,0.08259523907422164
8,tweedie_direct_multilead_regression,reduced,1.5,0.6,5,0.23116538639583908,0.08428623904806833
8,tweedie_direct_multilead_regression,reduced,1.7,0.8,5,0.23126900090759395,0.08709679189126021
8,tweedie_direct_multilead_regression,reduced,1.7,0.78,5,0.23135446455495004,0.08746500647075804
8,tweedie_direct_multilead_regression,reduced,1.7,0.75,5,0.23154034639970217,0.0881054465125127
8,tweedie_direct_multilead_regression,reduced,1.3,0.5,5,0.2315446230812928,0.08116073987415619
8,tweedie_direct_multilead_regression,reduced,1.7,0.73,5,0.2316547176799065,0.08852132536629141
8,tweedie_direct_multilead_regression,reduced,1.3,0.6,5,0.23167760256853084,0.07984430686117837
8,tweedie_direct_multilead_regression,reduced,1.3,0.4,5,0.23176659184619233,0.08330788372095933
8,tweedie_direct_multilead_regression,reduced,1.5,0.5,5,0.2317962185980041,0.08679424358355405
8,tweedie_direct_multilead_regression,reduced,1.7,0.7,5,0.23184076253717856,0.08918300573195297
8,tweedie_direct_multilead_regression,reduced,1.3,0.7,5,0.23193635526691034,0.0790861722205795
8,tweedie_direct_multilead_regression,reduced,1.2,0.4,5,0.23195286595307976,0.08077285818457329
8,tweedie_direct_multilead_regression,reduced,1.3,0.73,5,0.2320367714837533,0.07892702971037115
8,tweedie_direct_multilead_regression,reduced,1.3,0.75,5,0.2321086603355102,0.07883441090808889
8,tweedie_direct_multilead_regression,reduced,1.2,0.3,5,0.23211002383520657,0.0834890422342021
8,tweedie_direct_multilead_regression,reduced,1.9,1.0,5,0.23212274852277454,0.09163587844345707
8,tweedie_direct_multilead_regression,reduced,1.2,0.5,5,0.2322042071676485,0.0794872662502346
8,tweedie_direct_multilead_regression,reduced,1.3,0.78,5,0.23222223054508823,0.07871295352281721
8,tweedie_direct_multilead_regression,reduced,1.05,0.3,5,0.2322601687171681,0.07968276036828881
8,tweedie_direct_multilead_regression,reduced,1.1,0.3,5,0.232296174047861,0.08082145212714023
8,tweedie_direct_multilead_regression,reduced,1.3,0.8,5,0.23230112837318972,0.07864231686713778
8,tweedie_direct_multilead_regression,reduced,1.1,0.4,5,0.23248370200476307,0.07900552673248679
8,tweedie_direct_multilead_regression,reduced,1.7,0.6,5,0.23254151589525485,0.0917190519643401
8,tweedie_direct_multilead_regression,reduced,1.2,0.6,5,0.2325459470292782,0.07862335681286582
8,tweedie_direct_multilead_regression,reduced,1.05,0.2,5,0.23256813564340523,0.08339992750702432
8,tweedie_direct_multilead_regression,reduced,1.3,0.3,5,0.2325777312850003,0.08710356385920186
8,tweedie_direct_multilead_regression,reduced,1.9,0.9,5,0.2326734408479556,0.09345693103179355
8,tweedie_direct_multilead_regression,reduced,1.3,0.9,5,0.23269945759381655,0.07830908601561783
8,tweedie_direct_multilead_regression,reduced,1.1,0.2,5,0.23277685151675542,0.08503954816970133
8,tweedie_direct_multilead_regression,reduced,1.5,0.4,5,0.23279112515628247,0.09040498989495907
8,tweedie_direct_multilead_regression,reduced,1.05,0.4,5,0.23300663753065187,0.07865350008657963
8,tweedie_direct_multilead_regression,reduced,1.3,1.0,5,0.23312570937125826,0.07816464835504183
8,tweedie_direct_multilead_regression,reduced,1.1,0.5,5,0.2331926550730655,0.07840778117111238
8,tweedie_direct_multilead_regression,reduced,1.2,0.7,5,0.233205833556026,0.07829973337577945
8,tweedie_direct_multilead_regression,reduced,1.9,0.8,5,0.2333381715387785,0.09556256208057395
8,tweedie_direct_multilead_regression,reduced,1.2,0.73,5,0.23338936455641854,0.07825883113091063
8,tweedie_direct_multilead_regression,reduced,1.2,0.2,5,0.2333927063821441,0.08927331028156027
8,tweedie_direct_multilead_regression,reduced,1.9,0.78,5,0.2334859320430768,0.09602090236472396
8,tweedie_direct_multilead_regression,reduced,1.7,0.5,5,0.23349852594273418,0.09498566806183084
8,tweedie_direct_multilead_regression,reduced,1.2,0.75,5,0.2335119525295258,0.07823928113613661
8,tweedie_direct_multilead_regression,reduced,1.2,0.78,5,0.23371589640213414,0.07819268258745081
8,tweedie_direct_multilead_regression,reduced,1.9,0.75,5,0.23371773544029387,0.09673504058124932
8,tweedie_direct_multilead_regression,reduced,1.2,0.8,5,0.23383747230008015,0.07818815720135613
8,tweedie_direct_multilead_regression,reduced,1.9,0.73,5,0.23387952306131088,0.09722927269807824
8,tweedie_direct_multilead_regression,reduced,1.05,0.5,5,0.23390530373858587,0.07834357074360636
8,tweedie_direct_multilead_regression,reduced,1.1,0.6,5,0.23400525889934984,0.07827253647337035
8,tweedie_direct_multilead_regression,reduced,1.9,0.7,5,0.23413208627128718,0.09799829106158935
8,tweedie_direct_multilead_regression,reduced,1.3,0.2,5,0.23433643461503229,0.09397911319692015
8,tweedie_direct_multilead_regression,reduced,1.5,0.3,5,0.2343544637966799,0.09584828374231816
8,tweedie_direct_multilead_regression,reduced,1.2,0.9,5,0.23449412428253943,0.07827323685034619
8,tweedie_direct_multilead_regression,reduced,1.7,0.4,5,0.2348017682019909,0.09916877427606363
8,tweedie_direct_multilead_regression,reduced,1.1,0.7,5,0.2348235601340692,0.07831395807032306
8,tweedie_direct_multilead_regression,reduced,1.05,0.6,5,0.23483761810444476,0.0783544002765342
8,tweedie_direct_multilead_regression,reduced,1.1,0.73,5,0.23505289171139174,0.07835884010595055
8,tweedie_direct_multilead_regression,reduced,1.9,0.6,5,0.23507113613725142,0.10081958205212382
8,tweedie_direct_multilead_regression,reduced,1.2,1.0,5,0.23509126982154735,0.07835386887435808
8,tweedie_direct_multilead_regression,reduced,1.1,0.75,5,0.23520323966263113,0.07839248744546107
8,tweedie_direct_multilead_regression,reduced,1.05,0.1,5,0.2352205034356743,0.09424007636323685
8,tweedie_direct_multilead_regression,reduced,1.1,0.78,5,0.2354242929480524,0.07844677806182095
8,tweedie_direct_multilead_regression,reduced,1.1,0.8,5,0.23552759676244056,0.07849356600313856
8,tweedie_direct_multilead_regression,reduced,1.05,0.7,5,0.23563759849833743,0.07852985527307596
8,tweedie_direct_multilead_regression,full,1.2,1.0,5,0.23599046892211467,0.08644850113855788
8,tweedie_direct_multilead_regression,reduced,1.05,0.73,5,0.23600159139768503,0.0787917717883274
8,tweedie_direct_multilead_regression,full,1.1,1.0,5,0.23603220311720952,0.08652994561816503
8,tweedie_direct_multilead_regression,full,1.1,0.9,5,0.23605033724672686,0.08654705541267925
8,tweedie_direct_multilead_regression,full,1.1,0.8,5,0.23608920879334133,0.08642921515641194
8,tweedie_direct_multilead_regression,full,1.1,0.78,5,0.23614013424538186,0.08645361141720843
8,tweedie_direct_multilead_regression,reduced,1.9,0.5,5,0.2361555585001708,0.10411497581125058
8,tweedie_direct_multilead_regression,reduced,1.05,0.75,5,0.23615618876060238,0.07883269786529186
8,tweedie_direct_multilead_regression,reduced,1.1,0.9,5,0.2362244665722641,0.07870415716785559
8,tweedie_direct_multilead_regression,full,1.1,0.75,5,0.23622810431777816,0.0864928569195834
8,tweedie_direct_multilead_regression,full,1.2,0.9,5,0.236252378139827,0.0865717434844233
8,tweedie_direct_multilead_regression,full,1.05,0.8,5,0.2362585978842024,0.08650065753218333
8,tweedie_direct_multilead_regression,full,1.05,0.78,5,0.2362694369148269,0.08650333835828942
8,tweedie_direct_multilead_regression,full,1.05,0.75,5,0.23627928060539483,0.08648009665947859
8,tweedie_direct_multilead_regression,full,1.1,0.73,5,0.23628673813291373,0.08651917793767953
8,tweedie_direct_multilead_regression,full,1.05,0.73,5,0.23630790644053007,0.08649151944505029
8,tweedie_direct_multilead_regression,full,1.05,0.9,5,0.23632388613423636,0.08662503995963465
8,tweedie_direct_multilead_regression,full,1.05,0.7,5,0.23636876158328338,0.08651807788632716
8,tweedie_direct_multilead_regression,full,1.1,0.7,5,0.2363716399206855,0.0865517782950559
8,tweedie_direct_multilead_regression,reduced,1.05,0.78,5,0.2363823850079357,0.07889648724785524
8,tweedie_direct_multilead_regression,full,1.2,0.8,5,0.23640086174152572,0.0865166166923817
8,tweedie_direct_multilead_regression,full,1.05,1.0,5,0.23646047371432544,0.08653331243688038
8,tweedie_direct_multilead_regression,full,1.2,0.78,5,0.23646154228296448,0.08654001924720955
8,tweedie_direct_multilead_regression,reduced,1.1,0.1,5,0.23646387018395015,0.09853723216117462
8,tweedie_direct_multilead_regression,full,1.3,1.0,5,0.2365047438432414,0.08674063293278243
8,tweedie_direct_multilead_regression,full,1.05,0.6,5,0.23652790565554982,0.08675148607408706
8,tweedie_direct_multilead_regression,reduced,1.05,0.8,5,0.23652929304566578,0.07894021557942862
8,tweedie_direct_multilead_regression,reduced,1.7,0.3,5,0.2365359366187993,0.10452090629553416
8,tweedie_direct_multilead_regression,full,1.2,0.75,5,0.23656239696090497,0.08658048230221302
8,tweedie_direct_multilead_regression,full,1.2,0.73,5,0.23671497080809134,0.08667765849785262
8,tweedie_direct_multilead_regression,full,1.3,0.9,5,0.23684460914599975,0.0868235557982801
8,tweedie_direct_multilead_regression,full,1.2,0.7,5,0.23685395000458187,0.0867460599053122
8,tweedie_direct_multilead_regression,full,1.1,0.6,5,0.23686703121406416,0.0867821948852613
8,tweedie_direct_multilead_regression,reduced,1.5,0.2,5,0.236914506543611,0.10407081860391938
8,tweedie_direct_multilead_regression,reduced,1.1,1.0,5,0.23693888755189135,0.07906063153050565
8,tweedie_direct_multilead_regression,full,1.05,0.5,5,0.23701865646212586,0.0868948024363615
8,tweedie_direct_multilead_regression,reduced,1.05,0.9,5,0.2372163646422722,0.0791635991852659
8,tweedie_direct_multilead_regression,full,1.3,0.8,5,0.2372426601401419,0.0870651574581185
8,tweedie_direct_multilead_regression,full,1.1,0.5,5,0.23727465909071813,0.08721508948866874
8,tweedie_direct_multilead_regression,full,1.3,0.78,5,0.23734996829267133,0.08712588965799707
8,tweedie_direct_multilead_regression,full,1.2,0.6,5,0.23742999349008126,0.08707470288872217
8,tweedie_direct_multilead_regression,full,1.3,0.75,5,0.2374687135650307,0.08713812483301932
8,tweedie_direct_multilead_regression,reduced,1.2,0.1,5,0.2375499515315404,0.10339582650922735
8,tweedie_direct_multilead_regression,full,1.3,0.73,5,0.23757667524479684,0.08718468240574609
8,tweedie_direct_multilead_regression,full,1.3,0.7,5,0.23775234838174578,0.08726446429206554
8,tweedie_direct_multilead_regression,full,1.05,0.4,5,0.23775324595931574,0.0872301856606489
8,tweedie_direct_multilead_regression,reduced,1.05,1.0,5,0.23788545966851338,0.07941646628157871
8,tweedie_direct_multilead_regression,reduced,1.9,0.4,5,0.23790691256464144,0.1088201881382255
8,tweedie_direct_multilead_regression,full,1.1,0.4,5,0.23815316315641927,0.08758168877026425
8,tweedie_direct_multilead_regression,full,1.2,0.5,5,0.23829153941237324,0.08759195151986046
8,tweedie_direct_multilead_regression,full,1.5,1.0,5,0.23862263455989932,0.08772711231694454
8,tweedie_direct_multilead_regression,full,1.3,0.6,5,0.2386304168625625,0.08765690971010713
8,tweedie_direct_multilead_regression,reduced,1.3,0.1,5,0.23891097237376963,0.10863985905500144
8,tweedie_direct_multilead_regression,full,1.05,0.3,5,0.23918349440530906,0.08827371892180526
8,tweedie_direct_multilead_regression,full,1.5,0.9,5,0.23926203148798247,0.08818207378534401
8,tweedie_direct_multilead_regression,reduced,1.7,0.2,5,0.23932077272475696,0.11249451968418879
8,tweedie_direct_multilead_regression,full,1.2,0.4,5,0.2395876031271973,0.08848739853312314
8,tweedie_direct_multilead_regression,full,1.3,0.5,5,0.2399229913207316,0.08866982761033958
8,tweedie_direct_multilead_regression,full,1.1,0.3,5,0.2399278618116055,0.08875923367386036
8,tweedie_direct_multilead_regression,reduced,1.9,0.3,5,0.2400005023671313,0.11424364677205777
8,tweedie_direct_multilead_regression,full,1.5,0.8,5,0.24004911995763853,0.08878369208422783
8,tweedie_direct_multilead_regression,full,1.5,0.78,5,0.24022173370656236,0.08893082478928259
8,tweedie_direct_multilead_regression,full,1.5,0.75,5,0.24047309302762324,0.08912293078995277
8,tweedie_direct_multilead_regression,reduced,1.5,0.1,5,0.24053044917094052,0.11543654633009749
8,tweedie_direct_multilead_regression,full,1.5,0.73,5,0.24073166698909815,0.08922803548693593
8,tweedie_direct_multilead_regression,full,1.5,0.7,5,0.24105411643740293,0.08950574953583507
8,tweedie_direct_multilead_regression,full,1.3,0.4,5,0.24174479423574052,0.0902865923432919
8,tweedie_direct_multilead_regression,full,1.05,0.2,5,0.24180377082148383,0.09018227468271013
8,tweedie_direct_multilead_regression,full,1.2,0.3,5,0.24187104292478265,0.09040624834404735
8,tweedie_direct_multilead_regression,full,1.5,0.6,5,0.24239501925528534,0.09067826085902601
8,tweedie_direct_multilead_regression,full,1.7,1.0,5,0.24240171317065604,0.09043412076243175
8,tweedie_direct_multilead_regression,full,1.1,0.2,5,0.243055249411952,0.09152714510794706
8,tweedie_direct_multilead_regression,reduced,1.9,0.2,5,0.24308157667111155,0.12159881955625895
8,tweedie_direct_multilead_regression,full,1.7,0.9,5,0.24329668460223983,0.0912986260452541
8,tweedie_direct_multilead_regression,full,1.5,0.5,5,0.24419417380802208,0.09248985279584529
8,tweedie_direct_multilead_regression,full,1.3,0.3,5,0.2443951440053626,0.09290213082351043
8,tweedie_direct_multilead_regression,full,1.7,0.8,5,0.2444575320129716,0.09244404016627122
8,tweedie_direct_multilead_regression,full,1.7,0.78,5,0.24471426843241914,0.09271713764720434
8,tweedie_direct_multilead_regression,reduced,1.7,0.1,5,0.24495390906256764,0.12606114146034914
8,tweedie_direct_multilead_regression,full,1.7,0.75,5,0.24519133411383667,0.09316936408128103
8,tweedie_direct_multilead_regression,full,1.7,0.73,5,0.2454100123096034,0.09338486319764032
8,tweedie_direct_multilead_regression,full,1.7,0.7,5,0.24582997382332933,0.09381755096516813
8,tweedie_direct_multilead_regression,full,1.2,0.2,5,0.24599126603972823,0.09466742128837938
8,tweedie_direct_multilead_regression,full,1.5,0.4,5,0.2466272338044555,0.09493318401992526
8,tweedie_direct_multilead_regression,reduced,1.05,0.01,5,0.24679180205122203,0.13145045664485433
8,tweedie_direct_multilead_regression,full,1.9,1.0,5,0.24750629910463412,0.09536639250914086
8,tweedie_direct_multilead_regression,full,1.7,0.6,5,0.24759495385730212,0.09577208405612798
8,tweedie_direct_multilead_regression,reduced,1.1,0.01,5,0.24761574745513112,0.13311157793372008
8,tweedie_direct_multilead_regression,full,1.9,0.9,5,0.24871220120018905,0.09665538773593822
8,tweedie_direct_multilead_regression,full,1.3,0.2,5,0.2490086129391776,0.09815219017344297
8,tweedie_direct_multilead_regression,full,1.7,0.5,5,0.24959422052560926,0.09800851859178264
8,tweedie_direct_multilead_regression,full,1.5,0.3,5,0.24988781060889634,0.09867926810358242
8,tweedie_direct_multilead_regression,full,1.9,0.8,5,0.2500416249352314,0.09817702653521733
8,tweedie_direct_multilead_regression,reduced,1.9,0.1,5,0.2502481568830791,0.13574883626013778
8,tweedie_direct_multilead_regression,full,1.05,0.1,5,0.2502705320424077,0.09965446352307107
8,tweedie_direct_multilead_regression,full,1.9,0.78,5,0.2503436463651326,0.09853483187575278
8,tweedie_direct_multilead_regression,full,1.9,0.75,5,0.2508066225085016,0.09907274790321195
8,tweedie_direct_multilead_regression,full,1.9,0.73,5,0.2510876419731566,0.09937341074289745
8,tweedie_direct_multilead_regression,reduced,1.05,0.001,5,0.2516800815403058,0.13371362061499711
8,tweedie_direct_multilead_regression,full,1.9,0.7,5,0.2517077059096874,0.10017191629752656
8,tweedie_direct_multilead_regression,full,1.1,0.1,5,0.2518374472112292,0.10170521601877405
8,tweedie_direct_multilead_regression,full,1.7,0.4,5,0.25221602871383086,0.10113506787213397
8,tweedie_direct_multilead_regression,full,1.9,0.6,5,0.25344986277181114,0.10224039027353471
8,tweedie_direct_multilead_regression,reduced,1.2,0.01,5,0.25372498257210885,0.1454568143966374
8,tweedie_direct_multilead_regression,full,1.5,0.2,5,0.2547037435761573,0.10462576806973142
8,tweedie_direct_multilead_regression,full,1.2,0.1,5,0.2548893267046905,0.10536366894875393
8,tweedie_direct_multilead_regression,full,1.9,0.5,5,0.2555787448647621,0.10473691861476293
8,tweedie_direct_multilead_regression,full,1.7,0.3,5,0.25558206519824267,0.10516546315676091
8,tweedie_direct_multilead_regression,reduced,1.3,0.01,5,0.2576451633360659,0.15203904873070997
8,tweedie_direct_multilead_regression,full,1.3,0.1,5,0.25764523239021,0.10901249292725058
8,tweedie_direct_multilead_regression,full,1.9,0.4,5,0.2582474099022444,0.10800372715168709
8,tweedie_direct_multilead_regression,full,1.7,0.2,5,0.2606343570328274,0.11153006079189295
8,tweedie_direct_multilead_regression,full,1.9,0.3,5,0.2622426194023736,0.11317051925432971
8,tweedie_direct_multilead_regression,full,1.5,0.1,5,0.26258232835306367,0.11448024813649023
8,tweedie_direct_multilead_regression,reduced,1.05,0.0,5,0.2638066641041582,0.12842534200792388
8,tweedie_direct_multilead_regression,full,1.9,0.2,5,0.26743758858812355,0.11980724704815954
8,tweedie_direct_multilead_regression,reduced,1.5,0.01,5,0.2695051756401862,0.16771336240748436
8,tweedie_direct_multilead_regression,full,1.7,0.1,5,0.26966527712316607,0.12343259498870454
8,tweedie_direct_multilead_regression,full,1.1,0.01,5,0.2733170893578899,0.12865047358393625
8,tweedie_direct_multilead_regression,full,1.05,0.01,5,0.2751232637744881,0.13317008638146377
8,tweedie_direct_multilead_regression,full,1.9,0.1,5,0.2761673952229319,0.13128713268247377
8,tweedie_direct_multilead_regression,full,1.2,0.01,5,0.2765011372418616,0.13252699113340757
8,tweedie_direct_multilead_regression,full,1.05,0.001,5,0.2779608794581243,0.1295632843751422
8,tweedie_direct_multilead_regression,reduced,1.1,0.001,5,0.2788562726878161,0.1943298277205682
8,tweedie_direct_multilead_regression,reduced,1.7,0.01,5,0.2845437068472386,0.1894833633778033
8,tweedie_direct_multilead_regression,full,1.3,0.01,5,0.28482985207376854,0.14668200334076595
8,tweedie_direct_multilead_regression,reduced,1.2,0.001,5,0.2896782555231282,0.1929376067482369
8,tweedie_direct_multilead_regression,full,1.5,0.01,5,0.29414757589569723,0.16092674434018794
8,tweedie_direct_multilead_regression,full,1.1,0.001,5,0.30421912747293023,0.18077212954136
8,tweedie_direct_multilead_regression,reduced,1.3,0.001,5,0.3082221958658007,0.22069245496103257
8,tweedie_direct_multilead_regression,reduced,1.9,0.01,5,0.309072447687901,0.23046265379655487
8,tweedie_direct_multilead_regression,full,1.7,0.01,5,0.3106472030281283,0.1842158634859508
8,tweedie_direct_multilead_regression,reduced,1.1,0.0,5,0.311698565035594,0.21142792364938104
8,tweedie_direct_multilead_regression,full,1.2,0.001,5,0.3130967670104262,0.1978542778849972
8,tweedie_direct_multilead_regression,full,1.3,0.001,5,0.3206269862584867,0.20983246392938884
8,tweedie_direct_multilead_regression,full,1.05,0.0,5,0.321704021653098,0.21564693476770397
8,tweedie_direct_multilead_regression,full,1.1,0.0,5,0.32257115894279875,0.21734514693396906
8,tweedie_direct_multilead_regression,full,1.9,0.01,5,0.33211181210518015,0.22040551004686074
8,tweedie_direct_multilead_regression,full,1.2,0.0,5,0.3332723771406937,0.23898066850767505
8,tweedie_direct_multilead_regression,reduced,1.2,0.0,5,0.3338997370655529,0.24960312378923524
8,tweedie_direct_multilead_regression,full,1.3,0.0,5,0.337317252958656,0.24723258138864226
8,tweedie_direct_multilead_regression,reduced,1.5,0.001,5,0.3426889380246341,0.2827766243191258
8,tweedie_direct_multilead_regression,reduced,1.3,0.0,5,0.34424433654542214,0.24903608436585611
8,tweedie_direct_multilead_regression,full,1.5,0.001,5,0.3459219236152646,0.23735193441024477
8,tweedie_direct_multilead_regression,reduced,1.7,0.001,5,0.3830758500862633,0.3635452064345806
8,tweedie_direct_multilead_regression,full,1.5,0.0,5,0.4002847611923476,0.32111046659812553
8,tweedie_direct_multilead_regression,reduced,1.5,0.0,5,0.40331262928833206,0.3870520730743135
8,tweedie_direct_multilead_regression,full,1.7,0.001,5,0.4181174473470559,0.37786170808292235
8,tweedie_direct_multilead_regression,reduced,1.9,0.001,5,0.42562170083552414,0.4530259501475027
8,tweedie_direct_multilead_regression,full,1.9,0.001,5,0.43887605006704733,0.42381453248951506
8,tweedie_direct_multilead_regression,full,1.7,0.0,5,0.5152803840471929,0.5622282236941347
8,tweedie_direct_multilead_regression,reduced,1.7,0.0,5,0.515727827224952,0.6391403017314213
8,tweedie_direct_multilead_regression,reduced,1.9,0.0,5,0.5793991568305024,0.7813797879371221
8,tweedie_direct_multilead_regression,full,1.9,0.0,5,0.7362341265947733,0.7479257934788007
9,tweedie_direct_multilead_regression,reduced,1.9,0.9,5,0.21311973301974113,0.07107706717192956
9,tweedie_direct_multilead_regression,reduced,1.9,0.8,5,0.21315814987155163,0.07107245633858972
9,tweedie_direct_multilead_regression,reduced,1.9,0.78,5,0.21317793878860095,0.0710669483810444
9,tweedie_direct_multilead_regression,reduced,1.9,1.0,5,0.21319170656868155,0.07104016574697421
9,tweedie_direct_multilead_regression,reduced,1.9,0.75,5,0.21321734574271795,0.07105578225163184
9,tweedie_direct_multilead_regression,reduced,1.9,0.73,5,0.21325062111339524,0.07104653471880353
9,tweedie_direct_multilead_regression,reduced,1.7,0.5,5,0.2132808178049089,0.07130805927003807
9,tweedie_direct_multilead_regression,reduced,1.9,0.7,5,0.21331184763476063,0.07102852183047921
9,tweedie_direct_multilead_regression,reduced,1.7,0.4,5,0.21336963971056014,0.07125125502863788
9,tweedie_direct_multilead_regression,reduced,1.7,0.6,5,0.21343612421079658,0.07121537621997008
9,tweedie_direct_multilead_regression,reduced,1.5,0.3,5,0.2135332872593317,0.07144622047961864
9,tweedie_direct_multilead_regression,reduced,1.9,0.6,5,0.21362800274886745,0.07093572657083089
9,tweedie_direct_multilead_regression,reduced,1.7,0.7,5,0.2136773836904795,0.07107118069980906
9,tweedie_direct_multilead_regression,reduced,1.5,0.2,5,0.2136996527820279,0.07145280077813919
9,tweedie_direct_multilead_regression,reduced,1.2,0.1,5,0.21370900233252915,0.07215590173256645
9,tweedie_direct_multilead_regression,reduced,1.1,0.1,5,0.2137295756660425,0.07200808537340439
9,tweedie_direct_multilead_regression,reduced,1.7,0.73,5,0.21374948152519826,0.07103833470887637
9,tweedie_direct_multilead_regression,reduced,1.7,0.75,5,0.21379928825932942,0.07101564347058777
9,tweedie_direct_multilead_regression,reduced,1.7,0.78,5,0.21388314939270817,0.07099260714363852
9,tweedie_direct_multilead_regression,reduced,1.3,0.2,5,0.21389737004093196,0.0714795130706058
9,tweedie_direct_multilead_regression,reduced,1.3,0.1,5,0.21391937958517318,0.07177733609215041
9,tweedie_direct_multilead_regression,reduced,1.7,0.8,5,0.2139449171754623,0.07095888249869416
9,tweedie_direct_multilead_regression,reduced,1.5,0.4,5,0.21397502592929837,0.07120148848693769
9,tweedie_direct_multilead_regression,reduced,1.7,0.3,5,0.21398619771316446,0.07110322009485669
9,tweedie_direct_multilead_regression,reduced,1.9,0.5,5,0.2141102496951155,0.07067224829542278
9,tweedie_direct_multilead_regression,reduced,1.7,0.9,5,0.21420109612028831,0.0708554138207199
9,tweedie_direct_multilead_regression,reduced,1.05,0.1,5,0.21441577040616983,0.0722917462518713
9,tweedie_direct_multilead_regression,reduced,1.7,1.0,5,0.21450980357010696,0.07074250148184291
9,tweedie_direct_multilead_regression,reduced,1.5,0.5,5,0.21451265213062096,0.07096794052350741
9,tweedie_direct_multilead_regression,reduced,1.2,0.2,5,0.21486163591195764,0.07144555920721048
9,tweedie_direct_multilead_regression,reduced,1.3,0.3,5,0.2150245785174235,0.07096370763244692
9,tweedie_direct_multilead_regression,reduced,1.5,0.6,5,0.2150441904041064,0.07079379194359016
9,tweedie_direct_multilead_regression,reduced,1.9,0.4,5,0.21505085297628157,0.07046691846536399
9,tweedie_direct_multilead_regression,reduced,1.7,0.2,5,0.21553307049543524,0.07050184186284632
9,tweedie_direct_multilead_regression,reduced,1.5,0.7,5,0.21562316458127354,0.07075685765273526
9,tweedie_direct_multilead_regression,reduced,1.5,0.73,5,0.2157666406498015,0.07055808553548298
9,tweedie_direct_multilead_regression,reduced,1.5,0.75,5,0.21586914821004805,0.07053636833255851
9,tweedie_direct_multilead_regression,reduced,1.5,0.1,5,0.21601541131949026,0.07043544812846685
9,tweedie_direct_multilead_regression,reduced,1.5,0.78,5,0.2160208586553131,0.07050581589569622
9,tweedie_direct_multilead_regression,reduced,1.3,0.4,5,0.21610999865458758,0.07069966987180208
9,tweedie_direct_multilead_regression,reduced,1.5,0.8,5,0.21612000362073652,0.07048685743466684
9,tweedie_direct_multilead_regression,reduced,1.1,0.2,5,0.21615537585370376,0.07146118018157582
9,tweedie_direct_multilead_regression,reduced,1.2,0.3,5,0.21630883587152713,0.07100539362384634
9,tweedie_direct_multilead_regression,reduced,1.9,0.3,5,0.21654902983244537,0.07011481497905553
9,tweedie_direct_multilead_regression,reduced,1.5,0.9,5,0.2165697325900738,0.07040211261027184
9,tweedie_direct_multilead_regression,reduced,1.05,0.2,5,0.21677896292699125,0.07124903847956868
9,tweedie_direct_multilead_regression,reduced,1.3,0.5,5,0.21693031335030577,0.07057198056952685
9,tweedie_direct_multilead_regression,reduced,1.5,1.0,5,0.2169909470255656,0.07031906889319253
9,tweedie_direct_multilead_regression,reduced,1.2,0.4,5,0.21737635809752054,0.07061677896589437
9,tweedie_direct_multilead_regression,reduced,1.1,0.3,5,0.21765226252223485,0.07067638261530039
9,tweedie_direct_multilead_regression,reduced,1.3,0.6,5,0.21768258674849025,0.07046150564676872
9,tweedie_direct_multilead_regression,reduced,1.3,0.7,5,0.21828040144594368,0.07033092338460126
9,tweedie_direct_multilead_regression,reduced,1.05,0.3,5,0.21828479323769084,0.07062774871654037
9,tweedie_direct_multilead_regression,reduced,1.2,0.5,5,0.2183174283051848,0.07047393399071185
9,tweedie_direct_multilead_regression,reduced,1.3,0.73,5,0.218399667503544,0.07030913228103923
9,tweedie_direct_multilead_regression,reduced,1.3,0.75,5,0.2185020867079522,0.0702894442627882
9,tweedie_direct_multilead_regression,reduced,1.3,0.78,5,0.21864934138219105,0.07026273138019302
9,tweedie_direct_multilead_regression,reduced,1.3,0.8,5,0.21874372987171106,0.07024676741385447
9,tweedie_direct_multilead_regression,reduced,1.1,0.4,5,0.21877306640025532,0.07041031701956747
9,tweedie_direct_multilead_regression,reduced,1.2,0.6,5,0.21898787251617283,0.07028067322565411
9,tweedie_direct_multilead_regression,reduced,1.9,0.2,5,0.21914008075953043,0.06950795411130639
9,tweedie_direct_multilead_regression,reduced,1.3,0.9,5,0.21917631039121943,0.07018553976751372
9,tweedie_direct_multilead_regression,reduced,1.05,0.4,5,0.2192689074961273,0.07002478922215619
9,tweedie_direct_multilead_regression,reduced,1.2,0.7,5,0.2195515520920693,0.07021073660093537
9,tweedie_direct_multilead_regression,reduced,1.3,1.0,5,0.21955158782988277,0.07014567639665192
9,tweedie_direct_multilead_regression,reduced,1.1,0.5,5,0.21960218163583106,0.07026409059626733
9,tweedie_direct_multilead_regression,reduced,1.2,0.73,5,0.21970046346812336,0.07019431214784705
9,tweedie_direct_multilead_regression,reduced,1.2,0.75,5,0.2197941940455303,0.07018480006435276
9,tweedie_direct_multilead_regression,reduced,1.2,0.78,5,0.21992773525799114,0.07017221826605201
9,tweedie_direct_multilead_regression,reduced,1.7,0.1,5,0.2199377817462868,0.06947949977403761
9,tweedie_direct_multilead_regression,reduced,1.2,0.8,5,0.22001266258595525,0.07016473611848684
9,tweedie_direct_multilead_regression,reduced,1.05,0.5,5,0.22014013142933958,0.0700183174426846
9,tweedie_direct_multilead_regression,reduced,1.1,0.6,5,0.22018826433122313,0.07000638823525905
9,tweedie_direct_multilead_regression,reduced,1.2,0.9,5,0.22029892504055892,0.06995251846920045
9,tweedie_direct_multilead_regression,reduced,1.2,1.0,5,0.22063608216303274,0.06995575686193314
9,tweedie_direct_multilead_regression,reduced,1.1,0.7,5,0.22067593622342413,0.07001016357628206
9,tweedie_direct_multilead_regression,reduced,1.05,0.6,5,0.2207130192329493,0.07002046152641725
9,tweedie_direct_multilead_regression,reduced,1.1,0.73,5,0.22082620914638457,0.07001706038949601
9,tweedie_direct_multilead_regression,reduced,1.1,0.75,5,0.22090493865966904,0.07001505771441544
9,tweedie_direct_multilead_regression,reduced,1.1,0.78,5,0.22102344707340804,0.0700141068632991
9,tweedie_direct_multilead_regression,reduced,1.1,0.8,5,0.22109373684618702,0.07001154205991772
9,tweedie_direct_multilead_regression,reduced,1.05,0.7,5,0.22115254924341216,0.07000821986378443
9,tweedie_direct_multilead_regression,reduced,1.05,0.73,5,0.2212962367695746,0.06997468699904523
9,tweedie_direct_multilead_regression,reduced,1.05,0.75,5,0.22136517108241033,0.06997226096671554
9,tweedie_direct_multilead_regression,reduced,1.1,0.9,5,0.2214045902628416,0.06999545884858087
9,tweedie_direct_multilead_regression,reduced,1.05,0.78,5,0.2214682167164621,0.0699613243937838
9,tweedie_direct_multilead_regression,reduced,1.05,0.8,5,0.2215293669211726,0.06995894857013289
9,tweedie_direct_multilead_regression,reduced,1.1,1.0,5,0.22168872933859934,0.06995090154538533
9,tweedie_direct_multilead_regression,reduced,1.05,0.9,5,0.22184137463398415,0.06994472033534181
9,tweedie_direct_multilead_regression,reduced,1.05,1.0,5,0.22205392131424953,0.06992687472150284
9,tweedie_direct_multilead_regression,reduced,1.05,0.01,5,0.22226659224246745,0.06814885720957252
9,tweedie_direct_multilead_regression,reduced,1.1,0.01,5,0.222579342726044,0.06724062535107413
9,tweedie_direct_multilead_regression,full,1.9,0.8,5,0.2238949266299696,0.09222581873899856
9,tweedie_direct_multilead_regression,full,1.9,0.78,5,0.22392299424346498,0.09237712088999198
9,tweedie_direct_multilead_regression,full,1.9,0.9,5,0.22392708165920094,0.09157715169510056
9,tweedie_direct_multilead_regression,full,1.9,0.75,5,0.22393889020332486,0.09255433857307166
9,tweedie_direct_multilead_regression,full,1.9,0.73,5,0.2239732832792408,0.0926951409151552
9,tweedie_direct_multilead_regression,full,1.9,1.0,5,0.22397962770349694,0.09099873860993246
9,tweedie_direct_multilead_regression,full,1.9,0.7,5,0.2240014416763359,0.09291685501790366
9,tweedie_direct_multilead_regression,full,1.7,0.5,5,0.22406386946692672,0.09195868612745305
9,tweedie_direct_multilead_regression,full,1.7,0.4,5,0.2241139555950411,0.09316207248947735
9,tweedie_direct_multilead_regression,full,1.7,0.6,5,0.2242193223554713,0.09091653848761547
9,tweedie_direct_multilead_regression,full,1.9,0.6,5,0.2242482430317692,0.09362023772673717
9,tweedie_direct_multilead_regression,full,1.5,0.3,5,0.22434987080353003,0.09195065541257895
9,tweedie_direct_multilead_regression,full,1.5,0.2,5,0.2243764717186311,0.09413772872688234
9,tweedie_direct_multilead_regression,full,1.7,0.7,5,0.22443014627644176,0.08997870375008189
9,tweedie_direct_multilead_regression,full,1.7,0.73,5,0.22450616921373193,0.08974543643110876
9,tweedie_direct_multilead_regression,full,1.7,0.75,5,0.22456004647834799,0.08956919430954695
9,tweedie_direct_multilead_regression,reduced,1.9,0.1,5,0.22456179912218124,0.06835067584216437
9,tweedie_direct_multilead_regression,full,1.7,0.3,5,0.22458824367562907,0.09449040196069194
9,tweedie_direct_multilead_regression,full,1.7,0.78,5,0.22464500481269695,0.0893208133075096
9,tweedie_direct_multilead_regression,full,1.2,0.1,5,0.2246463265965334,0.09394684663218181
9,tweedie_direct_multilead_regression,full,1.9,0.5,5,0.22466900357490865,0.09437066350572992
9,tweedie_direct_multilead_regression,full,1.7,0.8,5,0.22469672311276315,0.08916730604508019
9,tweedie_direct_multilead_regression,full,1.3,0.2,5,0.22470036003803315,0.09120700856782514
9,tweedie_direct_multilead_regression,full,1.5,0.4,5,0.22485572542913826,0.09034357431996036
9,tweedie_direct_multilead_regression,full,1.3,0.1,5,0.22491883115761296,0.09517818132483577
9,tweedie_direct_multilead_regression,full,1.7,0.9,5,0.2249879288365853,0.08842023094960112
9,tweedie_direct_multilead_regression,full,1.1,0.1,5,0.22501527233726132,0.0924055878392245
9,tweedie_direct_multilead_regression,full,1.7,1.0,5,0.22528262750300562,0.08775437978564767
9,tweedie_direct_multilead_regression,full,1.05,0.1,5,0.22530181748133327,0.09148142297098269
9,tweedie_direct_multilead_regression,full,1.9,0.4,5,0.2253519621106123,0.09514249127377383
9,tweedie_direct_multilead_regression,full,1.5,0.5,5,0.22536852612327665,0.08872134420048179
9,tweedie_direct_multilead_regression,reduced,1.2,0.01,5,0.2253837845734849,0.06725044175060824
9,tweedie_direct_multilead_regression,full,1.2,0.2,5,0.2254001173463785,0.08937694644692627
9,tweedie_direct_multilead_regression,full,1.3,0.3,5,0.22562157117954512,0.0884768602346218
9,tweedie_direct_multilead_regression,full,1.5,0.6,5,0.22577822785699278,0.08755442457422072
9,tweedie_direct_multilead_regression,full,1.7,0.2,5,0.22583199928401704,0.09588509670337646
9,tweedie_direct_multilead_regression,full,1.5,0.1,5,0.22628236080716743,0.09661617328726954
9,tweedie_direct_multilead_regression,full,1.5,0.7,5,0.22636304304528995,0.08658045192590177
9,tweedie_direct_multilead_regression,full,1.9,0.3,5,0.2264209225881872,0.0959909229532741
9,tweedie_direct_multilead_regression,full,1.5,0.73,5,0.22650274642947155,0.0862914717888488
9,tweedie_direct_multilead_regression,full,1.1,0.2,5,0.22651192062835385,0.08771762614468108
9,tweedie_direct_multilead_regression,full,1.5,0.75,5,0.22658795167996199,0.08609943834537814
9,tweedie_direct_multilead_regression,full,1.3,0.4,5,0.22667308141453293,0.08650968497951468
9,tweedie_direct_multilead_regression,full,1.5,0.78,5,0.22674620130217785,0.08587910983377837
9,tweedie_direct_multilead_regression,full,1.5,0.8,5,0.226833814397793,0.08571626758769071
9,tweedie_direct_multilead_regression,full,1.2,0.3,5,0.22709802679817032,0.08692006781253653
9,tweedie_direct_multilead_regression,full,1.5,0.9,5,0.22718685187624196,0.08494045893899169
9,tweedie_direct_multilead_regression,full,1.05,0.2,5,0.22722695769388487,0.08677890023993129
9,tweedie_direct_multilead_regression,full,1.5,1.0,5,0.2275072220396154,0.08424779141576878
9,tweedie_direct_multilead_regression,full,1.3,0.5,5,0.22763635775240418,0.08523462201299575
9,tweedie_direct_multilead_regression,full,1.2,0.4,5,0.227969567090453,0.08494005527580302
9,tweedie_direct_multilead_regression,full,1.9,0.2,5,0.22805796249042878,0.0969673197694331
9,tweedie_direct_multilead_regression,full,1.3,0.6,5,0.22818718027269239,0.08399933075555334
9,tweedie_direct_multilead_regression,full,1.1,0.3,5,0.22829986069370767,0.0851249349288297
9,tweedie_direct_multilead_regression,full,1.2,0.5,5,0.22852369367399028,0.08337735346745766
9,tweedie_direct_multilead_regression,full,1.7,0.1,5,0.22862339970445378,0.09742847720102046
9,tweedie_direct_multilead_regression,full,1.3,0.7,5,0.2287081363766085,0.08307224434314758
9,tweedie_direct_multilead_regression,full,1.3,0.75,5,0.22879615894785155,0.08265953870017524
9,tweedie_direct_multilead_regression,full,1.05,0.3,5,0.22883105908852475,0.08411339166609147
9,tweedie_direct_multilead_regression,full,1.3,0.73,5,0.22884315597118401,0.08281245375230613
9,tweedie_direct_multilead_regression,full,1.3,0.78,5,0.22890118898216322,0.08242594856011304
9,tweedie_direct_multilead_regression,full,1.3,0.8,5,0.22896690533780015,0.08227497811136075
9,tweedie_direct_multilead_regression,full,1.2,0.6,5,0.22910818643101455,0.08234135984971543
9,tweedie_direct_multilead_regression,full,1.1,0.4,5,0.22915947993724178,0.08322820635405423
9,tweedie_direct_multilead_regression,full,1.3,0.9,5,0.22924121196272007,0.08156947566986725
9,tweedie_direct_multilead_regression,reduced,1.3,0.01,5,0.2293932858346853,0.06804233615880971
9,tweedie_direct_multilead_regression,full,1.3,1.0,5,0.22949216939848105,0.08098525048617901
9,tweedie_direct_multilead_regression,full,1.2,0.7,5,0.22951557043688772,0.08148278429345632
9,tweedie_direct_multilead_regression,full,1.2,0.73,5,0.22958817414720395,0.08122034400851001
9,tweedie_direct_multilead_regression,full,1.05,0.4,5,0.22959221714560832,0.08219784096165926
9,tweedie_direct_multilead_regression,full,1.1,0.5,5,0.2296437419101239,0.08185356827828058
9,tweedie_direct_multilead_regression,full,1.2,0.75,5,0.22964542634893775,0.08106396224344745
9,tweedie_direct_multilead_regression,full,1.2,0.78,5,0.22971940836670518,0.080832895621358
9,tweedie_direct_multilead_regression,full,1.2,0.8,5,0.22976194834581848,0.08068188174777753
9,tweedie_direct_multilead_regression,full,1.2,0.9,5,0.23003435180135368,0.08007836049908386
9,tweedie_direct_multilead_regression,full,1.05,0.5,5,0.23013513959589665,0.08091759834267336
9,tweedie_direct_multilead_regression,full,1.2,1.0,5,0.23024476450622505,0.0795563951063773
9,tweedie_direct_multilead_regression,full,1.1,0.6,5,0.23024719221193785,0.08075424074594367
9,tweedie_direct_multilead_regression,full,1.1,0.7,5,0.23038179132682468,0.07984991592800095
9,tweedie_direct_multilead_regression,full,1.1,0.73,5,0.23040646215935984,0.07960726150336131
9,tweedie_direct_multilead_regression,full,1.1,0.75,5,0.23050733899206435,0.07958569050573158
9,tweedie_direct_multilead_regression,full,1.1,0.78,5,0.23051872361448927,0.0793554421670748
9,tweedie_direct_multilead_regression,full,1.05,0.6,5,0.23051886866208804,0.08002236568023884
9,tweedie_direct_multilead_regression,full,1.1,0.9,5,0.2305421624979071,0.07848519592553733
9,tweedie_direct_multilead_regression,full,1.1,0.8,5,0.23054287880052576,0.07918443839015175
9,tweedie_direct_multilead_regression,full,1.05,0.01,5,0.2305883018541431,0.09839544810686318
9,tweedie_direct_multilead_regression,full,1.05,0.7,5,0.23059883362954428,0.07917755426126656
9,tweedie_direct_multilead_regression,full,1.05,0.73,5,0.23068503548442054,0.07890740845315258
9,tweedie_direct_multilead_regression,full,1.05,0.75,5,0.23068617100971003,0.07875383085340316
9,tweedie_direct_multilead_regression,full,1.05,0.8,5,0.2306880342811306,0.07839859627530854
9,tweedie_direct_multilead_regression,full,1.05,0.78,5,0.2306899027135727,0.07853984128210481
9,tweedie_direct_multilead_regression,full,1.1,1.0,5,0.23070015625284696,0.07803445203340698
9,tweedie_direct_multilead_regression,full,1.05,1.0,5,0.23081946379497845,0.07739588323756942
9,tweedie_direct_multilead_regression,full,1.05,0.9,5,0.2309076233967807,0.07800706506562699
9,tweedie_direct_multilead_regression,full,1.1,0.01,5,0.23099162204273718,0.09879860402290538
9,tweedie_direct_multilead_regression,full,1.9,0.1,5,0.23102894288420278,0.0978790135176344
9,tweedie_direct_multilead_regression,full,1.2,0.01,5,0.23177140259361967,0.09895309425268344
9,tweedie_direct_multilead_regression,full,1.3,0.01,5,0.23284307487021608,0.09901023225599963
9,tweedie_direct_multilead_regression,reduced,1.5,0.01,5,0.2345889537441547,0.06831243611856101
9,tweedie_direct_multilead_regression,full,1.05,0.001,5,0.23478200274025784,0.09935845847161766
9,tweedie_direct_multilead_regression,full,1.1,0.001,5,0.23533038816884205,0.09980600230383573
9,tweedie_direct_multilead_regression,full,1.5,0.01,5,0.23533131170395624,0.09925416850806477
9,tweedie_direct_multilead_regression,full,1.2,0.001,5,0.2358155654162367,0.09988079857588283
9,tweedie_direct_multilead_regression,full,1.1,0.0,5,0.23595382693660957,0.09990444626324069
9,tweedie_direct_multilead_regression,full,1.05,0.0,5,0.23603426021641347,0.1001059376876228
9,tweedie_direct_multilead_regression,full,1.7,0.01,5,0.23714909740612394,0.09804528414831173
9,tweedie_direct_multilead_regression,reduced,1.1,0.001,5,0.23911562356938373,0.06923305095540537
9,tweedie_direct_multilead_regression,full,1.3,0.001,5,0.2391692928214899,0.09776054498665838
9,tweedie_direct_multilead_regression,full,1.2,0.0,5,0.23929726607415547,0.09760348826653543
9,tweedie_direct_multilead_regression,full,1.3,0.0,5,0.24036318248293503,0.09753913619591224
9,tweedie_direct_multilead_regression,reduced,1.05,0.001,5,0.24055404882771808,0.06868780693751357
9,tweedie_direct_multilead_regression,full,1.9,0.01,5,0.24354540224203033,0.09846882778499111
9,tweedie_direct_multilead_regression,reduced,1.2,0.001,5,0.2447727714022201,0.06865110515131866
9,tweedie_direct_multilead_regression,reduced,1.7,0.01,5,0.2451648699225112,0.07295461131862627
9,tweedie_direct_multilead_regression,reduced,1.1,0.0,5,0.24892139537105012,0.07039921602396304
9,tweedie_direct_multilead_regression,reduced,1.3,0.001,5,0.2501365863910868,0.06600195384997352
9,tweedie_direct_multilead_regression,reduced,1.05,0.0,5,0.25086937035336415,0.0725913386410879
9,tweedie_direct_multilead_regression,full,1.5,0.001,5,0.252109758851662,0.11160512088597221
9,tweedie_direct_multilead_regression,reduced,1.2,0.0,5,0.25443581133881576,0.07076998780779498
9,tweedie_direct_multilead_regression,reduced,1.9,0.01,5,0.2563159850389859,0.07503188612250412
9,tweedie_direct_multilead_regression,reduced,1.3,0.0,5,0.26104546436491505,0.06958861477709288
9,tweedie_direct_multilead_regression,reduced,1.5,0.001,5,0.2682415870113049,0.08652948780468425
9,tweedie_direct_multilead_regression,full,1.5,0.0,5,0.27041907518940833,0.13734636560207192
9,tweedie_direct_multilead_regression,reduced,1.5,0.0,5,0.2787236068407849,0.1017901263001962
9,tweedie_direct_multilead_regression,full,1.7,0.001,5,0.3005161578836992,0.11527856978256219
9,tweedie_direct_multilead_regression,reduced,1.7,0.001,5,0.3073520052754243,0.09320304880045545
9,tweedie_direct_multilead_regression,full,1.9,0.001,5,0.37160226885024583,0.21181663567448603
9,tweedie_direct_multilead_regression,reduced,1.9,0.001,5,0.4039441113718598,0.24543355763919403
9,tweedie_direct_multilead_regression,reduced,1.7,0.0,5,0.6347087088834746,0.7140763190866833
9,tweedie_direct_multilead_regression,reduced,1.9,0.0,5,0.6347254172507448,0.722972319093813
9,tweedie_direct_multilead_regression,full,1.7,0.0,5,0.6352836281909898,0.7719614647303272
9,tweedie_direct_multilead_regression,full,1.9,0.0,5,0.645263936040029,0.7620702291730408
