material,model,feature_set,tweedie_power,tweedie_alpha,n_folds,mean_validation_SMAPE,std_validation_SMAPE
1,tweedie_direct_multilead_regression,full,1.05,1.0,5,0.16658988695838628,0.05322473825103697
1,tweedie_direct_multilead_regression,full,1.1,1.0,5,0.16676799489434954,0.05296791830364177
1,tweedie_direct_multilead_regression,full,1.05,0.9,5,0.1667766329012109,0.05290536176534726
1,tweedie_direct_multilead_regression,full,1.05,0.8,5,0.16698788614641769,0.052551749407787826
1,tweedie_direct_multilead_regression,full,1.1,0.9,5,0.1669980063603468,0.05267696087124414
1,tweedie_direct_multilead_regression,full,1.05,0.78,5,0.16705039992815113,0.05247882421261125
1,tweedie_direct_multilead_regression,full,1.05,0.75,5,0.16715051619354687,0.05239201684799114
1,tweedie_direct_multilead_regression,full,1.05,0.73,5,0.16721056566224407,0.0523123881320223
1,tweedie_direct_multilead_regression,full,1.2,1.0,5,0.16721339640940194,0.0524685325761594
1,tweedie_direct_multilead_regression,full,1.1,0.8,5,0.16723020609169548,0.052314424186858235
1,tweedie_direct_multilead_regression,full,1.1,0.78,5,0.16728522597796572,0.05223549053068445
1,tweedie_direct_multilead_regression,full,1.05,0.7,5,0.1673086255236802,0.05218854500236575
1,tweedie_direct_multilead_regression,full,1.1,0.75,5,0.16740256368057777,0.05211703050396436
1,tweedie_direct_multilead_regression,full,1.2,0.9,5,0.1674759851194371,0.0521567422233384
1,tweedie_direct_multilead_regression,full,1.1,0.73,5,0.16749166908327073,0.052039568829442016
1,tweedie_direct_multilead_regression,full,1.1,0.7,5,0.16759993879610308,0.051912745786425636
1,tweedie_direct_multilead_regression,full,1.05,0.6,5,0.16775641193243718,0.05171053357832928
1,tweedie_direct_multilead_regression,full,1.3,1.0,5,0.16777222158231977,0.051955679016850304
1,tweedie_direct_multilead_regression,full,1.2,0.8,5,0.16777541119991,0.05177331502085136
1,tweedie_direct_multilead_regression,full,1.2,0.78,5,0.16785807921841783,0.05170245744231111
1,tweedie_direct_multilead_regression,full,1.2,0.75,5,0.16797380988951785,0.05158590768725408
1,tweedie_direct_multilead_regression,full,1.2,0.73,5,0.16805716757255118,0.05150653230681258
1,tweedie_direct_multilead_regression,full,1.1,0.6,5,0.16806554956168349,0.05146345586162289
1,tweedie_direct_multilead_regression,full,1.3,0.9,5,0.1680717843808697,0.0516244732897751
1,tweedie_direct_multilead_regression,full,1.2,0.7,5,0.16820823617900987,0.051364010861140445
1,tweedie_direct_multilead_regression,full,1.05,0.5,5,0.16837590697006488,0.05115259123045374
1,tweedie_direct_multilead_regression,full,1.3,0.8,5,0.1684208324569986,0.05123101740257328
1,tweedie_direct_multilead_regression,full,1.3,0.78,5,0.16851224688518854,0.05115566964458562
1,tweedie_direct_multilead_regression,full,1.3,0.75,5,0.16869915365805901,0.05105848491315841
1,tweedie_direct_multilead_regression,full,1.1,0.5,5,0.1687539264676455,0.05092112586420571
1,tweedie_direct_multilead_regression,full,1.2,0.6,5,0.1687894804781345,0.05093673329866668
1,tweedie_direct_multilead_regression,full,1.3,0.73,5,0.16880198692313536,0.05102410387821578
1,tweedie_direct_multilead_regression,full,1.3,0.7,5,0.1689655749560124,0.05088691920136142
1,tweedie_direct_multilead_regression,full,1.5,1.0,5,0.16913436023089115,0.050866386198156484
1,tweedie_direct_multilead_regression,full,1.05,0.4,5,0.16929670058340238,0.05056153980940202
1,tweedie_direct_multilead_regression,full,1.5,0.9,5,0.1695797825104293,0.05057199146773775
1,tweedie_direct_multilead_regression,full,1.2,0.5,5,0.1696359895887149,0.05044327493880219
1,tweedie_direct_multilead_regression,full,1.3,0.6,5,0.16968788464409174,0.05047036594301537
1,tweedie_direct_multilead_regression,full,1.1,0.4,5,0.169725089945182,0.050306558813972925
1,tweedie_direct_multilead_regression,full,1.5,0.8,5,0.17010363485337116,0.05022131800409674
1,tweedie_direct_multilead_regression,full,1.5,0.78,5,0.17022122615965404,0.05015071283255574
1,tweedie_direct_multilead_regression,reduced,1.05,1.0,5,0.17037674788578064,0.057593384331695266
1,tweedie_direct_multilead_regression,full,1.5,0.75,5,0.17039470711107282,0.050061933453333055
1,tweedie_direct_multilead_regression,reduced,1.1,1.0,5,0.1705076164257975,0.0576207197756739
1,tweedie_direct_multilead_regression,reduced,1.05,0.9,5,0.17053268600775826,0.05762466342583744
1,tweedie_direct_multilead_regression,full,1.5,0.73,5,0.17053388568901548,0.04998071524217197
1,tweedie_direct_multilead_regression,full,1.3,0.5,5,0.17057814953431227,0.049960096346795595
1,tweedie_direct_multilead_regression,reduced,1.1,0.9,5,0.1706774260571311,0.057617256559709625
1,tweedie_direct_multilead_regression,reduced,1.05,0.8,5,0.1707374629816764,0.05761467668337007
1,tweedie_direct_multilead_regression,full,1.2,0.4,5,0.17074403052737094,0.04981589772557453
1,tweedie_direct_multilead_regression,reduced,1.2,1.0,5,0.1707591204225393,0.05761157385908328
1,tweedie_direct_multilead_regression,full,1.5,0.7,5,0.170764636931201,0.04984452024029104
1,tweedie_direct_multilead_regression,full,1.05,0.3,5,0.17077528274460488,0.04980936951100151
1,tweedie_direct_multilead_regression,reduced,1.05,0.78,5,0.17078925871856973,0.05760719224472613
1,tweedie_direct_multilead_regression,reduced,1.1,0.8,5,0.17080859325759146,0.057537830407817014
1,tweedie_direct_multilead_regression,reduced,1.05,0.73,5,0.17081896478308306,0.057535192167425364
1,tweedie_direct_multilead_regression,full,1.7,1.0,5,0.1708223254360546,0.04983469520996345
1,tweedie_direct_multilead_regression,reduced,1.05,0.75,5,0.1708731930128769,0.05759478120090735
1,tweedie_direct_multilead_regression,reduced,1.1,0.78,5,0.17088678683003405,0.05754416098727209
1,tweedie_direct_multilead_regression,reduced,1.05,0.7,5,0.17092724834064515,0.057531879846834444
1,tweedie_direct_multilead_regression,reduced,1.1,0.75,5,0.17097235149425538,0.05751447132406783
1,tweedie_direct_multilead_regression,reduced,1.2,0.9,5,0.17097437736373294,0.057543157520951384
1,tweedie_direct_multilead_regression,reduced,1.1,0.73,5,0.1710344384971358,0.0574917606990126
1,tweedie_direct_multilead_regression,reduced,1.3,1.0,5,0.17113301710926024,0.05747288651719957
1,tweedie_direct_multilead_regression,reduced,1.1,0.7,5,0.1711362566000715,0.057452403518597706
1,tweedie_direct_multilead_regression,reduced,1.2,0.8,5,0.17126726809582765,0.05742800011000478
1,tweedie_direct_multilead_regression,full,1.1,0.3,5,0.17131309873045467,0.049584750271756496
1,tweedie_direct_multilead_regression,reduced,1.05,0.6,5,0.17131645813017865,0.057389688339450136
1,tweedie_direct_multilead_regression,reduced,1.2,0.78,5,0.1713376356011837,0.05739774372871041
1,tweedie_direct_multilead_regression,full,1.7,0.9,5,0.17137385572787753,0.049536025030965006
1,tweedie_direct_multilead_regression,reduced,1.2,0.75,5,0.17137859155098376,0.05731668201519269
1,tweedie_direct_multilead_regression,reduced,1.3,0.9,5,0.17141006462163982,0.0573480557224269
1,tweedie_direct_multilead_regression,reduced,1.2,0.73,5,0.17145500047486048,0.0572778380513388
1,tweedie_direct_multilead_regression,reduced,1.1,0.6,5,0.17157071992335066,0.05726235823741343
1,tweedie_direct_multilead_regression,reduced,1.2,0.7,5,0.1715779893041632,0.05721447254995419
1,tweedie_direct_multilead_regression,full,1.5,0.6,5,0.17161325285291745,0.04943082451940473
1,tweedie_direct_multilead_regression,reduced,1.3,0.8,5,0.1717671233778606,0.05717647526728293
1,tweedie_direct_multilead_regression,full,1.3,0.4,5,0.17185155179566877,0.04939035722801054
1,tweedie_direct_multilead_regression,reduced,1.3,0.78,5,0.1718547127253623,0.057137202737267814
1,tweedie_direct_multilead_regression,reduced,1.05,0.5,5,0.17189531051366003,0.057134018622331084
1,tweedie_direct_multilead_regression,reduced,1.3,0.75,5,0.1719889287924253,0.05707068259795537
1,tweedie_direct_multilead_regression,reduced,1.3,0.73,5,0.1720851426273819,0.057023057685320414
1,tweedie_direct_multilead_regression,reduced,1.2,0.6,5,0.172096368132775,0.05692899660605389
1,tweedie_direct_multilead_regression,full,1.7,0.8,5,0.17210463849767993,0.0492319626017794
1,tweedie_direct_multilead_regression,reduced,1.1,0.5,5,0.1721497646138077,0.05699557315417551
1,tweedie_direct_multilead_regression,reduced,1.3,0.7,5,0.17224011460393415,0.05694655448636684
1,tweedie_direct_multilead_regression,full,1.7,0.78,5,0.17225051423821447,0.04917635479695259
1,tweedie_direct_multilead_regression,reduced,1.5,1.0,5,0.1723325001880482,0.056954659048466735
1,tweedie_direct_multilead_regression,full,1.2,0.3,5,0.17250175897091224,0.04917339374806758
1,tweedie_direct_multilead_regression,full,1.7,0.75,5,0.17250403769241254,0.049078512053673216
1,tweedie_direct_multilead_regression,reduced,1.05,0.4,5,0.17263590619343966,0.05667451031669959
1,tweedie_direct_multilead_regression,full,1.7,0.73,5,0.17267444613024513,0.04901227999060151
1,tweedie_direct_multilead_regression,reduced,1.5,0.9,5,0.1727231194051702,0.056726562911291
1,tweedie_direct_multilead_regression,full,1.5,0.5,5,0.17273881187481932,0.04898632618423178
1,tweedie_direct_multilead_regression,reduced,1.2,0.5,5,0.17287059636852398,0.05663428117467574
1,tweedie_direct_multilead_regression,reduced,1.3,0.6,5,0.17287305039298936,0.056616515746748884
1,tweedie_direct_multilead_regression,full,1.7,0.7,5,0.1729190746791977,0.04891821737431196
1,tweedie_direct_multilead_regression,full,1.9,1.0,5,0.1729887506077629,0.0488385278448032
1,tweedie_direct_multilead_regression,reduced,1.1,0.4,5,0.173072606476417,0.05654824027668455
1,tweedie_direct_multilead_regression,reduced,1.5,0.8,5,0.1731907772124793,0.05643942024696304
1,tweedie_direct_multilead_regression,reduced,1.5,0.78,5,0.17329867668806004,0.056376348251964935
1,tweedie_direct_multilead_regression,full,1.05,0.2,5,0.17330638132188775,0.048927258483971794
1,tweedie_direct_multilead_regression,reduced,1.5,0.75,5,0.17347377209208195,0.056273925149956626
1,tweedie_direct_multilead_regression,reduced,1.5,0.73,5,0.17359592095025253,0.056205383261583974
1,tweedie_direct_multilead_regression,full,1.9,0.9,5,0.1736714015032025,0.04856639893154659
1,tweedie_direct_multilead_regression,reduced,1.3,0.5,5,0.17368666455096138,0.05618134932093495
1,tweedie_direct_multilead_regression,full,1.3,0.3,5,0.17369581989813213,0.04874711831072176
1,tweedie_direct_multilead_regression,reduced,1.5,0.7,5,0.17379108683057415,0.05609797594261096
1,tweedie_direct_multilead_regression,reduced,1.7,1.0,5,0.17382190237170195,0.056070232805337614
1,tweedie_direct_multilead_regression,reduced,1.2,0.4,5,0.1738931386832569,0.05611420562002048
1,tweedie_direct_multilead_regression,full,1.7,0.6,5,0.17393953436632556,0.048527755342267546
1,tweedie_direct_multilead_regression,full,1.1,0.2,5,0.17396625801083984,0.048777671486650735
1,tweedie_direct_multilead_regression,reduced,1.05,0.3,5,0.17397796161154502,0.05604511720909511
1,tweedie_direct_multilead_regression,full,1.5,0.4,5,0.17426183861065925,0.048481143681148635
1,tweedie_direct_multilead_regression,reduced,1.7,0.9,5,0.17433682298601613,0.05577730520479548
1,tweedie_direct_multilead_regression,reduced,1.1,0.3,5,0.1744872932268723,0.05585630130581992
1,tweedie_direct_multilead_regression,full,1.9,0.8,5,0.17450573636494676,0.04833698528429981
1,tweedie_direct_multilead_regression,reduced,1.5,0.6,5,0.17456818154196796,0.05567377390916171
1,tweedie_direct_multilead_regression,full,1.9,0.78,5,0.17469060278878695,0.04828501488550394
1,tweedie_direct_multilead_regression,reduced,1.3,0.4,5,0.17482665687609616,0.05556141471618405
1,tweedie_direct_multilead_regression,reduced,1.7,0.8,5,0.1749698865666004,0.05543237055881329
1,tweedie_direct_multilead_regression,full,1.9,0.75,5,0.17497700334974808,0.048201188738820344
1,tweedie_direct_multilead_regression,reduced,1.7,0.78,5,0.17511194559296567,0.05535521340669169
1,tweedie_direct_multilead_regression,full,1.9,0.73,5,0.1751800260464574,0.04815125242361973
1,tweedie_direct_multilead_regression,full,1.2,0.2,5,0.17529017503273953,0.04827081105195652
1,tweedie_direct_multilead_regression,full,1.7,0.5,5,0.17529709557668444,0.048174353030979965
1,tweedie_direct_multilead_regression,reduced,1.7,0.75,5,0.17533538342621052,0.05523551323539571
1,tweedie_direct_multilead_regression,reduced,1.2,0.3,5,0.1754221564102326,0.05529886497689711
1,tweedie_direct_multilead_regression,reduced,1.7,0.73,5,0.1754914130382951,0.05515261806892497
1,tweedie_direct_multilead_regression,full,1.9,0.7,5,0.17550019313569867,0.0480491122091837
1,tweedie_direct_multilead_regression,reduced,1.5,0.5,5,0.1755871083464503,0.05514100092965696
1,tweedie_direct_multilead_regression,reduced,1.9,1.0,5,0.17567134957221459,0.05494028575646816
1,tweedie_direct_multilead_regression,reduced,1.7,0.7,5,0.17573694113419078,0.055022803839823706
1,tweedie_direct_multilead_regression,reduced,1.05,0.2,5,0.17624688134915634,0.05489887325358757
1,tweedie_direct_multilead_regression,reduced,1.9,0.9,5,0.17630024020294832,0.05462867067787604
1,tweedie_direct_multilead_regression,full,1.5,0.3,5,0.17649662767133678,0.04796552120513382
1,tweedie_direct_multilead_regression,reduced,1.3,0.3,5,0.17655018750321957,0.05470847579653313
1,tweedie_direct_multilead_regression,reduced,1.7,0.6,5,0.17667255297784804,0.05453636295316243
1,tweedie_direct_multilead_regression,full,1.9,0.6,5,0.17669673449978088,0.0477545991355032
1,tweedie_direct_multilead_regression,reduced,1.1,0.2,5,0.1767428988295267,0.054575033520068914
1,tweedie_direct_multilead_regression,full,1.3,0.2,5,0.17685712695135325,0.04794532097321947
1,tweedie_direct_multilead_regression,reduced,1.5,0.4,5,0.17699198956591575,0.05443694785907845
1,tweedie_direct_multilead_regression,reduced,1.9,0.8,5,0.1770323115906076,0.05423941109873459
1,tweedie_direct_multilead_regression,full,1.7,0.4,5,0.17708618481344857,0.047793268865286766
1,tweedie_direct_multilead_regression,reduced,1.9,0.78,5,0.1771994441735108,0.05414444891208696
1,tweedie_direct_multilead_regression,reduced,1.9,0.75,5,0.17743799589949888,0.05400852886067793
1,tweedie_direct_multilead_regression,reduced,1.9,0.73,5,0.177608315913171,0.05392052806452692
1,tweedie_direct_multilead_regression,reduced,1.7,0.5,5,0.17785383652968262,0.0539821316162158
1,tweedie_direct_multilead_regression,reduced,1.9,0.7,5,0.17787632802950323,0.05377074857100025
1,tweedie_direct_multilead_regression,reduced,1.2,0.2,5,0.17795784557776956,0.05407670919182554
1,tweedie_direct_multilead_regression,full,1.9,0.5,5,0.17811542991558046,0.0474500830160311
1,tweedie_direct_multilead_regression,full,1.05,0.1,5,0.17880746839499087,0.04767695658678457
1,tweedie_direct_multilead_regression,reduced,1.5,0.3,5,0.17885121603465123,0.05352661173606342
1,tweedie_direct_multilead_regression,reduced,1.9,0.6,5,0.17889398929447586,0.05329109898888134
1,tweedie_direct_multilead_regression,reduced,1.3,0.2,5,0.1791071372874756,0.053438107913532464
1,tweedie_direct_multilead_regression,reduced,1.7,0.4,5,0.17926550586952533,0.053223537594703565
1,tweedie_direct_multilead_regression,full,1.7,0.3,5,0.17946311746638816,0.04738616490397268
1,tweedie_direct_multilead_regression,full,1.1,0.1,5,0.17978929680230668,0.04769417362889297
1,tweedie_direct_multilead_regression,full,1.5,0.2,5,0.17990458856827174,0.04741791713379949
1,tweedie_direct_multilead_regression,full,1.9,0.4,5,0.180031653357908,0.047191933625031664
1,tweedie_direct_multilead_regression,reduced,1.9,0.5,5,0.18009409760009035,0.05270354901567114
1,tweedie_direct_multilead_regression,reduced,1.05,0.1,5,0.18093153129233433,0.052948545918624745
1,tweedie_direct_multilead_regression,reduced,1.7,0.3,5,0.18117977188482878,0.05239445777871973
1,tweedie_direct_multilead_regression,full,1.2,0.1,5,0.18138810970693006,0.04746277090803696
1,tweedie_direct_multilead_regression,reduced,1.1,0.1,5,0.18148281018708104,0.05259929300715598
1,tweedie_direct_multilead_regression,reduced,1.9,0.4,5,0.18149272373756048,0.0520373273544669
1,tweedie_direct_multilead_regression,reduced,1.5,0.2,5,0.18152683087468985,0.052327504557731976
1,tweedie_direct_multilead_regression,full,1.9,0.3,5,0.1823750910010909,0.046861046448027896
1,tweedie_direct_multilead_regression,reduced,1.2,0.1,5,0.18270354909038336,0.05219710708410793
1,tweedie_direct_multilead_regression,full,1.7,0.2,5,0.18283760545021863,0.04702285138873805
1,tweedie_direct_multilead_regression,full,1.3,0.1,5,0.18296256935955507,0.0475346129725577
1,tweedie_direct_multilead_regression,reduced,1.9,0.3,5,0.18313503507122314,0.05126337318423279
1,tweedie_direct_multilead_regression,reduced,1.7,0.2,5,0.1835468248471122,0.05133382050859844
1,tweedie_direct_multilead_regression,reduced,1.3,0.1,5,0.183747412457038,0.0517115099355542
1,tweedie_direct_multilead_regression,reduced,1.9,0.2,5,0.18528125974494064,0.05058572887318505
1,tweedie_direct_multilead_regression,reduced,1.5,0.1,5,0.18555775277762132,0.05100259416321314
1,tweedie_direct_multilead_regression,full,1.9,0.2,5,0.18580743705099406,0.04695907956842852
1,tweedie_direct_multilead_regression,full,1.5,0.1,5,0.18586557198615783,0.04733501448687562
1,tweedie_direct_multilead_regression,reduced,1.7,0.1,5,0.18715853096905488,0.050651670362632316
1,tweedie_direct_multilead_regression,full,1.7,0.1,5,0.18879151892481238,0.047714991667367146
1,tweedie_direct_multilead_regression,reduced,1.9,0.1,5,0.18880565008770273,0.05068798089468818
1,tweedie_direct_multilead_regression,full,1.9,0.1,5,0.19184311868439388,0.04837326853545707
1,tweedie_direct_multilead_regression,reduced,1.05,0.01,5,0.19346486193698234,0.05414652655837125
1,tweedie_direct_multilead_regression,reduced,1.1,0.01,5,0.19491671386677534,0.05370555414720002
1,tweedie_direct_multilead_regression,reduced,1.2,0.01,5,0.19643176185441283,0.054976758804891036
1,tweedie_direct_multilead_regression,reduced,1.3,0.01,5,0.19964050677353845,0.0548240134590145
1,tweedie_direct_multilead_regression,full,1.05,0.01,5,0.20218803962442772,0.05933569358507662
1,tweedie_direct_multilead_regression,full,1.1,0.01,5,0.2041227403869566,0.06196781401732525
1,tweedie_direct_multilead_regression,reduced,1.5,0.01,5,0.20567010682651077,0.05691180292248754
1,tweedie_direct_multilead_regression,full,1.2,0.01,5,0.20650643726998902,0.06374183024318722
1,tweedie_direct_multilead_regression,full,1.3,0.01,5,0.2134657904682379,0.07531286562016097
1,tweedie_direct_multilead_regression,reduced,1.7,0.01,5,0.21450844356524232,0.062216695253013314
1,tweedie_direct_multilead_regression,full,1.5,0.01,5,0.22362979875252492,0.09461620422404066
1,tweedie_direct_multilead_regression,reduced,1.9,0.01,5,0.23044993092645844,0.08115386042964012
1,tweedie_direct_multilead_regression,full,1.7,0.01,5,0.2353903073096979,0.12430654518052892
1,tweedie_direct_multilead_regression,reduced,1.05,0.001,5,0.24190559342649628,0.07306124915111932
1,tweedie_direct_multilead_regression,full,1.9,0.01,5,0.24917305609492074,0.1544474647330461
1,tweedie_direct_multilead_regression,reduced,1.1,0.001,5,0.2562908801860246,0.10294021405196774
1,tweedie_direct_multilead_regression,reduced,1.2,0.001,5,0.26708257867808644,0.1177044011192287
1,tweedie_direct_multilead_regression,reduced,1.3,0.001,5,0.273247650408011,0.12563072175665893
1,tweedie_direct_multilead_regression,full,1.05,0.001,5,0.28563780714837705,0.2152193324662017
1,tweedie_direct_multilead_regression,full,1.1,0.001,5,0.2872660050474205,0.22364420257168915
1,tweedie_direct_multilead_regression,full,1.2,0.001,5,0.2895816142394477,0.24673212454079432
1,tweedie_direct_multilead_regression,full,1.3,0.001,5,0.3027558927536639,0.267560447232638
1,tweedie_direct_multilead_regression,full,1.5,0.001,5,0.3112204908323227,0.27415380135592826
1,tweedie_direct_multilead_regression,reduced,1.05,0.0,5,0.3114197834241882,0.16303669057171216
1,tweedie_direct_multilead_regression,reduced,1.1,0.0,5,0.3115884729529544,0.14857625565794835
1,tweedie_direct_multilead_regression,full,1.1,0.0,5,0.33196211731418135,0.3213323589933102
1,tweedie_direct_multilead_regression,reduced,1.5,0.001,5,0.33362884094263984,0.2503527749243245
1,tweedie_direct_multilead_regression,full,1.05,0.0,5,0.34636469832264116,0.3659673476802183
1,tweedie_direct_multilead_regression,full,1.7,0.001,5,0.3638587332124598,0.31321026429068205
1,tweedie_direct_multilead_regression,reduced,1.7,0.001,5,0.3689426460910522,0.3201246403380971
1,tweedie_direct_multilead_regression,full,1.2,0.0,5,0.3773923273275418,0.3733765452578805
1,tweedie_direct_multilead_regression,reduced,1.9,0.001,5,0.40862647362097704,0.38858767377122777
1,tweedie_direct_multilead_regression,full,1.9,0.001,5,0.4182186944668054,0.3114951826983884
1,tweedie_direct_multilead_regression,reduced,1.2,0.0,5,0.4851050666188913,0.5348012103375241
1,tweedie_direct_multilead_regression,reduced,1.3,0.0,5,0.4878022653080228,0.5489426124160588
1,tweedie_direct_multilead_regression,reduced,1.5,0.0,5,0.49566780457941056,0.5793404435787534
1,tweedie_direct_multilead_regression,reduced,1.7,0.0,5,0.5375515717909611,0.5981930077130382
1,tweedie_direct_multilead_regression,reduced,1.9,0.0,5,0.555277025836226,0.6361478135285001
1,tweedie_direct_multilead_regression,full,1.3,0.0,5,0.6227037185907338,0.5759495586492812
1,tweedie_direct_multilead_regression,full,1.5,0.0,5,0.9178033790357389,0.6327267645517458
1,tweedie_direct_multilead_regression,full,1.7,0.0,5,1.1900122909908053,0.5482169977882064
1,tweedie_direct_multilead_regression,full,1.9,0.0,5,1.6331278273996948,0.2743160034960407
10,tweedie_direct_multilead_regression,reduced,1.05,1.0,5,0.15965944986190267,0.0385857461958416
10,tweedie_direct_multilead_regression,reduced,1.05,0.9,5,0.15984857433632788,0.03756834238928078
10,tweedie_direct_multilead_regression,reduced,1.1,1.0,5,0.15989275273329412,0.0376863194593946
10,tweedie_direct_multilead_regression,reduced,1.05,0.8,5,0.16015301224926262,0.036520734326529934
10,tweedie_direct_multilead_regression,reduced,1.1,0.9,5,0.1601601543258027,0.03674167471785865
10,tweedie_direct_multilead_regression,reduced,1.05,0.78,5,0.16024015992758378,0.03630959861719917
10,tweedie_direct_multilead_regression,reduced,1.05,0.75,5,0.16036821208069477,0.03599135812248666
10,tweedie_direct_multilead_regression,reduced,1.05,0.73,5,0.16046077804172462,0.035785690332017166
10,tweedie_direct_multilead_regression,reduced,1.2,1.0,5,0.16050575589845056,0.03605411669731132
10,tweedie_direct_multilead_regression,reduced,1.1,0.8,5,0.16054038591799147,0.035804421815716705
10,tweedie_direct_multilead_regression,reduced,1.05,0.7,5,0.1606134725736291,0.035478988990108914
10,tweedie_direct_multilead_regression,reduced,1.1,0.78,5,0.16063404124572317,0.035621626217647376
10,tweedie_direct_multilead_regression,reduced,1.1,0.75,5,0.16078665332430625,0.03534937751518683
10,tweedie_direct_multilead_regression,reduced,1.1,0.73,5,0.16089769292795558,0.03516995510937624
10,tweedie_direct_multilead_regression,reduced,1.2,0.9,5,0.16091199488806848,0.03529481191123012
10,tweedie_direct_multilead_regression,reduced,1.1,0.7,5,0.16107843985634313,0.034903894703761165
10,tweedie_direct_multilead_regression,reduced,1.05,0.6,5,0.16126528489930597,0.03448526342218296
10,tweedie_direct_multilead_regression,reduced,1.3,1.0,5,0.16133814095328036,0.034778532030386854
10,tweedie_direct_multilead_regression,reduced,1.2,0.8,5,0.16144414563678877,0.03455959304164507
10,tweedie_direct_multilead_regression,reduced,1.2,0.78,5,0.16156987141839713,0.03442159488663069
10,tweedie_direct_multilead_regression,reduced,1.2,0.75,5,0.16177226766483516,0.0342230154404772
10,tweedie_direct_multilead_regression,reduced,1.3,0.9,5,0.16183754496061029,0.03423206836940109
10,tweedie_direct_multilead_regression,reduced,1.1,0.6,5,0.16188627820878213,0.03407613565923487
10,tweedie_direct_multilead_regression,reduced,1.2,0.73,5,0.16191717738452888,0.03409783472998231
10,tweedie_direct_multilead_regression,reduced,1.2,0.7,5,0.16215395596327148,0.033927582912762905
10,tweedie_direct_multilead_regression,reduced,1.05,0.5,5,0.16231819350405338,0.033760775349975215
10,tweedie_direct_multilead_regression,reduced,1.3,0.8,5,0.16254692885157104,0.03381929392517147
10,tweedie_direct_multilead_regression,reduced,1.3,0.78,5,0.16276161988580573,0.03375109738808839
10,tweedie_direct_multilead_regression,reduced,1.3,0.75,5,0.1630364146778276,0.033682650002917085
10,tweedie_direct_multilead_regression,reduced,1.1,0.5,5,0.16307171766216427,0.03359086179609262
10,tweedie_direct_multilead_regression,reduced,1.2,0.6,5,0.1631640616630946,0.03357165415914451
10,tweedie_direct_multilead_regression,reduced,1.3,0.73,5,0.16323671726053565,0.03365384669400057
10,tweedie_direct_multilead_regression,reduced,1.3,0.7,5,0.16356739530710668,0.03364052575038279
10,tweedie_direct_multilead_regression,reduced,1.5,1.0,5,0.1639081641256078,0.03379110838008113
10,tweedie_direct_multilead_regression,reduced,1.05,0.4,5,0.16396718057879928,0.033580284102062506
10,tweedie_direct_multilead_regression,reduced,1.2,0.5,5,0.16480831041045124,0.033833355731625936
10,tweedie_direct_multilead_regression,reduced,1.5,0.9,5,0.16491946828893495,0.034017429888937016
10,tweedie_direct_multilead_regression,reduced,1.3,0.6,5,0.16500978887143963,0.0339286232118651
10,tweedie_direct_multilead_regression,reduced,1.1,0.4,5,0.16511689159243706,0.03392052460361857
10,tweedie_direct_multilead_regression,reduced,1.5,0.8,5,0.1662375043547344,0.034554054743025454
10,tweedie_direct_multilead_regression,reduced,1.5,0.78,5,0.16656235942916103,0.034707656806755305
10,tweedie_direct_multilead_regression,reduced,1.5,0.75,5,0.16709247787287035,0.034972299715985866
10,tweedie_direct_multilead_regression,reduced,1.3,0.5,5,0.16725169319122443,0.0349264725439972
10,tweedie_direct_multilead_regression,reduced,1.5,0.73,5,0.1674786823451702,0.03517344015138781
10,tweedie_direct_multilead_regression,reduced,1.05,0.3,5,0.16761886343026258,0.035004277526257795
10,tweedie_direct_multilead_regression,reduced,1.2,0.4,5,0.1676310812654782,0.035088166671197824
10,tweedie_direct_multilead_regression,reduced,1.5,0.7,5,0.16810721769946396,0.03550616670561946
10,tweedie_direct_multilead_regression,reduced,1.7,1.0,5,0.16877337587715877,0.03596694746357949
10,tweedie_direct_multilead_regression,reduced,1.1,0.3,5,0.16901946597911846,0.03584991875343948
10,tweedie_direct_multilead_regression,full,1.9,0.9,5,0.16911086280689983,0.05621115642721997
10,tweedie_direct_multilead_regression,full,1.7,0.6,5,0.1691579235852016,0.05604712975792962
10,tweedie_direct_multilead_regression,full,1.9,0.8,5,0.1692389015505842,0.05651839719481105
10,tweedie_direct_multilead_regression,full,1.9,0.78,5,0.16925677885586257,0.056576634593828355
10,tweedie_direct_multilead_regression,full,1.9,1.0,5,0.16926324806428794,0.05612013397324179
10,tweedie_direct_multilead_regression,full,1.5,0.4,5,0.1692941420637468,0.05591299591742545
10,tweedie_direct_multilead_regression,full,1.7,0.7,5,0.16939011674253662,0.05602684956914655
10,tweedie_direct_multilead_regression,full,1.9,0.75,5,0.1693920447527565,0.05677045697119497
10,tweedie_direct_multilead_regression,full,1.9,0.73,5,0.16942925293208327,0.05680396530384561
10,tweedie_direct_multilead_regression,full,1.3,0.3,5,0.169431779690817,0.05566612576936244
10,tweedie_direct_multilead_regression,full,1.7,0.5,5,0.1694516594236944,0.056566275510477826
10,tweedie_direct_multilead_regression,full,1.1,0.2,5,0.16948154339828064,0.055476072343615145
10,tweedie_direct_multilead_regression,full,1.2,0.2,5,0.16949393070054697,0.05592767095421862
10,tweedie_direct_multilead_regression,full,1.7,0.73,5,0.1694941268337758,0.056049909194314664
10,tweedie_direct_multilead_regression,full,1.7,0.75,5,0.1695687021830803,0.05607396997118251
10,tweedie_direct_multilead_regression,full,1.5,0.5,5,0.16958738954976696,0.05588007800028912
10,tweedie_direct_multilead_regression,full,1.9,0.7,5,0.16961205594410306,0.05701123863726826
10,tweedie_direct_multilead_regression,full,1.05,0.2,5,0.16972448770114074,0.05557451403321553
10,tweedie_direct_multilead_regression,full,1.7,0.78,5,0.16978728890809586,0.056190838732896584
10,tweedie_direct_multilead_regression,full,1.5,0.3,5,0.16985750027871555,0.0568360928525733
10,tweedie_direct_multilead_regression,full,1.7,0.8,5,0.16987185207200795,0.056233240656340576
10,tweedie_direct_multilead_regression,full,1.3,0.2,5,0.16997263605462395,0.05661874021730072
10,tweedie_direct_multilead_regression,full,1.2,0.3,5,0.17012565077819394,0.05604273402286137
10,tweedie_direct_multilead_regression,full,1.3,0.4,5,0.17032096359020132,0.05626147616429042
10,tweedie_direct_multilead_regression,full,1.9,0.6,5,0.17039299235456856,0.05774573801518144
10,tweedie_direct_multilead_regression,full,1.7,0.4,5,0.17040017920264328,0.057485041773909604
10,tweedie_direct_multilead_regression,full,1.5,0.6,5,0.17040073033505126,0.056470941814936504
10,tweedie_direct_multilead_regression,full,1.7,0.9,5,0.17041687223246288,0.05666334854162152
10,tweedie_direct_multilead_regression,reduced,1.7,0.9,5,0.17069591619440222,0.037043171838871104
10,tweedie_direct_multilead_regression,reduced,1.5,0.6,5,0.17083762899411598,0.03701668369733559
10,tweedie_direct_multilead_regression,full,1.1,0.3,5,0.17091167621762884,0.05670835009895275
10,tweedie_direct_multilead_regression,full,1.7,1.0,5,0.17098465441736796,0.05719291263540355
10,tweedie_direct_multilead_regression,reduced,1.3,0.4,5,0.17101457266151782,0.0370284342994832
10,tweedie_direct_multilead_regression,full,1.05,0.1,5,0.17102475529102873,0.05737985779720869
10,tweedie_direct_multilead_regression,full,1.5,0.7,5,0.17120667769540487,0.05730120951965907
10,tweedie_direct_multilead_regression,full,1.2,0.4,5,0.17141107023350724,0.05739413590448965
10,tweedie_direct_multilead_regression,full,1.5,0.73,5,0.17144561871702638,0.05758118393307725
10,tweedie_direct_multilead_regression,full,1.1,0.1,5,0.17156495120447282,0.05789454665307663
10,tweedie_direct_multilead_regression,full,1.05,0.3,5,0.17157200572272407,0.0575026799666127
10,tweedie_direct_multilead_regression,full,1.3,0.5,5,0.17157930392255827,0.05765930378408145
10,tweedie_direct_multilead_regression,full,1.5,0.75,5,0.17160507130530833,0.05777261998745147
10,tweedie_direct_multilead_regression,full,1.9,0.5,5,0.17176411244004103,0.05868354108943163
10,tweedie_direct_multilead_regression,full,1.5,0.78,5,0.17184260431578605,0.05806370986192103
10,tweedie_direct_multilead_regression,full,1.5,0.8,5,0.17200115353053266,0.05825580309136013
10,tweedie_direct_multilead_regression,full,1.5,0.2,5,0.1725668626936374,0.05888533732553987
10,tweedie_direct_multilead_regression,full,1.7,0.3,5,0.17256967817336888,0.058988009865775334
10,tweedie_direct_multilead_regression,full,1.1,0.4,5,0.1726417924851893,0.058924319689090794
10,tweedie_direct_multilead_regression,full,1.3,0.6,5,0.17270611484952864,0.05907244115786946
10,tweedie_direct_multilead_regression,full,1.5,0.9,5,0.17275524762966502,0.0592020320505035
10,tweedie_direct_multilead_regression,full,1.2,0.5,5,0.1727927001804626,0.059195630518382975
10,tweedie_direct_multilead_regression,reduced,1.2,0.3,5,0.17284149140015795,0.038057282003856996
10,tweedie_direct_multilead_regression,full,1.2,0.1,5,0.1731508858153529,0.05886044507784951
10,tweedie_direct_multilead_regression,reduced,1.7,0.8,5,0.17316413925409024,0.038427206549590066
10,tweedie_direct_multilead_regression,full,1.05,0.4,5,0.17329052929160588,0.05984075461750933
10,tweedie_direct_multilead_regression,full,1.5,1.0,5,0.1733918306470202,0.06015504975356222
10,tweedie_direct_multilead_regression,full,1.3,0.7,5,0.1736092299615013,0.06044012575330434
10,tweedie_direct_multilead_regression,reduced,1.7,0.78,5,0.1737457863926202,0.03875065432240457
10,tweedie_direct_multilead_regression,full,1.3,0.73,5,0.17385685401673912,0.06082265345836652
10,tweedie_direct_multilead_regression,full,1.2,0.6,5,0.1739360199599269,0.06088517278777083
10,tweedie_direct_multilead_regression,full,1.1,0.5,5,0.17400374772760327,0.06093121519009023
10,tweedie_direct_multilead_regression,full,1.3,0.75,5,0.17400732870371974,0.06107785829450205
10,tweedie_direct_multilead_regression,full,1.9,0.4,5,0.17403232772622793,0.05991987981274483
10,tweedie_direct_multilead_regression,full,1.3,0.78,5,0.17422842048839243,0.06144934505641368
10,tweedie_direct_multilead_regression,full,1.3,0.8,5,0.17436978721081334,0.06169001513806519
10,tweedie_direct_multilead_regression,full,1.05,0.5,5,0.17458200942124466,0.06187536009147305
10,tweedie_direct_multilead_regression,reduced,1.7,0.75,5,0.1746775693814347,0.039266911032816154
10,tweedie_direct_multilead_regression,full,1.2,0.7,5,0.1747210502630726,0.06226039932924951
10,tweedie_direct_multilead_regression,reduced,1.5,0.5,5,0.17489211616740993,0.039285951928716326
10,tweedie_direct_multilead_regression,full,1.2,0.73,5,0.174943498973855,0.06265882804364262
10,tweedie_direct_multilead_regression,full,1.1,0.6,5,0.1749864273489104,0.06265506681040443
10,tweedie_direct_multilead_regression,full,1.3,0.9,5,0.1750529810685067,0.06277501539610292
10,tweedie_direct_multilead_regression,full,1.2,0.75,5,0.17508610705312083,0.06291009315788555
10,tweedie_direct_multilead_regression,full,1.3,0.1,5,0.17522507584132324,0.06026477329242484
10,tweedie_direct_multilead_regression,reduced,1.05,0.2,5,0.17528663840894626,0.03936407574519085
10,tweedie_direct_multilead_regression,full,1.2,0.78,5,0.17532122099473174,0.06325393923099008
10,tweedie_direct_multilead_regression,reduced,1.7,0.73,5,0.17534027751092546,0.039634341197988254
10,tweedie_direct_multilead_regression,full,1.2,0.8,5,0.1754523958941104,0.06348329470225468
10,tweedie_direct_multilead_regression,full,1.05,0.6,5,0.17560454010873966,0.0635067036088351
10,tweedie_direct_multilead_regression,full,1.3,1.0,5,0.17562860851897774,0.06375413948305772
10,tweedie_direct_multilead_regression,full,1.1,0.7,5,0.17584663240316845,0.06400451227742877
10,tweedie_direct_multilead_regression,full,1.2,0.9,5,0.17599120707825117,0.0644576288702631
10,tweedie_direct_multilead_regression,full,1.1,0.73,5,0.1760418575460952,0.06437163536950877
10,tweedie_direct_multilead_regression,full,1.1,0.75,5,0.17616318995399574,0.06460339636147246
10,tweedie_direct_multilead_regression,full,1.05,0.7,5,0.17625677024557018,0.06480867807572163
10,tweedie_direct_multilead_regression,full,1.1,0.78,5,0.17633298841825235,0.06493308234580622
10,tweedie_direct_multilead_regression,reduced,1.7,0.7,5,0.17639121478705239,0.040210268630801065
10,tweedie_direct_multilead_regression,full,1.05,0.73,5,0.17640948595660103,0.06518265489077121
10,tweedie_direct_multilead_regression,full,1.1,0.8,5,0.17643862544767408,0.06514155412466971
10,tweedie_direct_multilead_regression,full,1.05,0.75,5,0.17651840752524542,0.06540437270309243
10,tweedie_direct_multilead_regression,full,1.2,1.0,5,0.17659017679475925,0.065346120909314
10,tweedie_direct_multilead_regression,full,1.05,0.78,5,0.1766693276463773,0.06571752478802202
10,tweedie_direct_multilead_regression,full,1.05,0.8,5,0.17676309559776707,0.0659158481041846
10,tweedie_direct_multilead_regression,full,1.1,0.9,5,0.17691201988280528,0.0660323116171989
10,tweedie_direct_multilead_regression,full,1.7,0.2,5,0.17704068769141446,0.061256763873955206
10,tweedie_direct_multilead_regression,full,1.05,0.9,5,0.17721412266990327,0.06671159286917534
10,tweedie_direct_multilead_regression,full,1.1,1.0,5,0.17726439470105587,0.06675813269024418
10,tweedie_direct_multilead_regression,full,1.9,0.3,5,0.1774234325381788,0.06169397300342421
10,tweedie_direct_multilead_regression,full,1.05,1.0,5,0.1774892083468205,0.06741330107866556
10,tweedie_direct_multilead_regression,reduced,1.9,1.0,5,0.17757429835069224,0.04092637862559176
10,tweedie_direct_multilead_regression,reduced,1.3,0.3,5,0.1776455766375235,0.040791289383121064
10,tweedie_direct_multilead_regression,reduced,1.1,0.2,5,0.17774702449917618,0.040813760535892696
10,tweedie_direct_multilead_regression,full,1.5,0.1,5,0.17966346762265578,0.06237915518111637
10,tweedie_direct_multilead_regression,reduced,1.9,0.9,5,0.18059505218113314,0.04255112349191893
10,tweedie_direct_multilead_regression,reduced,1.7,0.6,5,0.1806435615604937,0.04251348825040417
10,tweedie_direct_multilead_regression,reduced,1.5,0.4,5,0.18068049845824855,0.0424985239780994
10,tweedie_direct_multilead_regression,full,1.9,0.2,5,0.18214212089175988,0.06383338881938487
10,tweedie_direct_multilead_regression,reduced,1.2,0.2,5,0.18328979025765163,0.04391089652038065
10,tweedie_direct_multilead_regression,full,1.7,0.1,5,0.18409436655450923,0.06484787693914637
10,tweedie_direct_multilead_regression,reduced,1.9,0.8,5,0.1843846504123718,0.04456339094350517
10,tweedie_direct_multilead_regression,reduced,1.9,0.78,5,0.18522370301627536,0.04503025262122446
10,tweedie_direct_multilead_regression,reduced,1.9,0.75,5,0.18629154340312876,0.0456244273643576
10,tweedie_direct_multilead_regression,reduced,1.7,0.5,5,0.18648206887080926,0.04568145657024652
10,tweedie_direct_multilead_regression,full,1.9,0.1,5,0.18703992648340878,0.06624062995665686
10,tweedie_direct_multilead_regression,reduced,1.9,0.73,5,0.18718302058276026,0.04612072793074309
10,tweedie_direct_multilead_regression,reduced,1.9,0.7,5,0.1886190045025921,0.046892775380800104
10,tweedie_direct_multilead_regression,full,1.05,0.01,5,0.18871703241986248,0.06794894129669135
10,tweedie_direct_multilead_regression,full,1.1,0.01,5,0.1896994510332633,0.06796783758637313
10,tweedie_direct_multilead_regression,reduced,1.5,0.3,5,0.19011925680870007,0.04761315757362549
10,tweedie_direct_multilead_regression,reduced,1.3,0.2,5,0.19027340186144978,0.0476988251881234
10,tweedie_direct_multilead_regression,full,1.2,0.01,5,0.19207728126039192,0.06882975169241079
10,tweedie_direct_multilead_regression,full,1.3,0.01,5,0.1926308643007625,0.06753500354650575
10,tweedie_direct_multilead_regression,reduced,1.7,0.4,5,0.19395837903080468,0.04971107719969828
10,tweedie_direct_multilead_regression,reduced,1.9,0.6,5,0.19415567318940385,0.04986802906897922
10,tweedie_direct_multilead_regression,full,1.5,0.01,5,0.19448136589920878,0.06809924538810973
10,tweedie_direct_multilead_regression,reduced,1.05,0.1,5,0.19693189614248313,0.05132575283693128
10,tweedie_direct_multilead_regression,reduced,1.1,0.1,5,0.2006377558679276,0.053241761470543054
10,tweedie_direct_multilead_regression,reduced,1.9,0.5,5,0.20103719360579722,0.053609641036435826
10,tweedie_direct_multilead_regression,full,1.7,0.01,5,0.20171941581814753,0.07206332205115885
10,tweedie_direct_multilead_regression,reduced,1.5,0.2,5,0.204155000657756,0.05504389550818654
10,tweedie_direct_multilead_regression,reduced,1.7,0.3,5,0.2047254721554496,0.05550229658123635
10,tweedie_direct_multilead_regression,reduced,1.2,0.1,5,0.20703749749431877,0.0566853625761663
10,tweedie_direct_multilead_regression,full,1.9,0.01,5,0.20829335012938147,0.07750470884545607
10,tweedie_direct_multilead_regression,reduced,1.9,0.4,5,0.2095613613758093,0.05825171125869768
10,tweedie_direct_multilead_regression,reduced,1.3,0.1,5,0.21432307010955437,0.06033928229077623
10,tweedie_direct_multilead_regression,reduced,1.7,0.2,5,0.21966630669850978,0.0633677781455648
10,tweedie_direct_multilead_regression,reduced,1.9,0.3,5,0.2204809127819603,0.06404921032104044
10,tweedie_direct_multilead_regression,full,1.1,0.001,5,0.22826993878665838,0.10467855215620585
10,tweedie_direct_multilead_regression,reduced,1.5,0.1,5,0.2284684964070552,0.06727025591984125
10,tweedie_direct_multilead_regression,full,1.2,0.001,5,0.23257976113598294,0.11319671294749159
10,tweedie_direct_multilead_regression,reduced,1.9,0.2,5,0.23426522596514268,0.07058046522561826
10,tweedie_direct_multilead_regression,full,1.05,0.001,5,0.23531598195239836,0.11667868892724202
10,tweedie_direct_multilead_regression,full,1.3,0.001,5,0.23581379009074438,0.11909302825515125
10,tweedie_direct_multilead_regression,full,1.5,0.001,5,0.23878729741126178,0.12809181674995732
10,tweedie_direct_multilead_regression,reduced,1.7,0.1,5,0.2417309847225174,0.0732864034542865
10,tweedie_direct_multilead_regression,full,1.9,0.001,5,0.2491130688462841,0.18831162868325857
10,tweedie_direct_multilead_regression,full,1.7,0.001,5,0.25130314378597723,0.15137315992907954
10,tweedie_direct_multilead_regression,reduced,1.9,0.1,5,0.2522564913157637,0.07703833929615356
10,tweedie_direct_multilead_regression,reduced,1.05,0.01,5,0.2530620014042601,0.0804481774813661
10,tweedie_direct_multilead_regression,reduced,1.1,0.01,5,0.2555891721448387,0.08139760296810487
10,tweedie_direct_multilead_regression,reduced,1.2,0.01,5,0.25726825481891374,0.0848316919961469
10,tweedie_direct_multilead_regression,reduced,1.3,0.01,5,0.2614798104400716,0.08718798352020361
10,tweedie_direct_multilead_regression,reduced,1.5,0.01,5,0.26558298617287573,0.09288365819800484
10,tweedie_direct_multilead_regression,reduced,1.7,0.01,5,0.2760025396887371,0.09107220346934268
10,tweedie_direct_multilead_regression,reduced,1.9,0.01,5,0.29388730544645203,0.08725548422580622
10,tweedie_direct_multilead_regression,full,1.3,0.0,5,0.2978556168215215,0.24785563009341866
10,tweedie_direct_multilead_regression,reduced,1.05,0.001,5,0.3107354130192977,0.09560846127552469
10,tweedie_direct_multilead_regression,full,1.1,0.0,5,0.31222961535000654,0.2737791439446818
10,tweedie_direct_multilead_regression,full,1.05,0.0,5,0.31406634691670915,0.2783885417518632
10,tweedie_direct_multilead_regression,full,1.2,0.0,5,0.31474700352970714,0.2816880066954979
10,tweedie_direct_multilead_regression,full,1.5,0.0,5,0.3188210721730777,0.2969548237086547
10,tweedie_direct_multilead_regression,reduced,1.1,0.001,5,0.3251270364419166,0.11112137081725948
10,tweedie_direct_multilead_regression,full,1.7,0.0,5,0.3326773027647135,0.27205474573854643
10,tweedie_direct_multilead_regression,reduced,1.2,0.001,5,0.33269491617326835,0.11842842092904278
10,tweedie_direct_multilead_regression,reduced,1.3,0.001,5,0.34696841270260637,0.13652929048345225
10,tweedie_direct_multilead_regression,full,1.9,0.0,5,0.36528808706432525,0.31770702831982783
10,tweedie_direct_multilead_regression,reduced,1.5,0.001,5,0.3822175367088912,0.18861767388706455
10,tweedie_direct_multilead_regression,reduced,1.7,0.001,5,0.40633617642873887,0.2361916517911377
10,tweedie_direct_multilead_regression,reduced,1.1,0.0,5,0.4679836091490306,0.38494387610829245
10,tweedie_direct_multilead_regression,reduced,1.9,0.001,5,0.47112126376884333,0.3851098700000018
10,tweedie_direct_multilead_regression,reduced,1.05,0.0,5,0.47341163748933146,0.3914909844907074
10,tweedie_direct_multilead_regression,reduced,1.3,0.0,5,0.4895861633601097,0.4166803916384753
10,tweedie_direct_multilead_regression,reduced,1.2,0.0,5,0.4980884876750822,0.44232665918370784
10,tweedie_direct_multilead_regression,reduced,1.7,0.0,5,0.6023624534159309,0.6634394736380071
10,tweedie_direct_multilead_regression,reduced,1.5,0.0,5,0.6023918338040496,0.6566510078922054
10,tweedie_direct_multilead_regression,reduced,1.9,0.0,5,0.6053690400172068,0.6896444650323977
11,tweedie_direct_multilead_regression,reduced,1.05,0.3,5,0.3409921211326978,0.18271037351595334
11,tweedie_direct_multilead_regression,reduced,1.05,0.4,5,0.34106610379473074,0.1822376932850665
11,tweedie_direct_multilead_regression,reduced,1.1,0.4,5,0.34107055464216984,0.182682170477284
11,tweedie_direct_multilead_regression,reduced,1.1,0.5,5,0.34115336580530486,0.18230407275548519
11,tweedie_direct_multilead_regression,reduced,1.05,0.5,5,0.34127192631916115,0.18186491896180662
11,tweedie_direct_multilead_regression,reduced,1.2,0.6,5,0.3413185227500386,0.18285580632363055
11,tweedie_direct_multilead_regression,reduced,1.1,0.3,5,0.341428417748641,0.18333116737510197
11,tweedie_direct_multilead_regression,reduced,1.3,0.78,5,0.34144190361450893,0.18312508651322343
11,tweedie_direct_multilead_regression,reduced,1.3,0.8,5,0.3414585655363666,0.18308503259830144
11,tweedie_direct_multilead_regression,reduced,1.2,0.5,5,0.3414832727812002,0.1833726720866613
11,tweedie_direct_multilead_regression,reduced,1.1,0.6,5,0.3414912862733475,0.1820137701296155
11,tweedie_direct_multilead_regression,reduced,1.2,0.7,5,0.34149740089262165,0.18261886721746143
11,tweedie_direct_multilead_regression,reduced,1.2,0.73,5,0.3415522775851535,0.1825609046965104
11,tweedie_direct_multilead_regression,reduced,1.2,0.75,5,0.3415909127084882,0.18252519957097915
11,tweedie_direct_multilead_regression,reduced,1.05,0.6,5,0.3415978126366401,0.18158551946658455
11,tweedie_direct_multilead_regression,reduced,1.3,0.7,5,0.34162205224355785,0.18360790983027966
11,tweedie_direct_multilead_regression,reduced,1.3,0.73,5,0.3416293279276056,0.1835410137642661
11,tweedie_direct_multilead_regression,reduced,1.3,0.75,5,0.3416388143270603,0.18349827839643848
11,tweedie_direct_multilead_regression,reduced,1.2,0.78,5,0.3416513448761568,0.18247614743146298
11,tweedie_direct_multilead_regression,reduced,1.2,0.8,5,0.3416926142035963,0.18244674669737518
11,tweedie_direct_multilead_regression,reduced,1.3,0.6,5,0.34169548783884196,0.183820617794874
11,tweedie_direct_multilead_regression,reduced,1.2,0.4,5,0.3417066972406915,0.18374402039851712
11,tweedie_direct_multilead_regression,reduced,1.1,0.7,5,0.34173175591961974,0.18179581377335388
11,tweedie_direct_multilead_regression,reduced,1.3,0.9,5,0.34178230193267634,0.18322272943367715
11,tweedie_direct_multilead_regression,reduced,1.1,0.73,5,0.34182753745679245,0.18177852265573305
11,tweedie_direct_multilead_regression,reduced,1.1,0.75,5,0.3418590154911854,0.181734922902311
11,tweedie_direct_multilead_regression,reduced,1.3,0.5,5,0.34186781202398653,0.18406365990660262
11,tweedie_direct_multilead_regression,reduced,1.2,0.9,5,0.34191019676418166,0.1823337171773418
11,tweedie_direct_multilead_regression,reduced,1.3,1.0,5,0.341953035805649,0.18306448436759526
11,tweedie_direct_multilead_regression,reduced,1.1,0.78,5,0.3419581077991096,0.18172931167856057
11,tweedie_direct_multilead_regression,reduced,1.5,1.0,5,0.3419762093272136,0.18433789065438735
11,tweedie_direct_multilead_regression,reduced,1.1,0.8,5,0.3420238587036367,0.18172795413843604
11,tweedie_direct_multilead_regression,reduced,1.05,0.7,5,0.34204349645070964,0.1816313929887709
11,tweedie_direct_multilead_regression,reduced,1.2,1.0,5,0.34204693094236016,0.18216765505353014
11,tweedie_direct_multilead_regression,reduced,1.05,0.2,5,0.3420688090640013,0.1835546970311475
11,tweedie_direct_multilead_regression,reduced,1.5,0.9,5,0.34208870292329135,0.18448497203056805
11,tweedie_direct_multilead_regression,reduced,1.05,0.73,5,0.34213423858859826,0.18164596400420757
11,tweedie_direct_multilead_regression,reduced,1.05,0.75,5,0.3422052719311567,0.1816462310662612
11,tweedie_direct_multilead_regression,reduced,1.05,0.78,5,0.3423111017946089,0.18165112792235066
11,tweedie_direct_multilead_regression,reduced,1.1,0.9,5,0.34236271085220327,0.1816655939798239
11,tweedie_direct_multilead_regression,reduced,1.05,0.8,5,0.3423809352230782,0.18165715735408658
11,tweedie_direct_multilead_regression,reduced,1.3,0.4,5,0.3424127737123964,0.18424038412910854
11,tweedie_direct_multilead_regression,reduced,1.2,0.3,5,0.34243952251419546,0.1840877401395913
11,tweedie_direct_multilead_regression,reduced,1.5,0.8,5,0.34249978290914795,0.18489672415277605
11,tweedie_direct_multilead_regression,reduced,1.5,0.78,5,0.3425587893044339,0.18492592899869573
11,tweedie_direct_multilead_regression,reduced,1.5,0.75,5,0.3426585897724628,0.18496632945356314
11,tweedie_direct_multilead_regression,reduced,1.1,1.0,5,0.3426911989613008,0.18175628291166535
11,tweedie_direct_multilead_regression,reduced,1.05,0.9,5,0.342723394590869,0.1817138130588087
11,tweedie_direct_multilead_regression,reduced,1.5,0.73,5,0.34272909704149,0.18499704892415583
11,tweedie_direct_multilead_regression,reduced,1.5,0.7,5,0.34285978931557615,0.18503150594979442
11,tweedie_direct_multilead_regression,reduced,1.1,0.2,5,0.3429297072202611,0.18412632798898174
11,tweedie_direct_multilead_regression,reduced,1.05,1.0,5,0.3430564747300645,0.18179646858111123
11,tweedie_direct_multilead_regression,reduced,1.5,0.6,5,0.3434775961054056,0.18513985185078616
11,tweedie_direct_multilead_regression,reduced,1.7,1.0,5,0.34377742120865795,0.18555718582209127
11,tweedie_direct_multilead_regression,reduced,1.3,0.3,5,0.3439637517301863,0.1846337124699788
11,tweedie_direct_multilead_regression,full,1.05,0.8,5,0.34417066533315466,0.18135419708838627
11,tweedie_direct_multilead_regression,full,1.05,0.9,5,0.344257654905438,0.18166760531041595
11,tweedie_direct_multilead_regression,full,1.05,0.6,5,0.34430109362945627,0.1811471215630407
11,tweedie_direct_multilead_regression,full,1.1,0.7,5,0.34431353288143585,0.1813169196936548
11,tweedie_direct_multilead_regression,full,1.1,0.75,5,0.344349096937533,0.1813678710470893
11,tweedie_direct_multilead_regression,full,1.1,0.73,5,0.3443536934458247,0.18134312828007323
11,tweedie_direct_multilead_regression,reduced,1.7,0.9,5,0.3443685802402235,0.1855956849921976
11,tweedie_direct_multilead_regression,full,1.05,1.0,5,0.3443948622151823,0.18193522639637588
11,tweedie_direct_multilead_regression,full,1.1,0.6,5,0.3443972363128639,0.1812635612297924
11,tweedie_direct_multilead_regression,full,1.05,0.5,5,0.34440239625978164,0.18119692038054216
11,tweedie_direct_multilead_regression,full,1.1,0.78,5,0.34442681050701407,0.18148740879807054
11,tweedie_direct_multilead_regression,full,1.1,0.9,5,0.3444357463151074,0.1815794713030186
11,tweedie_direct_multilead_regression,full,1.2,0.9,5,0.3444408922612713,0.18153866712585637
11,tweedie_direct_multilead_regression,full,1.05,0.7,5,0.34444948732843156,0.18132220235880978
11,tweedie_direct_multilead_regression,full,1.1,0.8,5,0.34445043105380535,0.18154137248443275
11,tweedie_direct_multilead_regression,full,1.1,1.0,5,0.3444701437288388,0.1818492925574091
11,tweedie_direct_multilead_regression,full,1.2,1.0,5,0.34447297413109207,0.1816712752138124
11,tweedie_direct_multilead_regression,full,1.05,0.73,5,0.3444832710299546,0.18141831751047285
11,tweedie_direct_multilead_regression,full,1.05,0.75,5,0.34449585221460965,0.18149881612140772
11,tweedie_direct_multilead_regression,full,1.05,0.78,5,0.3445203816246732,0.18161674412808446
11,tweedie_direct_multilead_regression,full,1.2,0.8,5,0.34453399812656443,0.18156780458204141
11,tweedie_direct_multilead_regression,full,1.2,0.78,5,0.3445507555532744,0.18157314516995718
11,tweedie_direct_multilead_regression,reduced,1.5,0.5,5,0.34456924431805186,0.1853520505769081
11,tweedie_direct_multilead_regression,full,1.1,0.5,5,0.3445705513274854,0.181351197820787
11,tweedie_direct_multilead_regression,full,1.2,0.75,5,0.3446791211120869,0.18147045821207072
11,tweedie_direct_multilead_regression,full,1.2,0.73,5,0.3447059443246853,0.18147799325675132
11,tweedie_direct_multilead_regression,full,1.2,0.7,5,0.34472068842724635,0.18143574384438385
11,tweedie_direct_multilead_regression,full,1.05,0.4,5,0.3447418040607112,0.18132259470187828
11,tweedie_direct_multilead_regression,full,1.3,1.0,5,0.34478388633653323,0.18167033240984543
11,tweedie_direct_multilead_regression,reduced,1.2,0.2,5,0.34479583449784085,0.18448839419553134
11,tweedie_direct_multilead_regression,full,1.2,0.6,5,0.34491284560244384,0.18149802927393321
11,tweedie_direct_multilead_regression,full,1.3,0.9,5,0.3449505855926179,0.1817360059172223
11,tweedie_direct_multilead_regression,full,1.3,0.8,5,0.34512301628181047,0.1818133983200331
11,tweedie_direct_multilead_regression,reduced,1.7,0.8,5,0.3451330927722031,0.18564686641645664
11,tweedie_direct_multilead_regression,full,1.3,0.78,5,0.34516891708776754,0.18184107275353334
11,tweedie_direct_multilead_regression,full,1.3,0.75,5,0.3452408963062738,0.18189164404320074
11,tweedie_direct_multilead_regression,full,1.1,0.4,5,0.34528379616871857,0.18190304089194048
11,tweedie_direct_multilead_regression,reduced,1.7,0.78,5,0.3453179007526578,0.18565057229505852
11,tweedie_direct_multilead_regression,full,1.3,0.73,5,0.3453539919642804,0.18198376182423542
11,tweedie_direct_multilead_regression,full,1.2,0.5,5,0.34545783027672156,0.18210788676341122
11,tweedie_direct_multilead_regression,full,1.3,0.7,5,0.3454700224183417,0.18206928905992198
11,tweedie_direct_multilead_regression,reduced,1.7,0.75,5,0.34561483417252026,0.18565168167456994
11,tweedie_direct_multilead_regression,full,1.05,0.3,5,0.34564432180016846,0.18206570266736688
11,tweedie_direct_multilead_regression,reduced,1.7,0.73,5,0.34575196213869863,0.18555134647404917
11,tweedie_direct_multilead_regression,full,1.3,0.6,5,0.34590765173074284,0.182439220164304
11,tweedie_direct_multilead_regression,full,1.5,1.0,5,0.34602121548798914,0.18268408201455694
11,tweedie_direct_multilead_regression,reduced,1.7,0.7,5,0.3461668829172263,0.18563005730284288
11,tweedie_direct_multilead_regression,reduced,1.5,0.4,5,0.3462345582158067,0.1854000319496193
11,tweedie_direct_multilead_regression,full,1.2,0.4,5,0.3462719149683683,0.1825947847891643
11,tweedie_direct_multilead_regression,full,1.1,0.3,5,0.34630901767021544,0.18270789628444498
11,tweedie_direct_multilead_regression,full,1.3,0.5,5,0.3464003515227016,0.18285059190956535
11,tweedie_direct_multilead_regression,full,1.5,0.9,5,0.34644319820799824,0.18301289189640302
11,tweedie_direct_multilead_regression,full,1.5,0.8,5,0.3468904351627968,0.18337667987098355
11,tweedie_direct_multilead_regression,full,1.5,0.78,5,0.3469878072582378,0.1834669873395804
11,tweedie_direct_multilead_regression,full,1.5,0.75,5,0.3471793197318287,0.18362523037530956
11,tweedie_direct_multilead_regression,full,1.5,0.73,5,0.34730714375938226,0.18374822270417734
11,tweedie_direct_multilead_regression,reduced,1.05,0.1,5,0.3473354582053739,0.18474721047413603
11,tweedie_direct_multilead_regression,reduced,1.3,0.2,5,0.34745464627769374,0.1849885073641775
11,tweedie_direct_multilead_regression,full,1.3,0.4,5,0.34747324661080337,0.18381403650066674
11,tweedie_direct_multilead_regression,full,1.05,0.2,5,0.34748405538724547,0.18366831229067793
11,tweedie_direct_multilead_regression,reduced,1.7,0.6,5,0.34749662965834693,0.18549564888110365
11,tweedie_direct_multilead_regression,full,1.5,0.7,5,0.3475087055332427,0.18393008913646203
11,tweedie_direct_multilead_regression,full,1.2,0.3,5,0.3475398806952058,0.18391265636518245
11,tweedie_direct_multilead_regression,reduced,1.9,1.0,5,0.34795160306955397,0.18572864019113897
11,tweedie_direct_multilead_regression,full,1.1,0.2,5,0.3482009950055306,0.18428617651412543
11,tweedie_direct_multilead_regression,full,1.5,0.6,5,0.3483427065975995,0.18466322831448811
11,tweedie_direct_multilead_regression,full,1.7,1.0,5,0.34850053274148785,0.18487237964976835
11,tweedie_direct_multilead_regression,reduced,1.1,0.1,5,0.3489333634449057,0.1850565528286556
11,tweedie_direct_multilead_regression,reduced,1.5,0.3,5,0.3490255562510393,0.18532313623142
11,tweedie_direct_multilead_regression,reduced,1.9,0.9,5,0.34905594779125887,0.1856163380160376
11,tweedie_direct_multilead_regression,full,1.7,0.9,5,0.34914086308686076,0.18541422965263415
11,tweedie_direct_multilead_regression,full,1.3,0.3,5,0.3492036835509984,0.18536748969400813
11,tweedie_direct_multilead_regression,full,1.5,0.5,5,0.34947528965717956,0.18563887200647886
11,tweedie_direct_multilead_regression,reduced,1.7,0.5,5,0.34947875385292304,0.18546150155470642
11,tweedie_direct_multilead_regression,full,1.7,0.8,5,0.34994386282281664,0.1860293227639939
11,tweedie_direct_multilead_regression,full,1.7,0.78,5,0.3501152824494001,0.18617494790484015
11,tweedie_direct_multilead_regression,full,1.2,0.2,5,0.3501405082409188,0.18613295094259732
11,tweedie_direct_multilead_regression,full,1.7,0.75,5,0.3503893454480746,0.18641958603464917
11,tweedie_direct_multilead_regression,reduced,1.9,0.8,5,0.35042149457298255,0.1854948281033609
11,tweedie_direct_multilead_regression,full,1.7,0.73,5,0.3505957531360923,0.1865803631121411
11,tweedie_direct_multilead_regression,reduced,1.9,0.78,5,0.3507359070088166,0.1854723520637051
11,tweedie_direct_multilead_regression,full,1.7,0.7,5,0.35092722336878973,0.1868201770134914
11,tweedie_direct_multilead_regression,full,1.5,0.4,5,0.35104867182611105,0.18690772269412917
11,tweedie_direct_multilead_regression,reduced,1.9,0.75,5,0.35123933095603593,0.18544204293058564
11,tweedie_direct_multilead_regression,reduced,1.9,0.73,5,0.3515979360247889,0.1854248363580555
11,tweedie_direct_multilead_regression,reduced,1.9,0.7,5,0.35201271998317163,0.18517266978381677
11,tweedie_direct_multilead_regression,full,1.7,0.6,5,0.3521971264606666,0.18766709489761763
11,tweedie_direct_multilead_regression,full,1.05,0.1,5,0.3522892383177815,0.1872223899833796
11,tweedie_direct_multilead_regression,reduced,1.7,0.4,5,0.3523123345150049,0.1853816075541623
11,tweedie_direct_multilead_regression,full,1.3,0.2,5,0.3523587315593586,0.1877467184425662
11,tweedie_direct_multilead_regression,full,1.9,1.0,5,0.3524762310527786,0.18780677345779737
11,tweedie_direct_multilead_regression,reduced,1.2,0.1,5,0.3527953153992977,0.1857361774422817
11,tweedie_direct_multilead_regression,full,1.1,0.1,5,0.3533702169291698,0.18822818187084087
11,tweedie_direct_multilead_regression,full,1.9,0.9,5,0.35344710231913634,0.18838049565687884
11,tweedie_direct_multilead_regression,full,1.5,0.3,5,0.35352041163610287,0.18859924421469146
11,tweedie_direct_multilead_regression,full,1.7,0.5,5,0.3538754054787006,0.18871516791571077
11,tweedie_direct_multilead_regression,reduced,1.9,0.6,5,0.354486160101945,0.18544021421953577
11,tweedie_direct_multilead_regression,reduced,1.5,0.2,5,0.35462690851298684,0.18573645792550536
11,tweedie_direct_multilead_regression,full,1.9,0.8,5,0.35463784746184157,0.18902404508465862
11,tweedie_direct_multilead_regression,full,1.9,0.78,5,0.3549029412504542,0.18916215500104266
11,tweedie_direct_multilead_regression,full,1.9,0.75,5,0.3553238629910511,0.1893784851675373
11,tweedie_direct_multilead_regression,full,1.9,0.73,5,0.3556278000809361,0.1895193375492964
11,tweedie_direct_multilead_regression,full,1.9,0.7,5,0.3560754158612373,0.18975424697263304
11,tweedie_direct_multilead_regression,full,1.7,0.4,5,0.35620098825170354,0.18997285012570725
11,tweedie_direct_multilead_regression,full,1.2,0.1,5,0.35623437324071316,0.19006505928381154
11,tweedie_direct_multilead_regression,reduced,1.7,0.3,5,0.3569900522648231,0.18585938126879076
11,tweedie_direct_multilead_regression,reduced,1.3,0.1,5,0.3572985824574531,0.1866122314174796
11,tweedie_direct_multilead_regression,reduced,1.9,0.5,5,0.3577024031363035,0.18576883968528318
11,tweedie_direct_multilead_regression,full,1.5,0.2,5,0.35776597090036655,0.19091593679007218
11,tweedie_direct_multilead_regression,full,1.9,0.6,5,0.357913133910366,0.1905733609178565
11,tweedie_direct_multilead_regression,full,1.3,0.1,5,0.3596181070104792,0.19190992762630807
11,tweedie_direct_multilead_regression,full,1.7,0.3,5,0.3596835879554174,0.1915166481225155
11,tweedie_direct_multilead_regression,full,1.9,0.5,5,0.36027951668328795,0.19150096495661936
11,tweedie_direct_multilead_regression,reduced,1.9,0.4,5,0.36243884505017243,0.18704822377269759
11,tweedie_direct_multilead_regression,full,1.9,0.4,5,0.36343035281865027,0.1923784975514452
11,tweedie_direct_multilead_regression,full,1.7,0.2,5,0.3656007319904159,0.19349876043812977
11,tweedie_direct_multilead_regression,reduced,1.7,0.2,5,0.36568477244979974,0.18866854403537087
11,tweedie_direct_multilead_regression,full,1.5,0.1,5,0.3672625347503698,0.19402028019508358
11,tweedie_direct_multilead_regression,full,1.9,0.3,5,0.3683978508544861,0.19371737832660596
11,tweedie_direct_multilead_regression,reduced,1.9,0.3,5,0.36960629352591357,0.19007782424240707
11,tweedie_direct_multilead_regression,reduced,1.5,0.1,5,0.3703970532390463,0.1929598052100786
11,tweedie_direct_multilead_regression,full,1.9,0.2,5,0.37609638476897606,0.19494582804607902
11,tweedie_direct_multilead_regression,full,1.7,0.1,5,0.37831666586943735,0.19567623856803404
11,tweedie_direct_multilead_regression,reduced,1.9,0.2,5,0.3813256621163874,0.19719900426158113
11,tweedie_direct_multilead_regression,full,1.05,0.01,5,0.38262510551817874,0.19563331023342545
11,tweedie_direct_multilead_regression,reduced,1.7,0.1,5,0.38690311399367594,0.20384096479622438
11,tweedie_direct_multilead_regression,full,1.1,0.01,5,0.3877888457320303,0.19740537133834404
11,tweedie_direct_multilead_regression,full,1.9,0.1,5,0.391882505872009,0.19723212960629144
11,tweedie_direct_multilead_regression,full,1.2,0.01,5,0.39324013563829535,0.19798379847018488
11,tweedie_direct_multilead_regression,full,1.3,0.01,5,0.4003000688951973,0.19958405596543893
11,tweedie_direct_multilead_regression,reduced,1.05,0.01,5,0.4013663945049634,0.22050315499076287
11,tweedie_direct_multilead_regression,reduced,1.9,0.1,5,0.40708747831669456,0.22148437679722505
11,tweedie_direct_multilead_regression,reduced,1.1,0.01,5,0.41050934885835266,0.23377900501034393
11,tweedie_direct_multilead_regression,full,1.05,0.001,5,0.41568464991807197,0.2030053376490991
11,tweedie_direct_multilead_regression,full,1.5,0.01,5,0.4167759586334644,0.20788580548734706
11,tweedie_direct_multilead_regression,full,1.1,0.001,5,0.41811170713922613,0.20368155460410242
11,tweedie_direct_multilead_regression,reduced,1.2,0.01,5,0.4228432323036242,0.24577744993944373
11,tweedie_direct_multilead_regression,full,1.05,0.0,5,0.4232844583674694,0.20573578809721274
11,tweedie_direct_multilead_regression,full,1.2,0.001,5,0.42581145635375284,0.21054265021593388
11,tweedie_direct_multilead_regression,full,1.1,0.0,5,0.429112228740588,0.21222007178192684
11,tweedie_direct_multilead_regression,full,1.7,0.01,5,0.4333963710915638,0.21285625301147185
11,tweedie_direct_multilead_regression,reduced,1.3,0.01,5,0.4364403819842009,0.26388436113264363
11,tweedie_direct_multilead_regression,full,1.3,0.001,5,0.4378617422310434,0.22323624452585056
11,tweedie_direct_multilead_regression,full,1.2,0.0,5,0.4427878786261874,0.22835758143561863
11,tweedie_direct_multilead_regression,full,1.9,0.01,5,0.4512743644742468,0.21306297899899257
11,tweedie_direct_multilead_regression,full,1.3,0.0,5,0.45232042088292823,0.23464834179208016
11,tweedie_direct_multilead_regression,reduced,1.5,0.01,5,0.45976074188574734,0.2924209900089534
11,tweedie_direct_multilead_regression,full,1.5,0.001,5,0.4638789110262024,0.21918741203181868
11,tweedie_direct_multilead_regression,reduced,1.7,0.01,5,0.48124739150196943,0.3195154471764485
11,tweedie_direct_multilead_regression,reduced,1.05,0.001,5,0.48317585868997537,0.32309493824508334
11,tweedie_direct_multilead_regression,reduced,1.1,0.001,5,0.4841131123770827,0.32126219576523074
11,tweedie_direct_multilead_regression,reduced,1.2,0.001,5,0.4965477005949044,0.33962327761261646
11,tweedie_direct_multilead_regression,reduced,1.9,0.01,5,0.49983456073831345,0.34292780330351047
11,tweedie_direct_multilead_regression,reduced,1.05,0.0,5,0.5033142629390676,0.34000627488845947
11,tweedie_direct_multilead_regression,reduced,1.1,0.0,5,0.5040114995999023,0.33890595611043023
11,tweedie_direct_multilead_regression,reduced,1.3,0.001,5,0.5128007333226176,0.3729620516829659
11,tweedie_direct_multilead_regression,reduced,1.5,0.001,5,0.5228077574673614,0.37952070138299027
11,tweedie_direct_multilead_regression,reduced,1.7,0.001,5,0.5282929400225767,0.3923484860401538
11,tweedie_direct_multilead_regression,full,1.7,0.001,5,0.5301496725526513,0.23669249186787192
11,tweedie_direct_multilead_regression,reduced,1.2,0.0,5,0.5302388441719506,0.3894182280887849
11,tweedie_direct_multilead_regression,reduced,1.3,0.0,5,0.5315791605214747,0.3987138685122285
11,tweedie_direct_multilead_regression,reduced,1.9,0.001,5,0.5333263841844621,0.3891283799882631
11,tweedie_direct_multilead_regression,reduced,1.7,0.0,5,0.5360774351627329,0.3999311797489549
11,tweedie_direct_multilead_regression,reduced,1.5,0.0,5,0.5362746928918839,0.4014094187236644
11,tweedie_direct_multilead_regression,full,1.9,0.001,5,0.5918672040944839,0.3206612621663931
11,tweedie_direct_multilead_regression,reduced,1.9,0.0,5,0.7132454873314598,0.46074041565341806
11,tweedie_direct_multilead_regression,full,1.5,0.0,5,0.7817345411074355,0.7107428075446395
11,tweedie_direct_multilead_regression,full,1.7,0.0,5,1.0491237285543769,0.7606525336182182
11,tweedie_direct_multilead_regression,full,1.9,0.0,5,1.3700140701503227,0.545151758018853
12,tweedie_direct_multilead_regression,reduced,1.05,1.0,5,1.1222926182444788,0.08683712844907907
12,tweedie_direct_multilead_regression,reduced,1.05,0.9,5,1.1224420830133481,0.08703214840100153
12,tweedie_direct_multilead_regression,reduced,1.05,0.8,5,1.1226284526341888,0.0872761938477001
12,tweedie_direct_multilead_regression,reduced,1.05,0.78,5,1.1226713481470236,0.08733249661091418
12,tweedie_direct_multilead_regression,reduced,1.1,1.0,5,1.122687846838395,0.08735190158845531
12,tweedie_direct_multilead_regression,reduced,1.05,0.75,5,1.1227398794160977,0.08742256049620285
12,tweedie_direct_multilead_regression,reduced,1.05,0.73,5,1.1227886221867427,0.08748669706790888
12,tweedie_direct_multilead_regression,reduced,1.05,0.7,5,1.1228668207845642,0.08758973581804594
12,tweedie_direct_multilead_regression,reduced,1.1,0.9,5,1.122878552850913,0.08760286130447228
12,tweedie_direct_multilead_regression,reduced,1.1,0.8,5,1.1231150805448906,0.0879155776087007
12,tweedie_direct_multilead_regression,reduced,1.1,0.78,5,1.1231693730355765,0.08798758982888669
12,tweedie_direct_multilead_regression,reduced,1.05,0.6,5,1.1231820709970346,0.08800684083951106
12,tweedie_direct_multilead_regression,reduced,1.1,0.75,5,1.123256001572313,0.08810267148472681
12,tweedie_direct_multilead_regression,reduced,1.1,0.73,5,1.1233175325697458,0.08818454264669053
12,tweedie_direct_multilead_regression,full,1.05,1.0,5,1.1233617741128006,0.08831265723497225
12,tweedie_direct_multilead_regression,reduced,1.1,0.7,5,1.1234249523743116,0.08830816801398321
12,tweedie_direct_multilead_regression,full,1.05,0.9,5,1.1235450120131252,0.08857540914278934
12,tweedie_direct_multilead_regression,reduced,1.05,0.5,5,1.1236184710775576,0.08858884768482223
12,tweedie_direct_multilead_regression,full,1.05,0.8,5,1.1237631460971473,0.08888529988042457
12,tweedie_direct_multilead_regression,reduced,1.2,1.0,5,1.123768687972019,0.08875405654682189
12,tweedie_direct_multilead_regression,full,1.05,0.78,5,1.1238111395523007,0.08895334646292587
12,tweedie_direct_multilead_regression,full,1.1,1.0,5,1.123818242856679,0.08898393619795752
12,tweedie_direct_multilead_regression,reduced,1.1,0.6,5,1.1238243312739669,0.08883687882994083
12,tweedie_direct_multilead_regression,full,1.05,0.75,5,1.1238863165403041,0.08906022859399669
12,tweedie_direct_multilead_regression,full,1.05,0.73,5,1.1239386980118482,0.08913487356375156
12,tweedie_direct_multilead_regression,full,1.05,0.7,5,1.124013331610619,0.08924437340428748
12,tweedie_direct_multilead_regression,full,1.1,0.9,5,1.1240210398061197,0.08927508627401051
12,tweedie_direct_multilead_regression,reduced,1.2,0.9,5,1.1240291110538463,0.08909199280700693
12,tweedie_direct_multilead_regression,full,1.1,0.8,5,1.1242222512248135,0.08955658078871435
12,tweedie_direct_multilead_regression,full,1.1,0.78,5,1.1242718247164154,0.08962749273425985
12,tweedie_direct_multilead_regression,reduced,1.05,0.4,5,1.1242997609871486,0.08943697022333624
12,tweedie_direct_multilead_regression,full,1.05,0.6,5,1.1243246621578948,0.08968821017671702
12,tweedie_direct_multilead_regression,full,1.1,0.75,5,1.1243491572217936,0.08973803744738738
12,tweedie_direct_multilead_regression,full,1.1,0.73,5,1.1243521473052658,0.0898559876619182
12,tweedie_direct_multilead_regression,reduced,1.1,0.5,5,1.1243769763384437,0.08957395677701249
12,tweedie_direct_multilead_regression,reduced,1.2,0.8,5,1.1243788024193313,0.08955711164769524
12,tweedie_direct_multilead_regression,full,1.1,0.7,5,1.1244300849422568,0.08998039405726788
12,tweedie_direct_multilead_regression,reduced,1.2,0.78,5,1.124458542608083,0.0896633921186621
12,tweedie_direct_multilead_regression,reduced,1.2,0.75,5,1.124585525487901,0.0898328611632719
12,tweedie_direct_multilead_regression,full,1.05,0.5,5,1.1246516535358404,0.0901446340994627
12,tweedie_direct_multilead_regression,reduced,1.2,0.73,5,1.1246754239101004,0.08995303272321567
12,tweedie_direct_multilead_regression,full,1.2,1.0,5,1.1247186317685611,0.09052664652043245
12,tweedie_direct_multilead_regression,full,1.1,0.6,5,1.1247235723332536,0.09045279842463277
12,tweedie_direct_multilead_regression,reduced,1.2,0.7,5,1.124819055869041,0.09014527051975744
12,tweedie_direct_multilead_regression,full,1.05,0.4,5,1.125009403217285,0.09088729962390797
12,tweedie_direct_multilead_regression,full,1.1,0.5,5,1.1250504019833438,0.09104805799628889
12,tweedie_direct_multilead_regression,reduced,1.1,0.4,5,1.1252139699854313,0.09065011948716122
12,tweedie_direct_multilead_regression,full,1.2,0.9,5,1.1252363413737592,0.09120239065151425
12,tweedie_direct_multilead_regression,reduced,1.05,0.3,5,1.1253582987016468,0.09089413820593735
12,tweedie_direct_multilead_regression,reduced,1.2,0.6,5,1.125396507262523,0.0909204857610741
12,tweedie_direct_multilead_regression,full,1.1,0.4,5,1.1254161972064645,0.09177476010479688
12,tweedie_direct_multilead_regression,reduced,1.3,1.0,5,1.1254582226104168,0.09098862435922689
12,tweedie_direct_multilead_regression,full,1.05,0.3,5,1.1254792511132217,0.09181685297408544
12,tweedie_direct_multilead_regression,full,1.2,0.8,5,1.1255485189232366,0.09164508266269362
12,tweedie_direct_multilead_regression,full,1.2,0.78,5,1.1255995770960325,0.09173674964734999
12,tweedie_direct_multilead_regression,full,1.2,0.75,5,1.125738228799661,0.09197877487182078
12,tweedie_direct_multilead_regression,full,1.2,0.73,5,1.125792455879042,0.0920800559515173
12,tweedie_direct_multilead_regression,full,1.1,0.3,5,1.125833009122976,0.09273032229898778
12,tweedie_direct_multilead_regression,full,1.2,0.7,5,1.125875816739836,0.09223818546036659
12,tweedie_direct_multilead_regression,reduced,1.3,0.9,5,1.12593437486011,0.09157696716738328
12,tweedie_direct_multilead_regression,full,1.05,0.2,5,1.1260444461304862,0.0933216113979292
12,tweedie_direct_multilead_regression,reduced,1.1,0.3,5,1.1261273883774885,0.09191396803334269
12,tweedie_direct_multilead_regression,reduced,1.2,0.5,5,1.1261952703293123,0.09199775370166652
12,tweedie_direct_multilead_regression,full,1.1,0.2,5,1.1262730048914333,0.09423150219915581
12,tweedie_direct_multilead_regression,full,1.05,0.1,5,1.1263421429719849,0.0959857158028187
12,tweedie_direct_multilead_regression,reduced,1.3,0.8,5,1.1265055229214136,0.09233019301017878
12,tweedie_direct_multilead_regression,reduced,1.3,0.78,5,1.1266550494854364,0.09253094512810282
12,tweedie_direct_multilead_regression,full,1.2,0.6,5,1.1266906376265506,0.09297330176118365
12,tweedie_direct_multilead_regression,reduced,1.05,0.2,5,1.1268341528398271,0.0928753972050558
12,tweedie_direct_multilead_regression,reduced,1.3,0.75,5,1.1268670960694018,0.0928089673486953
12,tweedie_direct_multilead_regression,reduced,1.3,0.73,5,1.1270195220876844,0.09300851530006343
12,tweedie_direct_multilead_regression,full,1.1,0.1,5,1.1271672826625871,0.09746083167870334
12,tweedie_direct_multilead_regression,full,1.3,1.0,5,1.1272174240869408,0.09298251982523371
12,tweedie_direct_multilead_regression,full,1.2,0.5,5,1.1272551490187752,0.0936387443888203
12,tweedie_direct_multilead_regression,reduced,1.3,0.7,5,1.1272966996666256,0.09338294236457477
12,tweedie_direct_multilead_regression,reduced,1.2,0.4,5,1.1273553992550716,0.09357347806845094
12,tweedie_direct_multilead_regression,full,1.3,0.9,5,1.1274549533262657,0.0934128573031585
12,tweedie_direct_multilead_regression,full,1.3,0.8,5,1.1277153141336178,0.09389604259905801
12,tweedie_direct_multilead_regression,full,1.3,0.78,5,1.1277620260056302,0.0939865145518857
12,tweedie_direct_multilead_regression,full,1.2,0.4,5,1.1278022920355861,0.09438136586869769
12,tweedie_direct_multilead_regression,full,1.3,0.75,5,1.1278519376449099,0.09414756453389075
12,tweedie_direct_multilead_regression,full,1.3,0.73,5,1.1279127863448961,0.09426079989759861
12,tweedie_direct_multilead_regression,full,1.2,0.2,5,1.1279980306333919,0.09724181357154554
12,tweedie_direct_multilead_regression,full,1.3,0.7,5,1.1280064185119116,0.09444443169512896
12,tweedie_direct_multilead_regression,full,1.2,0.3,5,1.1282776154923766,0.09561146385681953
12,tweedie_direct_multilead_regression,full,1.3,0.6,5,1.1283554309961026,0.09506121429536973
12,tweedie_direct_multilead_regression,reduced,1.1,0.2,5,1.1284066279228342,0.0950144490783189
12,tweedie_direct_multilead_regression,reduced,1.3,0.6,5,1.12841666820576,0.09468686973323714
12,tweedie_direct_multilead_regression,full,1.3,0.5,5,1.1286565308677836,0.09579913899631796
12,tweedie_direct_multilead_regression,full,1.3,0.4,5,1.1289996804125035,0.09694101456755881
12,tweedie_direct_multilead_regression,full,1.3,0.3,5,1.1292225847243549,0.0984349602362534
12,tweedie_direct_multilead_regression,reduced,1.2,0.3,5,1.1292496785565214,0.09620923601708371
12,tweedie_direct_multilead_regression,full,1.2,0.1,5,1.1295446224321215,0.10079963369517447
12,tweedie_direct_multilead_regression,reduced,1.3,0.5,5,1.1297414070855698,0.09649943990206625
12,tweedie_direct_multilead_regression,full,1.3,0.2,5,1.129830326781561,0.10029731895172125
12,tweedie_direct_multilead_regression,full,1.5,1.0,5,1.1298993571018274,0.09790769398349006
12,tweedie_direct_multilead_regression,full,1.5,0.9,5,1.1300647286032302,0.09848758892440809
12,tweedie_direct_multilead_regression,full,1.5,0.8,5,1.1303028457838202,0.09909019829018122
12,tweedie_direct_multilead_regression,full,1.5,0.78,5,1.130351048283532,0.09922027886649133
12,tweedie_direct_multilead_regression,full,1.5,0.75,5,1.1303983625733824,0.09944126526605628
12,tweedie_direct_multilead_regression,full,1.5,0.73,5,1.1304237697291761,0.09959740503993009
12,tweedie_direct_multilead_regression,full,1.5,0.7,5,1.1304937832333828,0.0997707153798085
12,tweedie_direct_multilead_regression,full,1.5,0.6,5,1.1307821555007538,0.10054849580722679
12,tweedie_direct_multilead_regression,full,1.5,0.5,5,1.1311777916279406,0.10136577653412342
12,tweedie_direct_multilead_regression,reduced,1.05,0.1,5,1.1318781193866596,0.09980811165588176
12,tweedie_direct_multilead_regression,full,1.5,0.4,5,1.1319579952683465,0.1021382537329346
12,tweedie_direct_multilead_regression,reduced,1.3,0.4,5,1.131961512907963,0.09927766832257785
12,tweedie_direct_multilead_regression,full,1.3,0.1,5,1.1322051515712235,0.10206624169072392
12,tweedie_direct_multilead_regression,reduced,1.2,0.2,5,1.1328702456871702,0.10109572563549475
12,tweedie_direct_multilead_regression,full,1.5,0.3,5,1.133319239926176,0.10297899126459294
12,tweedie_direct_multilead_regression,full,1.7,1.0,5,1.1337300201843605,0.1036128989253437
12,tweedie_direct_multilead_regression,full,1.05,0.01,5,1.134038202850253,0.09933060790247447
12,tweedie_direct_multilead_regression,full,1.7,0.9,5,1.1343692126561518,0.1039178029364925
12,tweedie_direct_multilead_regression,reduced,1.5,1.0,5,1.1343843019527546,0.10177172233943434
12,tweedie_direct_multilead_regression,reduced,1.1,0.1,5,1.1345513880425275,0.10366119794618586
12,tweedie_direct_multilead_regression,reduced,1.3,0.3,5,1.1349946846842964,0.10332210863463737
12,tweedie_direct_multilead_regression,full,1.7,0.8,5,1.1351291322366344,0.1042287058987596
12,tweedie_direct_multilead_regression,full,1.7,0.78,5,1.135315934497506,0.10427383541935746
12,tweedie_direct_multilead_regression,full,1.7,0.75,5,1.1356272651271317,0.10432563727371019
12,tweedie_direct_multilead_regression,reduced,1.5,0.9,5,1.1356321220890169,0.10338545498314224
12,tweedie_direct_multilead_regression,full,1.5,0.2,5,1.1358634271864156,0.10359713472503476
12,tweedie_direct_multilead_regression,full,1.7,0.73,5,1.135864480303161,0.10435949856918418
12,tweedie_direct_multilead_regression,full,1.7,0.7,5,1.1361721359321482,0.1045069201433779
12,tweedie_direct_multilead_regression,reduced,1.5,0.8,5,1.1371475958166648,0.10534576571768846
12,tweedie_direct_multilead_regression,reduced,1.5,0.78,5,1.1374870282103087,0.1057855912012155
12,tweedie_direct_multilead_regression,full,1.7,0.6,5,1.137626256048405,0.10459531178328668
12,tweedie_direct_multilead_regression,reduced,1.5,0.75,5,1.1380236093674485,0.10648185122868904
12,tweedie_direct_multilead_regression,full,1.1,0.01,5,1.1383848910460572,0.10038227191821954
12,tweedie_direct_multilead_regression,reduced,1.5,0.73,5,1.1384012640671808,0.10697257701198852
12,tweedie_direct_multilead_regression,reduced,1.5,0.7,5,1.1389995122259209,0.10775132540711223
12,tweedie_direct_multilead_regression,full,1.7,0.5,5,1.1398328033058653,0.1044433151457934
12,tweedie_direct_multilead_regression,reduced,1.3,0.2,5,1.1405442536762203,0.11060541434124378
12,tweedie_direct_multilead_regression,reduced,1.5,0.6,5,1.1413258924816998,0.11074946434953968
12,tweedie_direct_multilead_regression,reduced,1.2,0.1,5,1.142231041087887,0.11316108735212715
12,tweedie_direct_multilead_regression,full,1.7,0.4,5,1.143347156557327,0.10387375344760397
12,tweedie_direct_multilead_regression,reduced,1.5,0.5,5,1.1443229134456563,0.11458512836229352
12,tweedie_direct_multilead_regression,full,1.5,0.1,5,1.1459872084768654,0.10217731518108593
12,tweedie_direct_multilead_regression,reduced,1.5,0.4,5,1.1485692838879595,0.1196290143117597
12,tweedie_direct_multilead_regression,full,1.7,0.3,5,1.150447805102039,0.10320311620220456
12,tweedie_direct_multilead_regression,full,1.9,1.0,5,1.1515209521250922,0.10445670974998371
12,tweedie_direct_multilead_regression,full,1.7,0.0,5,1.1515682407771668,0.08969979609177706
12,tweedie_direct_multilead_regression,reduced,1.7,1.0,5,1.1532146029146018,0.12447591929349028
12,tweedie_direct_multilead_regression,full,1.2,0.01,5,1.1532218391206717,0.10145811178251826
12,tweedie_direct_multilead_regression,reduced,1.3,0.1,5,1.1543778712180963,0.12612724640682751
12,tweedie_direct_multilead_regression,reduced,1.5,0.3,5,1.1550169699949278,0.12618825095618702
12,tweedie_direct_multilead_regression,full,1.9,0.9,5,1.1552632927979567,0.1047017275863318
12,tweedie_direct_multilead_regression,reduced,1.7,0.9,5,1.1557905919140008,0.12696797421448347
12,tweedie_direct_multilead_regression,reduced,1.7,0.8,5,1.158896835540705,0.12961595614000526
12,tweedie_direct_multilead_regression,reduced,1.7,0.78,5,1.1595928857230509,0.13016017279461536
12,tweedie_direct_multilead_regression,full,1.9,0.8,5,1.1600428779300171,0.10581774164389668
12,tweedie_direct_multilead_regression,reduced,1.7,0.75,5,1.1606424422929025,0.1310176169249377
12,tweedie_direct_multilead_regression,full,1.9,0.78,5,1.16118076630224,0.106218365381674
12,tweedie_direct_multilead_regression,reduced,1.7,0.73,5,1.161399982687478,0.131582977612687
12,tweedie_direct_multilead_regression,reduced,1.7,0.7,5,1.1625918844264802,0.1324433689693382
12,tweedie_direct_multilead_regression,full,1.9,0.75,5,1.1629789544579099,0.10695748799042906
12,tweedie_direct_multilead_regression,full,1.9,0.73,5,1.1641754469951877,0.1075308204733755
12,tweedie_direct_multilead_regression,full,1.7,0.2,5,1.1642054839109215,0.10733464069546375
12,tweedie_direct_multilead_regression,reduced,1.5,0.2,5,1.1659062883670253,0.13418895989561538
12,tweedie_direct_multilead_regression,full,1.9,0.7,5,1.1661808704022048,0.10860880221604816
12,tweedie_direct_multilead_regression,reduced,1.7,0.6,5,1.1671716810559811,0.13543477963758818
12,tweedie_direct_multilead_regression,full,1.3,0.01,5,1.17145185388919,0.11093597231595599
12,tweedie_direct_multilead_regression,full,1.05,0.001,5,1.1727888427453435,0.10734704736100509
12,tweedie_direct_multilead_regression,reduced,1.7,0.5,5,1.173122219972808,0.13847128773717898
12,tweedie_direct_multilead_regression,full,1.9,0.6,5,1.174186028043318,0.11444178312805359
12,tweedie_direct_multilead_regression,reduced,1.05,0.01,5,1.1750684812349976,0.13607789099902307
12,tweedie_direct_multilead_regression,reduced,1.7,0.4,5,1.1815503559792417,0.1409821343450569
12,tweedie_direct_multilead_regression,full,1.9,0.5,5,1.1830810479604315,0.12343966414218437
12,tweedie_direct_multilead_regression,reduced,1.1,0.01,5,1.1843820514212229,0.13802138261605376
12,tweedie_direct_multilead_regression,full,1.1,0.001,5,1.1878438904797053,0.12093493962461792
12,tweedie_direct_multilead_regression,full,1.2,0.0,5,1.1878751563771277,0.10995707601355749
12,tweedie_direct_multilead_regression,full,1.3,0.0,5,1.189200803492844,0.10877661742481591
12,tweedie_direct_multilead_regression,reduced,1.5,0.1,5,1.1904025018627917,0.14092476606811827
12,tweedie_direct_multilead_regression,full,1.9,0.1,5,1.190870101917252,0.12453460219369805
12,tweedie_direct_multilead_regression,full,1.7,0.01,5,1.193336366769912,0.11634792659555135
12,tweedie_direct_multilead_regression,reduced,1.9,1.0,5,1.1941270112871876,0.1433276041686665
12,tweedie_direct_multilead_regression,full,1.7,0.1,5,1.1943591128212643,0.13826909440364002
12,tweedie_direct_multilead_regression,reduced,1.7,0.3,5,1.1950556460321813,0.14176349819193307
12,tweedie_direct_multilead_regression,full,1.9,0.4,5,1.1955577559587924,0.1393450942200132
12,tweedie_direct_multilead_regression,full,1.5,0.001,5,1.195623038442569,0.11037275611189572
12,tweedie_direct_multilead_regression,full,1.9,0.01,5,1.1998875141861416,0.09970335881271744
12,tweedie_direct_multilead_regression,reduced,1.9,0.9,5,1.200476331908217,0.14335339140492892
12,tweedie_direct_multilead_regression,full,1.05,0.0,5,1.2009524199366457,0.12738816676307513
12,tweedie_direct_multilead_regression,full,1.3,0.001,5,1.202331130678642,0.13303508618008614
12,tweedie_direct_multilead_regression,full,1.1,0.0,5,1.2065967618727844,0.13429034287285882
12,tweedie_direct_multilead_regression,reduced,1.9,0.8,5,1.2077375931511007,0.14367963111424367
12,tweedie_direct_multilead_regression,reduced,1.2,0.01,5,1.2086393648536602,0.13783737288885728
12,tweedie_direct_multilead_regression,reduced,1.9,0.78,5,1.2094169294766668,0.1437634007273669
12,tweedie_direct_multilead_regression,reduced,1.9,0.75,5,1.2120714512215447,0.14394267125305538
12,tweedie_direct_multilead_regression,full,1.2,0.001,5,1.2126679387021353,0.15337716300818227
12,tweedie_direct_multilead_regression,reduced,1.9,0.73,5,1.2139110811260907,0.14412659916037135
12,tweedie_direct_multilead_regression,reduced,1.2,0.0,5,1.2148995130623075,0.11337574360151446
12,tweedie_direct_multilead_regression,reduced,1.9,0.7,5,1.216818558803711,0.1444703387838881
12,tweedie_direct_multilead_regression,reduced,1.7,0.2,5,1.2175329858002513,0.14314933219191353
12,tweedie_direct_multilead_regression,full,1.9,0.3,5,1.217795660995989,0.17472931743617848
12,tweedie_direct_multilead_regression,reduced,1.3,0.0,5,1.219121401567652,0.1262026033298966
12,tweedie_direct_multilead_regression,reduced,1.7,0.01,5,1.2192131736738243,0.11732599293472194
12,tweedie_direct_multilead_regression,reduced,1.5,0.001,5,1.2202732123001012,0.1190392004262977
12,tweedie_direct_multilead_regression,reduced,1.9,0.01,5,1.2207053074158813,0.11013372253065294
12,tweedie_direct_multilead_regression,full,1.9,0.0,5,1.2212586714726577,0.11833782642901935
12,tweedie_direct_multilead_regression,reduced,1.3,0.001,5,1.2261808333601822,0.1262673253586093
12,tweedie_direct_multilead_regression,full,1.9,0.2,5,1.2280919350451647,0.19163184431627264
12,tweedie_direct_multilead_regression,reduced,1.9,0.6,5,1.2280958726450486,0.14688767434891145
12,tweedie_direct_multilead_regression,full,1.7,0.001,5,1.2281820103041983,0.11648393848024366
12,tweedie_direct_multilead_regression,full,1.5,0.01,5,1.2294904213381648,0.19087336771439495
12,tweedie_direct_multilead_regression,reduced,1.9,0.1,5,1.2328806195227435,0.13011611126267622
12,tweedie_direct_multilead_regression,reduced,1.7,0.001,5,1.2336644541392066,0.11158108288231805
12,tweedie_direct_multilead_regression,reduced,1.3,0.01,5,1.2338686114111777,0.14242280015033584
12,tweedie_direct_multilead_regression,reduced,1.9,0.5,5,1.2398985778034002,0.15178658073511875
12,tweedie_direct_multilead_regression,reduced,1.05,0.001,5,1.244066523673013,0.1398004461969903
12,tweedie_direct_multilead_regression,reduced,1.1,0.001,5,1.2517648472541685,0.14648667831331827
12,tweedie_direct_multilead_regression,reduced,1.9,0.4,5,1.2555368174194164,0.16227988733637172
12,tweedie_direct_multilead_regression,reduced,1.7,0.1,5,1.2564868557454025,0.16182579848498765
12,tweedie_direct_multilead_regression,reduced,1.2,0.001,5,1.2622129802087758,0.1623545881245791
12,tweedie_direct_multilead_regression,reduced,1.5,0.0,5,1.2626226245163985,0.13374381166965965
12,tweedie_direct_multilead_regression,reduced,1.05,0.0,5,1.263201163095036,0.1537775098408221
12,tweedie_direct_multilead_regression,reduced,1.9,0.001,5,1.2632879086723618,0.12327549155003023
12,tweedie_direct_multilead_regression,reduced,1.1,0.0,5,1.265426154072879,0.162555006420946
12,tweedie_direct_multilead_regression,full,1.5,0.0,5,1.2674573853642885,0.16321813578087788
12,tweedie_direct_multilead_regression,reduced,1.5,0.01,5,1.2676434099020448,0.17645360008763636
12,tweedie_direct_multilead_regression,reduced,1.9,0.2,5,1.2769814317118697,0.18343803294261612
12,tweedie_direct_multilead_regression,full,1.9,0.001,5,1.2774887841664164,0.15499543941782679
12,tweedie_direct_multilead_regression,reduced,1.7,0.0,5,1.2785170467239098,0.14406733886821824
12,tweedie_direct_multilead_regression,reduced,1.9,0.3,5,1.2793552539295896,0.18836464794909857
12,tweedie_direct_multilead_regression,reduced,1.9,0.0,5,1.2882515980056115,0.1404442258955886
13,tweedie_direct_multilead_regression,full,1.9,0.0,5,1.309150077719107,0.3995160076611459
13,tweedie_direct_multilead_regression,full,1.9,0.8,5,1.3386390174874996,0.36324727151637576
13,tweedie_direct_multilead_regression,full,1.9,0.78,5,1.3386649014722143,0.3629174505869018
13,tweedie_direct_multilead_regression,full,1.9,0.75,5,1.3387481581501885,0.3623816309960133
13,tweedie_direct_multilead_regression,full,1.9,0.9,5,1.3388200416858755,0.364700276287396
13,tweedie_direct_multilead_regression,full,1.9,0.73,5,1.338843693787888,0.3619954245197537
13,tweedie_direct_multilead_regression,full,1.9,0.7,5,1.339034893257048,0.36138843831051387
13,tweedie_direct_multilead_regression,full,1.9,1.0,5,1.3393945644621794,0.3658894434804356
13,tweedie_direct_multilead_regression,full,1.9,0.6,5,1.3402920356809367,0.3589110892281618
13,tweedie_direct_multilead_regression,reduced,1.9,1.0,5,1.3413170345711876,0.35448642120884
13,tweedie_direct_multilead_regression,full,1.9,0.5,5,1.3427906898915558,0.3554654550094019
13,tweedie_direct_multilead_regression,reduced,1.9,0.9,5,1.3436356654233126,0.3509540286637241
13,tweedie_direct_multilead_regression,reduced,1.9,0.8,5,1.3468783875792474,0.34661172233993626
13,tweedie_direct_multilead_regression,full,1.9,0.4,5,1.3473039439302608,0.3504760758653991
13,tweedie_direct_multilead_regression,reduced,1.9,0.78,5,1.3476599877666957,0.345629298859555
13,tweedie_direct_multilead_regression,reduced,1.9,0.75,5,1.3489244677199337,0.3440728530085448
13,tweedie_direct_multilead_regression,reduced,1.9,0.73,5,1.3498417657046335,0.342971906760053
13,tweedie_direct_multilead_regression,full,1.7,0.2,5,1.35094166112798,0.3576042970810338
13,tweedie_direct_multilead_regression,reduced,1.9,0.7,5,1.3513185027344317,0.3412311206255465
13,tweedie_direct_multilead_regression,full,1.7,0.1,5,1.353339884441137,0.35089940175073986
13,tweedie_direct_multilead_regression,full,1.7,0.3,5,1.3553414541794706,0.3618807422176807
13,tweedie_direct_multilead_regression,full,1.9,0.3,5,1.3553987130546914,0.3429765039531704
13,tweedie_direct_multilead_regression,reduced,1.9,0.6,5,1.357291951250215,0.33466822142902225
13,tweedie_direct_multilead_regression,reduced,1.7,0.5,5,1.3583926654986764,0.3541900131117152
13,tweedie_direct_multilead_regression,reduced,1.7,0.4,5,1.3588803350468233,0.3482527720927014
13,tweedie_direct_multilead_regression,reduced,1.7,0.6,5,1.3591027713464119,0.358729260011352
13,tweedie_direct_multilead_regression,reduced,1.7,0.7,5,1.3604955568532338,0.3623221943373659
13,tweedie_direct_multilead_regression,reduced,1.7,0.73,5,1.361013107568559,0.3632631610097774
13,tweedie_direct_multilead_regression,reduced,1.7,0.75,5,1.3613795161977609,0.3638653562466338
13,tweedie_direct_multilead_regression,full,1.7,0.4,5,1.3616530154438975,0.3658630832775731
13,tweedie_direct_multilead_regression,reduced,1.7,0.3,5,1.361762135760139,0.3398519013045695
13,tweedie_direct_multilead_regression,reduced,1.7,0.78,5,1.3619548308058218,0.36474084694978925
13,tweedie_direct_multilead_regression,reduced,1.7,0.8,5,1.3623503641040715,0.3653070699339414
13,tweedie_direct_multilead_regression,reduced,1.7,0.9,5,1.3644395801522173,0.3679322319224574
13,tweedie_direct_multilead_regression,reduced,1.9,0.5,5,1.3655729230721483,0.32658094330444376
13,tweedie_direct_multilead_regression,reduced,1.7,1.0,5,1.3665952540897846,0.3702857645887313
13,tweedie_direct_multilead_regression,full,1.05,0.001,5,1.366622368905819,0.3492650612896311
13,tweedie_direct_multilead_regression,full,1.7,0.5,5,1.3684141739349633,0.369914170003527
13,tweedie_direct_multilead_regression,full,1.3,0.01,5,1.368877606151401,0.3510982464518575
13,tweedie_direct_multilead_regression,reduced,1.7,0.2,5,1.369537318837026,0.3272411387582412
13,tweedie_direct_multilead_regression,full,1.9,0.2,5,1.370459049668141,0.33214463730829397
13,tweedie_direct_multilead_regression,full,1.1,0.001,5,1.3704823525846594,0.3468917936144696
13,tweedie_direct_multilead_regression,full,1.5,0.1,5,1.3720507180454207,0.3622439890002161
13,tweedie_direct_multilead_regression,full,1.5,0.01,5,1.3722087195134527,0.3491077628569531
13,tweedie_direct_multilead_regression,full,1.7,0.6,5,1.3748537982723723,0.3740872606173364
13,tweedie_direct_multilead_regression,reduced,1.5,0.2,5,1.3766823218270108,0.35251321482259174
13,tweedie_direct_multilead_regression,reduced,1.9,0.4,5,1.377219033557687,0.3167924910144839
13,tweedie_direct_multilead_regression,reduced,1.5,0.3,5,1.3776598816307093,0.36325021866716
13,tweedie_direct_multilead_regression,full,1.2,0.01,5,1.3802263011307998,0.3541193416049031
13,tweedie_direct_multilead_regression,reduced,1.5,0.4,5,1.3802353481860006,0.3705618119698235
13,tweedie_direct_multilead_regression,full,1.7,0.7,5,1.3804621577961786,0.3782360745896323
13,tweedie_direct_multilead_regression,reduced,1.5,0.1,5,1.3814950628137574,0.33274223778092066
13,tweedie_direct_multilead_regression,full,1.7,0.73,5,1.382018868420658,0.3794691050565938
13,tweedie_direct_multilead_regression,full,1.7,0.75,5,1.3829815555216012,0.3802587251343052
13,tweedie_direct_multilead_regression,reduced,1.5,0.5,5,1.3837051114358894,0.37644842419822905
13,tweedie_direct_multilead_regression,full,1.7,0.78,5,1.3843755177425408,0.3814414281127051
13,tweedie_direct_multilead_regression,full,1.7,0.8,5,1.3852953410285656,0.3822198285834312
13,tweedie_direct_multilead_regression,reduced,1.5,0.6,5,1.3877019346335022,0.3815946115123252
13,tweedie_direct_multilead_regression,reduced,1.3,0.1,5,1.3895599708539264,0.3590250449777813
13,tweedie_direct_multilead_regression,full,1.7,0.9,5,1.3897952839350416,0.38615186600074036
13,tweedie_direct_multilead_regression,full,1.2,0.001,5,1.3902572861123854,0.33792960289429147
13,tweedie_direct_multilead_regression,reduced,1.7,0.1,5,1.3907510886347811,0.3078903054384626
13,tweedie_direct_multilead_regression,reduced,1.5,0.7,5,1.3921912281779845,0.38634376889552674
13,tweedie_direct_multilead_regression,full,1.5,0.2,5,1.3926286934512382,0.3797758896900955
13,tweedie_direct_multilead_regression,reduced,1.3,0.2,5,1.3935416425626719,0.37709449323109256
13,tweedie_direct_multilead_regression,reduced,1.5,0.73,5,1.3936626699396046,0.3877510592072499
13,tweedie_direct_multilead_regression,full,1.7,1.0,5,1.39407738167279,0.3900329646139362
13,tweedie_direct_multilead_regression,reduced,1.9,0.3,5,1.3945781618653539,0.30536412456597034
13,tweedie_direct_multilead_regression,reduced,1.5,0.75,5,1.3946701757475277,0.3886869849826515
13,tweedie_direct_multilead_regression,reduced,1.2,0.1,5,1.395799907544346,0.37088680176385425
13,tweedie_direct_multilead_regression,reduced,1.5,0.78,5,1.3961933455051727,0.39007053254523716
13,tweedie_direct_multilead_regression,full,1.1,0.01,5,1.3962069262839572,0.36361234310082075
13,tweedie_direct_multilead_regression,reduced,1.5,0.8,5,1.3972479376730127,0.3910079587254396
13,tweedie_direct_multilead_regression,reduced,1.5,0.9,5,1.4027454869885352,0.3957406702178014
13,tweedie_direct_multilead_regression,full,1.9,0.1,5,1.4038249797331273,0.31935929191196444
13,tweedie_direct_multilead_regression,reduced,1.3,0.3,5,1.403865225020662,0.3916008327548824
13,tweedie_direct_multilead_regression,full,1.05,0.01,5,1.4057445337053787,0.371798689371343
13,tweedie_direct_multilead_regression,full,1.5,0.3,5,1.4064117533249347,0.39422854759816994
13,tweedie_direct_multilead_regression,reduced,1.1,0.1,5,1.4073404777788068,0.3858983879520723
13,tweedie_direct_multilead_regression,reduced,1.5,1.0,5,1.408581851195586,0.40061403115492794
13,tweedie_direct_multilead_regression,reduced,1.2,0.2,5,1.410081864406647,0.3951247370826287
13,tweedie_direct_multilead_regression,reduced,1.05,0.1,5,1.4159987313190427,0.39623777328257603
13,tweedie_direct_multilead_regression,reduced,1.3,0.4,5,1.4165482353452816,0.4060104173284112
13,tweedie_direct_multilead_regression,full,1.5,0.4,5,1.4169029122660295,0.4063992942330099
13,tweedie_direct_multilead_regression,reduced,1.05,0.01,5,1.4172454953248521,0.3375502342631212
13,tweedie_direct_multilead_regression,full,1.3,0.1,5,1.41745493494702,0.40020880432821343
13,tweedie_direct_multilead_regression,reduced,1.3,0.01,5,1.4179879910589417,0.31249959765271956
13,tweedie_direct_multilead_regression,full,1.05,1.0,5,1.4181837601332197,0.4004587744975863
13,tweedie_direct_multilead_regression,full,1.05,0.9,5,1.418368790200154,0.40292016344465253
13,tweedie_direct_multilead_regression,full,1.05,0.8,5,1.4186754436587432,0.40561575249563764
13,tweedie_direct_multilead_regression,full,1.05,0.78,5,1.418741980849342,0.40617586005258266
13,tweedie_direct_multilead_regression,full,1.05,0.75,5,1.4188706156643238,0.4070495556321045
13,tweedie_direct_multilead_regression,full,1.05,0.73,5,1.4189621336525167,0.4076419844767581
13,tweedie_direct_multilead_regression,reduced,1.1,0.01,5,1.419020824776052,0.33185492090398544
13,tweedie_direct_multilead_regression,full,1.05,0.7,5,1.419124081488686,0.4085493456279075
13,tweedie_direct_multilead_regression,full,1.1,1.0,5,1.4196398274627349,0.40461189645480905
13,tweedie_direct_multilead_regression,full,1.05,0.6,5,1.4199151888364387,0.41170497612008133
13,tweedie_direct_multilead_regression,full,1.1,0.9,5,1.4199251315722559,0.4070136999969411
13,tweedie_direct_multilead_regression,full,1.3,0.001,5,1.4202111752855358,0.3235542376341549
13,tweedie_direct_multilead_regression,reduced,1.2,0.01,5,1.4203216688991436,0.32053101884086144
13,tweedie_direct_multilead_regression,full,1.1,0.8,5,1.420381553962058,0.40962352297719085
13,tweedie_direct_multilead_regression,full,1.1,0.78,5,1.420497422076546,0.4101666233061307
13,tweedie_direct_multilead_regression,full,1.1,0.75,5,1.420691250022945,0.41100001993784635
13,tweedie_direct_multilead_regression,full,1.1,0.73,5,1.4208378113860989,0.41157295902799873
13,tweedie_direct_multilead_regression,full,1.1,0.7,5,1.4211109524817165,0.4124189148010468
13,tweedie_direct_multilead_regression,full,1.05,0.5,5,1.4211450150494467,0.4153021715296034
13,tweedie_direct_multilead_regression,full,1.1,0.6,5,1.422165910474601,0.41560569879120407
13,tweedie_direct_multilead_regression,reduced,1.9,0.2,5,1.4223126020220243,0.2942775340249132
13,tweedie_direct_multilead_regression,full,1.05,0.4,5,1.423129371609324,0.4192383183952273
13,tweedie_direct_multilead_regression,full,1.2,1.0,5,1.4234727195480172,0.4131570411181457
13,tweedie_direct_multilead_regression,full,1.1,0.5,5,1.4237774242129888,0.41903941648336196
13,tweedie_direct_multilead_regression,full,1.7,0.01,5,1.4239565947078194,0.33208857332306335
13,tweedie_direct_multilead_regression,full,1.2,0.9,5,1.4240903445741788,0.4153836998853312
13,tweedie_direct_multilead_regression,full,1.2,0.8,5,1.4250480685021099,0.4179757433811702
13,tweedie_direct_multilead_regression,full,1.2,0.78,5,1.4252797973336477,0.41850468233647686
13,tweedie_direct_multilead_regression,full,1.5,0.5,5,1.4255350796861845,0.4170172571009889
13,tweedie_direct_multilead_regression,full,1.2,0.75,5,1.425639914292742,0.41933422474039295
13,tweedie_direct_multilead_regression,full,1.2,0.73,5,1.425895416822909,0.4198974274835685
13,tweedie_direct_multilead_regression,full,1.1,0.4,5,1.4260685966498756,0.4228288443298205
13,tweedie_direct_multilead_regression,full,1.05,0.3,5,1.4261694363640585,0.42359615847891957
13,tweedie_direct_multilead_regression,full,1.2,0.7,5,1.4263034883376775,0.42075069932927134
13,tweedie_direct_multilead_regression,reduced,1.2,0.3,5,1.4273204783919566,0.4167230783284732
13,tweedie_direct_multilead_regression,reduced,1.3,0.5,5,1.4276292789211733,0.418197387994854
13,tweedie_direct_multilead_regression,full,1.2,0.6,5,1.4278902709722985,0.4236606836638714
13,tweedie_direct_multilead_regression,full,1.3,1.0,5,1.4288140783597114,0.42231458267935956
13,tweedie_direct_multilead_regression,reduced,1.05,1.0,5,1.4293355682133568,0.396056157221661
13,tweedie_direct_multilead_regression,full,1.1,0.3,5,1.4294038551261008,0.42697329900159625
13,tweedie_direct_multilead_regression,reduced,1.05,0.9,5,1.4295339576153512,0.39930214503764916
13,tweedie_direct_multilead_regression,full,1.3,0.9,5,1.4298331941503855,0.4244030845422015
13,tweedie_direct_multilead_regression,reduced,1.05,0.8,5,1.4298678511095102,0.4029839254421847
13,tweedie_direct_multilead_regression,full,1.2,0.5,5,1.4299404269860463,0.4267754938905651
13,tweedie_direct_multilead_regression,reduced,1.05,0.78,5,1.429953687469858,0.40378214341044916
13,tweedie_direct_multilead_regression,reduced,1.05,0.75,5,1.4300899734080892,0.40502008798124906
13,tweedie_direct_multilead_regression,reduced,1.05,0.73,5,1.4301861054969973,0.40587062451655864
13,tweedie_direct_multilead_regression,reduced,1.05,0.7,5,1.4303426719038712,0.4071856906828172
13,tweedie_direct_multilead_regression,reduced,1.1,0.2,5,1.4307925483624215,0.41937106967001064
13,tweedie_direct_multilead_regression,reduced,1.1,1.0,5,1.4308470978772883,0.40167869849742865
13,tweedie_direct_multilead_regression,reduced,1.05,0.6,5,1.4310735938321366,0.4120075945955183
13,tweedie_direct_multilead_regression,full,1.05,0.2,5,1.4311241821293752,0.42876796301481396
13,tweedie_direct_multilead_regression,full,1.3,0.8,5,1.4311919234248325,0.42686282103742157
13,tweedie_direct_multilead_regression,reduced,1.1,0.9,5,1.4312327146988806,0.40501932707069727
13,tweedie_direct_multilead_regression,full,1.3,0.78,5,1.431498915691415,0.42736622040388306
13,tweedie_direct_multilead_regression,reduced,1.1,0.8,5,1.4317169902187001,0.4088004072761314
13,tweedie_direct_multilead_regression,reduced,1.1,0.78,5,1.4318301862535896,0.40960847426205554
13,tweedie_direct_multilead_regression,full,1.3,0.75,5,1.4319574979282368,0.4281022000017467
13,tweedie_direct_multilead_regression,reduced,1.1,0.75,5,1.4320160111289635,0.4108567069347663
13,tweedie_direct_multilead_regression,reduced,1.1,0.73,5,1.4321774970984555,0.4117341709235657
13,tweedie_direct_multilead_regression,reduced,1.05,0.5,5,1.4322564930017452,0.41749281875271416
13,tweedie_direct_multilead_regression,full,1.3,0.73,5,1.432305961085471,0.4286142354702738
13,tweedie_direct_multilead_regression,full,1.5,0.6,5,1.432348095639934,0.42581281807179683
13,tweedie_direct_multilead_regression,reduced,1.1,0.7,5,1.4324090221711598,0.41305386621934304
13,tweedie_direct_multilead_regression,full,1.2,0.4,5,1.4327986021003982,0.43029232950729457
13,tweedie_direct_multilead_regression,reduced,1.5,0.01,5,1.432838833992729,0.316682655665064
13,tweedie_direct_multilead_regression,full,1.3,0.7,5,1.4328516195866763,0.42940856388025855
13,tweedie_direct_multilead_regression,reduced,1.1,0.6,5,1.4334370365012297,0.41781180954662034
13,tweedie_direct_multilead_regression,reduced,1.05,0.4,5,1.4342711995977513,0.4235969363752525
13,tweedie_direct_multilead_regression,full,1.3,0.6,5,1.4348686021872965,0.4321523904930062
13,tweedie_direct_multilead_regression,full,1.1,0.2,5,1.4348719747159115,0.43200104448049154
13,tweedie_direct_multilead_regression,reduced,1.2,1.0,5,1.4350003611809274,0.41390426548069453
13,tweedie_direct_multilead_regression,reduced,1.3,0.6,5,1.435027572494116,0.42608253073185587
13,tweedie_direct_multilead_regression,reduced,1.1,0.5,5,1.4351453369088083,0.4231999849608261
13,tweedie_direct_multilead_regression,reduced,1.2,0.9,5,1.4357599498332896,0.41732731039149124
13,tweedie_direct_multilead_regression,full,1.2,0.1,5,1.4360364550084297,0.42342151332803185
13,tweedie_direct_multilead_regression,reduced,1.2,0.8,5,1.4367136628437531,0.4211226559739929
13,tweedie_direct_multilead_regression,reduced,1.05,0.2,5,1.4367251751281527,0.42762524537895197
13,tweedie_direct_multilead_regression,full,1.2,0.3,5,1.4367629831198705,0.4339915515986998
13,tweedie_direct_multilead_regression,reduced,1.2,0.4,5,1.4368915493015026,0.4284774825395949
13,tweedie_direct_multilead_regression,reduced,1.2,0.78,5,1.436944541055821,0.42192344226467704
13,tweedie_direct_multilead_regression,full,1.5,0.7,5,1.4372689722464829,0.43247220923721896
13,tweedie_direct_multilead_regression,full,1.3,0.5,5,1.437311079437286,0.4348153274577142
13,tweedie_direct_multilead_regression,reduced,1.2,0.75,5,1.4373231547283845,0.4231513450586246
13,tweedie_direct_multilead_regression,reduced,1.1,0.001,5,1.4374680796957162,0.3377327421880941
13,tweedie_direct_multilead_regression,reduced,1.2,0.73,5,1.437596265657358,0.4239814732774746
13,tweedie_direct_multilead_regression,full,1.3,0.2,5,1.4376650326793616,0.4283392000999198
13,tweedie_direct_multilead_regression,reduced,1.1,0.4,5,1.4376813170058127,0.42879558102521054
13,tweedie_direct_multilead_regression,reduced,1.05,0.3,5,1.4378181125408467,0.4299850581118776
13,tweedie_direct_multilead_regression,reduced,1.05,0.001,5,1.4379138006688037,0.335488637874664
13,tweedie_direct_multilead_regression,reduced,1.2,0.7,5,1.4380345285395268,0.4252441511060336
13,tweedie_direct_multilead_regression,full,1.5,0.73,5,1.4383335710222913,0.43396803780896503
13,tweedie_direct_multilead_regression,full,1.5,0.75,5,1.4389263074608887,0.43482226300676424
13,tweedie_direct_multilead_regression,reduced,1.1,0.3,5,1.4390078252664165,0.431220448884015
13,tweedie_direct_multilead_regression,reduced,1.3,0.7,5,1.4393351869091684,0.43010306174968244
13,tweedie_direct_multilead_regression,reduced,1.2,0.6,5,1.4396107896809092,0.42934305144530677
13,tweedie_direct_multilead_regression,full,1.5,0.78,5,1.4396519298185624,0.4358954258277152
13,tweedie_direct_multilead_regression,full,1.3,0.4,5,1.439925303008975,0.4369751490567561
13,tweedie_direct_multilead_regression,full,1.05,0.1,5,1.4399630605575617,0.43386339627286885
13,tweedie_direct_multilead_regression,full,1.5,0.8,5,1.4400323800936177,0.4364825796154739
13,tweedie_direct_multilead_regression,reduced,1.2,0.5,5,1.4401142845351051,0.43160171811802134
13,tweedie_direct_multilead_regression,reduced,1.3,0.73,5,1.4401221821943995,0.43063499689873924
13,tweedie_direct_multilead_regression,reduced,1.3,0.75,5,1.440561044091011,0.4308759711216899
13,tweedie_direct_multilead_regression,reduced,1.3,1.0,5,1.440866930192982,0.4269000817091512
13,tweedie_direct_multilead_regression,reduced,1.3,0.78,5,1.4410986473928507,0.43105065709601165
13,tweedie_direct_multilead_regression,full,1.2,0.2,5,1.4411707046863018,0.4361495725168222
13,tweedie_direct_multilead_regression,full,1.5,0.9,5,1.4411914304118472,0.43834477887144024
13,tweedie_direct_multilead_regression,reduced,1.3,0.8,5,1.4413522545574158,0.4310292441454045
13,tweedie_direct_multilead_regression,full,1.5,1.0,5,1.4414497339245829,0.4389236063847066
13,tweedie_direct_multilead_regression,full,1.3,0.3,5,1.4416214737772026,0.4367912072661009
13,tweedie_direct_multilead_regression,full,1.1,0.1,5,1.4416481198430404,0.4339290695859243
13,tweedie_direct_multilead_regression,reduced,1.3,0.9,5,1.4416635989413455,0.4296660018928492
13,tweedie_direct_multilead_regression,reduced,1.2,0.001,5,1.4485443024949478,0.34532986528201554
13,tweedie_direct_multilead_regression,reduced,1.3,0.001,5,1.464992894121202,0.36103889895715685
13,tweedie_direct_multilead_regression,full,1.7,0.0,5,1.4679077579430282,0.3194532740949629
13,tweedie_direct_multilead_regression,reduced,1.9,0.1,5,1.4770613747732952,0.2868711166344557
13,tweedie_direct_multilead_regression,reduced,1.3,0.0,5,1.4773843536662317,0.26374781226333155
13,tweedie_direct_multilead_regression,reduced,1.9,0.0,5,1.5030995288782498,0.2711319431016301
13,tweedie_direct_multilead_regression,full,1.5,0.001,5,1.503971611544264,0.31189534217342435
13,tweedie_direct_multilead_regression,reduced,1.7,0.01,5,1.5053585499922741,0.3221935409088388
13,tweedie_direct_multilead_regression,full,1.3,0.0,5,1.5104170000353183,0.3080461122689499
13,tweedie_direct_multilead_regression,reduced,1.2,0.0,5,1.5144779822649563,0.32806354990275294
13,tweedie_direct_multilead_regression,reduced,1.5,0.001,5,1.5157531105070388,0.3638005031672921
13,tweedie_direct_multilead_regression,full,1.7,0.001,5,1.5197719106964538,0.3084522087635387
13,tweedie_direct_multilead_regression,reduced,1.7,0.0,5,1.523021411098228,0.30794906072422285
13,tweedie_direct_multilead_regression,full,1.05,0.0,5,1.5252280331072072,0.32531694371845216
13,tweedie_direct_multilead_regression,full,1.2,0.0,5,1.5271964839117518,0.3344686906891451
13,tweedie_direct_multilead_regression,reduced,1.1,0.0,5,1.5360510683960096,0.4180575056982372
13,tweedie_direct_multilead_regression,reduced,1.05,0.0,5,1.5363805741859475,0.40066379890561815
13,tweedie_direct_multilead_regression,full,1.1,0.0,5,1.5365691266700985,0.33087245738165066
13,tweedie_direct_multilead_regression,full,1.9,0.01,5,1.5425989919616219,0.28330901527008184
13,tweedie_direct_multilead_regression,full,1.5,0.0,5,1.5452558890894812,0.3060919983163759
13,tweedie_direct_multilead_regression,reduced,1.5,0.0,5,1.5478087545775259,0.26084337874368213
13,tweedie_direct_multilead_regression,full,1.9,0.001,5,1.5754646784274762,0.3061696887827736
13,tweedie_direct_multilead_regression,reduced,1.7,0.001,5,1.6050802813977973,0.3140421515458923
13,tweedie_direct_multilead_regression,reduced,1.9,0.01,5,1.6529742715695057,0.3049558971361846
13,tweedie_direct_multilead_regression,reduced,1.9,0.001,5,1.7138155456315456,0.315050549675687
2,tweedie_direct_multilead_regression,reduced,1.1,0.3,5,0.16959711082832254,0.03207219667452837
2,tweedie_direct_multilead_regression,reduced,1.05,0.3,5,0.1696165253510784,0.03223162925862192
2,tweedie_direct_multilead_regression,reduced,1.2,0.4,5,0.16964378175810468,0.03220705213148205
2,tweedie_direct_multilead_regression,reduced,1.05,0.2,5,0.16965827700415645,0.03167627925415052
2,tweedie_direct_multilead_regression,reduced,1.3,0.5,5,0.16972073681286232,0.03221154261150537
2,tweedie_direct_multilead_regression,reduced,1.2,0.3,5,0.16973051021144156,0.0317942811075144
2,tweedie_direct_multilead_regression,reduced,1.3,0.4,5,0.16974554685192328,0.03191379878618762
2,tweedie_direct_multilead_regression,reduced,1.5,0.78,5,0.16976126782841802,0.03231911523293271
2,tweedie_direct_multilead_regression,reduced,1.5,0.75,5,0.16977022598049868,0.03223414633390354
2,tweedie_direct_multilead_regression,reduced,1.5,0.8,5,0.1697795357257488,0.032363484730513495
2,tweedie_direct_multilead_regression,reduced,1.5,0.73,5,0.16980362321428125,0.032180146515897234
2,tweedie_direct_multilead_regression,reduced,1.1,0.4,5,0.16983398350502643,0.03254485256014321
2,tweedie_direct_multilead_regression,reduced,1.5,0.7,5,0.16983988645814874,0.0321572019558414
2,tweedie_direct_multilead_regression,reduced,1.1,0.2,5,0.16985398600398693,0.0315849625326124
2,tweedie_direct_multilead_regression,reduced,1.5,0.6,5,0.16986915698348626,0.03196110537632026
2,tweedie_direct_multilead_regression,reduced,1.2,0.5,5,0.16987654657315832,0.0326048747785804
2,tweedie_direct_multilead_regression,reduced,1.3,0.6,5,0.16992078327376497,0.03255501257193613
2,tweedie_direct_multilead_regression,reduced,1.05,0.4,5,0.1699263904304604,0.03277586585493809
2,tweedie_direct_multilead_regression,reduced,1.5,0.9,5,0.16992660545202273,0.03255058544534913
2,tweedie_direct_multilead_regression,reduced,1.7,1.0,5,0.16996452231133666,0.03214976300354937
2,tweedie_direct_multilead_regression,reduced,1.7,0.9,5,0.17001233299315477,0.031976312564862414
2,tweedie_direct_multilead_regression,reduced,1.5,1.0,5,0.17003739836882956,0.03280279473949198
2,tweedie_direct_multilead_regression,reduced,1.3,0.7,5,0.1700577817213168,0.032847125844050376
2,tweedie_direct_multilead_regression,reduced,1.3,0.3,5,0.170062189558021,0.03159235788028841
2,tweedie_direct_multilead_regression,reduced,1.5,0.5,5,0.1701001110869429,0.03174245740283664
2,tweedie_direct_multilead_regression,reduced,1.2,0.6,5,0.17012600228628208,0.0329867146870765
2,tweedie_direct_multilead_regression,reduced,1.3,0.73,5,0.17013789506228472,0.03292772171221886
2,tweedie_direct_multilead_regression,reduced,1.1,0.5,5,0.17016606599705442,0.03298751601726535
2,tweedie_direct_multilead_regression,reduced,1.7,0.8,5,0.170175223684583,0.03183893589837023
2,tweedie_direct_multilead_regression,reduced,1.3,0.75,5,0.17019307476767417,0.032978358868058444
2,tweedie_direct_multilead_regression,reduced,1.7,0.78,5,0.17022290847244245,0.03181133080312974
2,tweedie_direct_multilead_regression,reduced,1.3,0.78,5,0.17027763967132178,0.03305138718898619
2,tweedie_direct_multilead_regression,reduced,1.7,0.75,5,0.17029874777954515,0.03183218992618928
2,tweedie_direct_multilead_regression,reduced,1.3,0.8,5,0.17033491658803376,0.03309844600307049
2,tweedie_direct_multilead_regression,reduced,1.7,0.73,5,0.1703503290268698,0.031807556358874375
2,tweedie_direct_multilead_regression,reduced,1.05,0.5,5,0.1703868059173695,0.0331176756270825
2,tweedie_direct_multilead_regression,reduced,1.2,0.2,5,0.17042225664432414,0.03140369115399862
2,tweedie_direct_multilead_regression,reduced,1.7,0.7,5,0.1704385052343151,0.03177269825795396
2,tweedie_direct_multilead_regression,reduced,1.2,0.7,5,0.17051777707610674,0.033203781278831876
2,tweedie_direct_multilead_regression,reduced,1.5,0.4,5,0.17056977595872258,0.03154696647095322
2,tweedie_direct_multilead_regression,reduced,1.1,0.6,5,0.17061620273429945,0.03328473532562814
2,tweedie_direct_multilead_regression,reduced,1.2,0.73,5,0.17062630658650968,0.03327480473144831
2,tweedie_direct_multilead_regression,reduced,1.3,0.9,5,0.17064782136912773,0.03327798444506415
2,tweedie_direct_multilead_regression,reduced,1.2,0.75,5,0.17069809996169918,0.03332072840894297
2,tweedie_direct_multilead_regression,reduced,1.9,1.0,5,0.17079891997409252,0.03179340176794533
2,tweedie_direct_multilead_regression,reduced,1.2,0.78,5,0.17080496169069687,0.03338772023525917
2,tweedie_direct_multilead_regression,reduced,1.7,0.6,5,0.17085293442052907,0.03167736845910821
2,tweedie_direct_multilead_regression,reduced,1.2,0.8,5,0.17087530217560143,0.03343160073380191
2,tweedie_direct_multilead_regression,reduced,1.05,0.6,5,0.17089302968711323,0.03342382218525077
2,tweedie_direct_multilead_regression,reduced,1.3,1.0,5,0.17096914690526813,0.03347465529640692
2,tweedie_direct_multilead_regression,reduced,1.1,0.7,5,0.1710443007169138,0.03354395447988677
2,tweedie_direct_multilead_regression,reduced,1.9,0.9,5,0.17111736648132883,0.03174087473780469
2,tweedie_direct_multilead_regression,reduced,1.1,0.73,5,0.1711389622857717,0.0335751083989288
2,tweedie_direct_multilead_regression,reduced,1.2,0.9,5,0.17121433380645362,0.03364005465911384
2,tweedie_direct_multilead_regression,reduced,1.1,0.75,5,0.17122039100769265,0.03362230433433398
2,tweedie_direct_multilead_regression,reduced,1.05,0.7,5,0.1713115536393915,0.03371679569822055
2,tweedie_direct_multilead_regression,reduced,1.3,0.2,5,0.17132524812064012,0.031423892111798635
2,tweedie_direct_multilead_regression,reduced,1.1,0.78,5,0.17134044315192926,0.03369142368996102
2,tweedie_direct_multilead_regression,reduced,1.1,0.8,5,0.1714191035696182,0.03373638252523603
2,tweedie_direct_multilead_regression,reduced,1.05,0.73,5,0.17144198447437678,0.03379057911708853
2,tweedie_direct_multilead_regression,reduced,1.7,0.5,5,0.17147576962425415,0.03160007421622683
2,tweedie_direct_multilead_regression,reduced,1.05,0.75,5,0.1715168450279861,0.03382324264802463
2,tweedie_direct_multilead_regression,reduced,1.2,1.0,5,0.17153376427453967,0.033829349910910717
2,tweedie_direct_multilead_regression,reduced,1.9,0.8,5,0.17153470014216743,0.031706060772967615
2,tweedie_direct_multilead_regression,reduced,1.5,0.3,5,0.171601846284404,0.03148953794267022
2,tweedie_direct_multilead_regression,reduced,1.9,0.78,5,0.17163207558401547,0.031701899687519026
2,tweedie_direct_multilead_regression,reduced,1.05,0.78,5,0.1716352449048132,0.033899459896021965
2,tweedie_direct_multilead_regression,reduced,1.05,0.8,5,0.17171831701431556,0.03394479359042561
2,tweedie_direct_multilead_regression,reduced,1.05,0.1,5,0.1717350120582316,0.031440533649842076
2,tweedie_direct_multilead_regression,reduced,1.9,0.75,5,0.17178811581889475,0.031697617216849466
2,tweedie_direct_multilead_regression,reduced,1.1,0.9,5,0.17180300457182254,0.0339467220576451
2,tweedie_direct_multilead_regression,reduced,1.9,0.73,5,0.1718991019386315,0.03169545589957953
2,tweedie_direct_multilead_regression,reduced,1.9,0.7,5,0.1720756003277728,0.031693105669115006
2,tweedie_direct_multilead_regression,reduced,1.05,0.9,5,0.17211138923537614,0.034163166430269
2,tweedie_direct_multilead_regression,reduced,1.1,1.0,5,0.17211884056094434,0.03416839746231357
2,tweedie_direct_multilead_regression,reduced,1.1,0.1,5,0.1723215974105869,0.03155764781934664
2,tweedie_direct_multilead_regression,reduced,1.7,0.4,5,0.1724625886994247,0.03162729445579433
2,tweedie_direct_multilead_regression,reduced,1.05,1.0,5,0.17248455307921126,0.03435113371766046
2,tweedie_direct_multilead_regression,reduced,1.9,0.6,5,0.17274759128738285,0.031672191648856866
2,tweedie_direct_multilead_regression,reduced,1.5,0.2,5,0.173611272657039,0.03166303453104624
2,tweedie_direct_multilead_regression,reduced,1.2,0.1,5,0.1736244660960275,0.031647529717774174
2,tweedie_direct_multilead_regression,reduced,1.9,0.5,5,0.17364339403411885,0.03169492496258269
2,tweedie_direct_multilead_regression,reduced,1.7,0.3,5,0.17387677413653438,0.03167114409206851
2,tweedie_direct_multilead_regression,reduced,1.9,0.4,5,0.17481020712778825,0.0317384549732413
2,tweedie_direct_multilead_regression,reduced,1.3,0.1,5,0.17509910059546852,0.03189181329967788
2,tweedie_direct_multilead_regression,reduced,1.7,0.2,5,0.17612411495324332,0.031803063145221244
2,tweedie_direct_multilead_regression,reduced,1.9,0.3,5,0.17632128637335986,0.03171008997184088
2,tweedie_direct_multilead_regression,reduced,1.5,0.1,5,0.1776876368587224,0.03212118812811217
2,tweedie_direct_multilead_regression,reduced,1.9,0.2,5,0.17864842724882668,0.03193732522791409
2,tweedie_direct_multilead_regression,full,1.05,0.9,5,0.17961482832104986,0.047604646828336046
2,tweedie_direct_multilead_regression,full,1.05,1.0,5,0.17963146808398617,0.0473194169004957
2,tweedie_direct_multilead_regression,full,1.1,1.0,5,0.17973778112498273,0.04761893138371711
2,tweedie_direct_multilead_regression,full,1.05,0.8,5,0.17980957901283157,0.04774551774295402
2,tweedie_direct_multilead_regression,full,1.05,0.75,5,0.17981635610869742,0.047844819399375356
2,tweedie_direct_multilead_regression,full,1.05,0.78,5,0.17982359792889566,0.04777470904845246
2,tweedie_direct_multilead_regression,full,1.05,0.73,5,0.17982938441741045,0.0478751584072133
2,tweedie_direct_multilead_regression,full,1.1,0.9,5,0.17983798611626928,0.04787669176523114
2,tweedie_direct_multilead_regression,full,1.05,0.7,5,0.17984853461511813,0.04791950987070552
2,tweedie_direct_multilead_regression,full,1.1,0.8,5,0.1798911256990653,0.048079541875246386
2,tweedie_direct_multilead_regression,full,1.2,1.0,5,0.17990332168107587,0.04828871343495346
2,tweedie_direct_multilead_regression,full,1.1,0.78,5,0.17991296960237035,0.048103194664185
2,tweedie_direct_multilead_regression,full,1.1,0.7,5,0.17992188307777449,0.04817999399922021
2,tweedie_direct_multilead_regression,full,1.1,0.75,5,0.17993444948749615,0.04813220255935461
2,tweedie_direct_multilead_regression,full,1.1,0.73,5,0.17997073796792212,0.0481251344154914
2,tweedie_direct_multilead_regression,full,1.1,0.5,5,0.18002222019236333,0.04811320963305154
2,tweedie_direct_multilead_regression,full,1.05,0.5,5,0.18003513237781754,0.04809943469331657
2,tweedie_direct_multilead_regression,full,1.2,0.9,5,0.18005185921977476,0.04839086586350121
2,tweedie_direct_multilead_regression,full,1.05,0.6,5,0.18005983901098463,0.0480587836371422
2,tweedie_direct_multilead_regression,full,1.1,0.6,5,0.1800927615938217,0.04835066811306567
2,tweedie_direct_multilead_regression,full,1.3,1.0,5,0.18012007154250717,0.04856907706200235
2,tweedie_direct_multilead_regression,full,1.2,0.8,5,0.18012778201929058,0.048517345859195614
2,tweedie_direct_multilead_regression,full,1.2,0.78,5,0.1801448820811265,0.048540545834279795
2,tweedie_direct_multilead_regression,full,1.2,0.7,5,0.18016337570942126,0.048518965725477724
2,tweedie_direct_multilead_regression,full,1.2,0.75,5,0.18017561057330536,0.04857319910203566
2,tweedie_direct_multilead_regression,full,1.2,0.73,5,0.1801975694538398,0.048596180911634305
2,tweedie_direct_multilead_regression,full,1.3,0.9,5,0.1802507186072494,0.04871983295314359
2,tweedie_direct_multilead_regression,full,1.05,0.4,5,0.18032381081021667,0.04847478863603578
2,tweedie_direct_multilead_regression,full,1.3,0.75,5,0.18032814830182517,0.04867940739270302
2,tweedie_direct_multilead_regression,full,1.3,0.73,5,0.18036660933277243,0.04871175588907992
2,tweedie_direct_multilead_regression,full,1.2,0.6,5,0.18037345657973033,0.04876911676613267
2,tweedie_direct_multilead_regression,full,1.3,0.8,5,0.18040618538676764,0.04888775795687381
2,tweedie_direct_multilead_regression,full,1.3,0.7,5,0.18043074572068257,0.04876537340907885
2,tweedie_direct_multilead_regression,full,1.3,0.78,5,0.18044344257421002,0.0489261338144991
2,tweedie_direct_multilead_regression,reduced,1.7,0.1,5,0.1805868412528669,0.032617150694420456
2,tweedie_direct_multilead_regression,full,1.2,0.5,5,0.18059832327229847,0.048848448309409605
2,tweedie_direct_multilead_regression,full,1.5,1.0,5,0.18078317641671987,0.04916794978227612
2,tweedie_direct_multilead_regression,full,1.3,0.6,5,0.18079078121819597,0.049155861056124864
2,tweedie_direct_multilead_regression,full,1.1,0.4,5,0.18081626353303962,0.04908343652049633
2,tweedie_direct_multilead_regression,full,1.5,0.9,5,0.18093360152309884,0.049240107870939076
2,tweedie_direct_multilead_regression,full,1.2,0.4,5,0.18126427589870295,0.04946979306638391
2,tweedie_direct_multilead_regression,full,1.5,0.8,5,0.18132217568547118,0.049570311279460974
2,tweedie_direct_multilead_regression,full,1.3,0.5,5,0.18134968222383505,0.04960172208746953
2,tweedie_direct_multilead_regression,full,1.05,0.3,5,0.18135927555814893,0.049719203390805156
2,tweedie_direct_multilead_regression,full,1.5,0.78,5,0.18136702989627396,0.049612235777894455
2,tweedie_direct_multilead_regression,full,1.1,0.3,5,0.18144195965415777,0.0495391910903297
2,tweedie_direct_multilead_regression,full,1.5,0.75,5,0.18148234569469787,0.04965745777947716
2,tweedie_direct_multilead_regression,full,1.5,0.73,5,0.18156854706263964,0.04972366605839155
2,tweedie_direct_multilead_regression,full,1.5,0.7,5,0.18174824164090864,0.049911693335368705
2,tweedie_direct_multilead_regression,full,1.3,0.4,5,0.18221475730372336,0.05038875800364056
2,tweedie_direct_multilead_regression,full,1.7,1.0,5,0.18230397942195897,0.050585192790870606
2,tweedie_direct_multilead_regression,full,1.5,0.6,5,0.18238512487484632,0.050523914358317275
2,tweedie_direct_multilead_regression,full,1.2,0.3,5,0.18246907457800182,0.050681076317179496
2,tweedie_direct_multilead_regression,full,1.05,0.2,5,0.18256348705661282,0.05069954376499448
2,tweedie_direct_multilead_regression,full,1.7,0.9,5,0.18274848966449372,0.050965246184971794
2,tweedie_direct_multilead_regression,full,1.5,0.5,5,0.18326287281940096,0.0514059630773033
2,tweedie_direct_multilead_regression,full,1.7,0.8,5,0.18333727069504774,0.05150160568118689
2,tweedie_direct_multilead_regression,full,1.1,0.2,5,0.18338369980243355,0.05165383000511066
2,tweedie_direct_multilead_regression,full,1.7,0.78,5,0.18347382734344808,0.05163164267425287
2,tweedie_direct_multilead_regression,full,1.7,0.75,5,0.18369575554998668,0.05184248865405883
2,tweedie_direct_multilead_regression,full,1.7,0.73,5,0.1838644140647966,0.05199102294380212
2,tweedie_direct_multilead_regression,full,1.3,0.3,5,0.18393296703995785,0.052272476470022124
2,tweedie_direct_multilead_regression,reduced,1.9,0.1,5,0.18394131011756568,0.03395140323236566
2,tweedie_direct_multilead_regression,full,1.7,0.7,5,0.18411928235812947,0.05225208634867008
2,tweedie_direct_multilead_regression,full,1.5,0.4,5,0.184688840341254,0.05278469861241826
2,tweedie_direct_multilead_regression,full,1.2,0.2,5,0.18494279927131102,0.0533397869427312
2,tweedie_direct_multilead_regression,full,1.9,1.0,5,0.1850207727357009,0.05335867607909616
2,tweedie_direct_multilead_regression,full,1.7,0.6,5,0.1852070692885642,0.05347127443742902
2,tweedie_direct_multilead_regression,full,1.9,0.9,5,0.18577516667126287,0.054116948329132976
2,tweedie_direct_multilead_regression,full,1.9,0.8,5,0.18669477246079105,0.05510047377655087
2,tweedie_direct_multilead_regression,full,1.7,0.5,5,0.1867167620924101,0.05513389939642882
2,tweedie_direct_multilead_regression,full,1.9,0.78,5,0.18691029652325047,0.05534933405555747
2,tweedie_direct_multilead_regression,full,1.3,0.2,5,0.18714256242654626,0.055997852276298325
2,tweedie_direct_multilead_regression,full,1.5,0.3,5,0.18722765885682846,0.05574710183442323
2,tweedie_direct_multilead_regression,full,1.9,0.75,5,0.18725258565951636,0.05575065299929694
2,tweedie_direct_multilead_regression,full,1.9,0.73,5,0.18750154998050542,0.05601460725586882
2,tweedie_direct_multilead_regression,full,1.9,0.7,5,0.1878706186312988,0.05641211043084606
2,tweedie_direct_multilead_regression,full,1.05,0.1,5,0.18826254358561376,0.057538915585333375
2,tweedie_direct_multilead_regression,full,1.7,0.4,5,0.18880100217096923,0.05744667158956198
2,tweedie_direct_multilead_regression,full,1.1,0.1,5,0.18923598636948522,0.05857549621301395
2,tweedie_direct_multilead_regression,full,1.9,0.6,5,0.1894337214302964,0.058196056898163005
2,tweedie_direct_multilead_regression,reduced,1.05,0.01,5,0.1909555048443668,0.04056478675211548
2,tweedie_direct_multilead_regression,full,1.5,0.2,5,0.19136823963985267,0.06046335723901459
2,tweedie_direct_multilead_regression,full,1.9,0.5,5,0.1914961192970907,0.06061520969459052
2,tweedie_direct_multilead_regression,reduced,1.1,0.01,5,0.19159493311805134,0.04179392580469497
2,tweedie_direct_multilead_regression,full,1.2,0.1,5,0.1919189200173972,0.061731422577000296
2,tweedie_direct_multilead_regression,full,1.7,0.3,5,0.19211721381377053,0.06147592920868767
2,tweedie_direct_multilead_regression,full,1.9,0.4,5,0.19438023712128452,0.06407335601891866
2,tweedie_direct_multilead_regression,full,1.3,0.1,5,0.1945178946354281,0.06438430962299797
2,tweedie_direct_multilead_regression,reduced,1.2,0.01,5,0.19485277261305495,0.04715173453175913
2,tweedie_direct_multilead_regression,full,1.7,0.2,5,0.19799076590986703,0.06879364148428302
2,tweedie_direct_multilead_regression,full,1.9,0.3,5,0.19918469973203862,0.07041537674124293
2,tweedie_direct_multilead_regression,reduced,1.3,0.01,5,0.20169531503050867,0.05905363285157954
2,tweedie_direct_multilead_regression,full,1.5,0.1,5,0.20243915843059018,0.07499597350116728
2,tweedie_direct_multilead_regression,full,1.9,0.2,5,0.20700124415423854,0.08116024786077598
2,tweedie_direct_multilead_regression,full,1.7,0.1,5,0.21333664858037552,0.09088520067031597
2,tweedie_direct_multilead_regression,reduced,1.5,0.01,5,0.21921736302492034,0.08871276169431484
2,tweedie_direct_multilead_regression,full,1.9,0.1,5,0.22639380863677422,0.11091943522151868
2,tweedie_direct_multilead_regression,full,1.05,0.01,5,0.23964777495345607,0.13470494347833806
2,tweedie_direct_multilead_regression,full,1.1,0.01,5,0.24453083844113183,0.14358750445898283
2,tweedie_direct_multilead_regression,reduced,1.7,0.01,5,0.24505179089492618,0.13307154632580445
2,tweedie_direct_multilead_regression,full,1.2,0.01,5,0.25456767789495965,0.16111655605268518
2,tweedie_direct_multilead_regression,full,1.3,0.01,5,0.267625201970909,0.1864513871889386
2,tweedie_direct_multilead_regression,reduced,1.9,0.01,5,0.2710572625320437,0.17715478689797484
2,tweedie_direct_multilead_regression,reduced,1.05,0.001,5,0.2830701507876917,0.22781636592637006
2,tweedie_direct_multilead_regression,reduced,1.1,0.001,5,0.30024142237935275,0.24996144428737255
2,tweedie_direct_multilead_regression,full,1.5,0.01,5,0.3022061469022267,0.2535931557051134
2,tweedie_direct_multilead_regression,reduced,1.2,0.001,5,0.313535192647423,0.26944945024967615
2,tweedie_direct_multilead_regression,reduced,1.3,0.001,5,0.3332146182596153,0.2934194877820095
2,tweedie_direct_multilead_regression,full,1.7,0.01,5,0.3375615628602895,0.31958767579140074
2,tweedie_direct_multilead_regression,reduced,1.5,0.001,5,0.3561064697066572,0.31319276359228876
2,tweedie_direct_multilead_regression,reduced,1.7,0.001,5,0.36543346449025393,0.3034414467016675
2,tweedie_direct_multilead_regression,full,1.9,0.01,5,0.36697945527604126,0.3745698631262923
2,tweedie_direct_multilead_regression,reduced,1.9,0.001,5,0.36906550791140286,0.299679784170735
2,tweedie_direct_multilead_regression,full,1.05,0.001,5,0.38392190704912066,0.4281894944116212
2,tweedie_direct_multilead_regression,full,1.1,0.001,5,0.3888684707391874,0.43760107264257925
2,tweedie_direct_multilead_regression,reduced,1.9,0.0,5,0.39184928333200986,0.31383757420479713
2,tweedie_direct_multilead_regression,reduced,1.05,0.0,5,0.39953217103999283,0.4188158035669485
2,tweedie_direct_multilead_regression,reduced,1.7,0.0,5,0.40037852671688573,0.3302469218637096
2,tweedie_direct_multilead_regression,reduced,1.1,0.0,5,0.40564865266019823,0.41476253265536933
2,tweedie_direct_multilead_regression,reduced,1.2,0.0,5,0.4061327679099348,0.39440044796816554
2,tweedie_direct_multilead_regression,reduced,1.3,0.0,5,0.40792577942293357,0.39488204557666384
2,tweedie_direct_multilead_regression,full,1.2,0.001,5,0.40998284154852965,0.4679386552417555
2,tweedie_direct_multilead_regression,reduced,1.5,0.0,5,0.4104456443091835,0.3528063813078486
2,tweedie_direct_multilead_regression,full,1.3,0.001,5,0.42280301446945084,0.48965736567888657
2,tweedie_direct_multilead_regression,full,1.5,0.001,5,0.441652971967898,0.5185322678054382
2,tweedie_direct_multilead_regression,full,1.7,0.001,5,0.4549443957308741,0.5338108353035006
2,tweedie_direct_multilead_regression,full,1.9,0.001,5,0.46110979505734234,0.5349411625175696
2,tweedie_direct_multilead_regression,full,1.05,0.0,5,0.463463053228698,0.5988003541758495
2,tweedie_direct_multilead_regression,full,1.1,0.0,5,0.47769902096925804,0.5864240910452061
2,tweedie_direct_multilead_regression,full,1.5,0.0,5,0.47810035235009024,0.575238642118416
2,tweedie_direct_multilead_regression,full,1.7,0.0,5,0.4806696531594487,0.5630367740658102
2,tweedie_direct_multilead_regression,full,1.3,0.0,5,0.4811963887891332,0.5876193234077816
2,tweedie_direct_multilead_regression,full,1.2,0.0,5,0.48299978052616643,0.5942630448918798
2,tweedie_direct_multilead_regression,full,1.9,0.0,5,0.49071908201872694,0.5650216737157377
3,tweedie_direct_multilead_regression,full,1.05,1.0,5,0.16894944064278175,0.011699616567962992
3,tweedie_direct_multilead_regression,full,1.1,1.0,5,0.16912361616329408,0.012466032343675099
3,tweedie_direct_multilead_regression,full,1.05,0.9,5,0.16922058205118234,0.012540822693782018
3,tweedie_direct_multilead_regression,full,1.1,0.9,5,0.16945360843841234,0.013359625382160418
3,tweedie_direct_multilead_regression,full,1.05,0.8,5,0.1695775344218748,0.013653598113809574
3,tweedie_direct_multilead_regression,full,1.2,1.0,5,0.16964698936285857,0.014539215523401778
3,tweedie_direct_multilead_regression,full,1.05,0.78,5,0.1696698376815586,0.01390839692081469
3,tweedie_direct_multilead_regression,full,1.05,0.75,5,0.16967792374978696,0.014020275667136619
3,tweedie_direct_multilead_regression,full,1.05,0.73,5,0.16977769053050618,0.01429176368778928
3,tweedie_direct_multilead_regression,full,1.1,0.8,5,0.1698637861398589,0.014519653162244166
3,tweedie_direct_multilead_regression,full,1.1,0.78,5,0.16993782546899014,0.01473630155609585
3,tweedie_direct_multilead_regression,full,1.05,0.7,5,0.1699584656728031,0.014716344475251253
3,tweedie_direct_multilead_regression,full,1.1,0.75,5,0.17007965701120692,0.015165368568576098
3,tweedie_direct_multilead_regression,full,1.2,0.9,5,0.17011457961876764,0.015663466784308452
3,tweedie_direct_multilead_regression,full,1.1,0.73,5,0.17018979724941102,0.015468241573501941
3,tweedie_direct_multilead_regression,full,1.1,0.7,5,0.1703780082782923,0.01595446089867156
3,tweedie_direct_multilead_regression,full,1.05,0.6,5,0.17053708100477438,0.016343638963347652
3,tweedie_direct_multilead_regression,full,1.2,0.8,5,0.17062082556046732,0.017138176901412425
3,tweedie_direct_multilead_regression,full,1.3,1.0,5,0.17062250847466537,0.017098246092203777
3,tweedie_direct_multilead_regression,full,1.2,0.78,5,0.1707714399011386,0.017467357152536705
3,tweedie_direct_multilead_regression,full,1.2,0.75,5,0.17101364705365502,0.017992991961117696
3,tweedie_direct_multilead_regression,full,1.2,0.73,5,0.1711856269768023,0.01836596788006624
3,tweedie_direct_multilead_regression,full,1.1,0.6,5,0.17119259869178333,0.017970711904391607
3,tweedie_direct_multilead_regression,full,1.3,0.9,5,0.1712307741473463,0.018524371486480003
3,tweedie_direct_multilead_regression,full,1.2,0.7,5,0.1714607388184208,0.018964213614299508
3,tweedie_direct_multilead_regression,full,1.05,0.5,5,0.1716430815200881,0.019036997417928487
3,tweedie_direct_multilead_regression,reduced,1.05,1.0,5,0.17184964394288588,0.0082304681669152
3,tweedie_direct_multilead_regression,full,1.3,0.8,5,0.17197198115816176,0.02028731829344375
3,tweedie_direct_multilead_regression,reduced,1.1,1.0,5,0.17202940903170622,0.00836701559982274
3,tweedie_direct_multilead_regression,reduced,1.05,0.9,5,0.17207890136375462,0.008393799432876464
3,tweedie_direct_multilead_regression,full,1.3,0.78,5,0.17214407416859437,0.02068611331657461
3,tweedie_direct_multilead_regression,full,1.1,0.5,5,0.1723354525786486,0.020661631064478096
3,tweedie_direct_multilead_regression,reduced,1.1,0.9,5,0.1723737216270687,0.008746898869528721
3,tweedie_direct_multilead_regression,full,1.3,0.75,5,0.17238330254102807,0.0212891236201876
3,tweedie_direct_multilead_regression,reduced,1.05,0.8,5,0.1723966612020892,0.008768944208095038
3,tweedie_direct_multilead_regression,reduced,1.05,0.78,5,0.17247318396172046,0.008853939395124376
3,tweedie_direct_multilead_regression,full,1.2,0.6,5,0.17250156693025492,0.021369555857002422
3,tweedie_direct_multilead_regression,full,1.3,0.73,5,0.17258120734603266,0.02173738081288666
3,tweedie_direct_multilead_regression,reduced,1.05,0.75,5,0.172596847213571,0.008995992357558694
3,tweedie_direct_multilead_regression,reduced,1.05,0.73,5,0.17268578207924606,0.009101515667929027
3,tweedie_direct_multilead_regression,reduced,1.2,1.0,5,0.17271790522887068,0.009151267925822076
3,tweedie_direct_multilead_regression,reduced,1.1,0.8,5,0.17275371562644953,0.009176186476506991
3,tweedie_direct_multilead_regression,reduced,1.05,0.7,5,0.17282965785096555,0.009277586722357678
3,tweedie_direct_multilead_regression,reduced,1.1,0.78,5,0.172842418789664,0.009284495455485445
3,tweedie_direct_multilead_regression,full,1.3,0.7,5,0.17293635330134105,0.022435814920705063
3,tweedie_direct_multilead_regression,reduced,1.1,0.75,5,0.17298507193502063,0.009461948700501885
3,tweedie_direct_multilead_regression,reduced,1.1,0.73,5,0.17308736456253485,0.009591704981176683
3,tweedie_direct_multilead_regression,reduced,1.2,0.9,5,0.17310169504963166,0.009628696778228332
3,tweedie_direct_multilead_regression,full,1.05,0.4,5,0.17320401564622934,0.022665490587229657
3,tweedie_direct_multilead_regression,reduced,1.1,0.7,5,0.17325321491965284,0.009806507205044054
3,tweedie_direct_multilead_regression,reduced,1.05,0.6,5,0.17342102782475605,0.010049249074757675
3,tweedie_direct_multilead_regression,full,1.5,1.0,5,0.17346248676657758,0.02390838230005143
3,tweedie_direct_multilead_regression,reduced,1.3,1.0,5,0.17350267680423864,0.010224612925635326
3,tweedie_direct_multilead_regression,reduced,1.2,0.8,5,0.1735745367269622,0.010273247114763778
3,tweedie_direct_multilead_regression,reduced,1.2,0.78,5,0.1736907515339025,0.010432988633793562
3,tweedie_direct_multilead_regression,reduced,1.2,0.75,5,0.17387785140244372,0.010693787545156002
3,tweedie_direct_multilead_regression,reduced,1.1,0.6,5,0.1739270830364766,0.010735112879135126
3,tweedie_direct_multilead_regression,reduced,1.3,0.9,5,0.17393276579728068,0.01091215194689656
3,tweedie_direct_multilead_regression,full,1.2,0.5,5,0.1739641188992008,0.024622881349460723
3,tweedie_direct_multilead_regression,full,1.1,0.4,5,0.1739971361260247,0.024752966980680285
3,tweedie_direct_multilead_regression,reduced,1.2,0.73,5,0.17401185282491483,0.010883354402106658
3,tweedie_direct_multilead_regression,full,1.3,0.6,5,0.17418175682922135,0.025295273073170872
3,tweedie_direct_multilead_regression,reduced,1.2,0.7,5,0.17422997635171217,0.011196716173595817
3,tweedie_direct_multilead_regression,reduced,1.05,0.5,5,0.17427099359544804,0.011249397129320255
3,tweedie_direct_multilead_regression,full,1.5,0.9,5,0.17440339505839927,0.025849958463574366
3,tweedie_direct_multilead_regression,reduced,1.3,0.8,5,0.1745683200139212,0.011865951595064636
3,tweedie_direct_multilead_regression,reduced,1.3,0.78,5,0.17470703099497473,0.012077649238509704
3,tweedie_direct_multilead_regression,reduced,1.1,0.5,5,0.17492496950482164,0.012225683124311059
3,tweedie_direct_multilead_regression,reduced,1.3,0.75,5,0.17494955915303084,0.012460531527826165
3,tweedie_direct_multilead_regression,reduced,1.2,0.6,5,0.17511350578884427,0.012585803614295746
3,tweedie_direct_multilead_regression,reduced,1.3,0.73,5,0.17512377164442894,0.012738764186283388
3,tweedie_direct_multilead_regression,reduced,1.3,0.7,5,0.17540613588236914,0.013193653846933287
3,tweedie_direct_multilead_regression,full,1.5,0.8,5,0.175504656937939,0.02825127186555536
3,tweedie_direct_multilead_regression,reduced,1.05,0.4,5,0.1756501112047216,0.013337292358735275
3,tweedie_direct_multilead_regression,full,1.5,0.78,5,0.1757554647875465,0.02879762496581374
3,tweedie_direct_multilead_regression,reduced,1.5,1.0,5,0.17578832073891987,0.013956846087937503
3,tweedie_direct_multilead_regression,full,1.05,0.3,5,0.17581296544064084,0.028492954386758706
3,tweedie_direct_multilead_regression,full,1.3,0.5,5,0.17601647924306424,0.029233465718361582
3,tweedie_direct_multilead_regression,full,1.2,0.4,5,0.17605046236633615,0.02919252083133987
3,tweedie_direct_multilead_regression,full,1.5,0.75,5,0.17615213759087753,0.029662190659301698
3,tweedie_direct_multilead_regression,reduced,1.2,0.5,5,0.1764232912524129,0.0147236646257674
3,tweedie_direct_multilead_regression,full,1.5,0.73,5,0.17643094616435925,0.030269747019669894
3,tweedie_direct_multilead_regression,reduced,1.1,0.4,5,0.17647652814560977,0.014754943145309356
3,tweedie_direct_multilead_regression,reduced,1.3,0.6,5,0.17657784780346258,0.015117377014556382
3,tweedie_direct_multilead_regression,reduced,1.5,0.9,5,0.17660588890354406,0.01531139104591496
3,tweedie_direct_multilead_regression,full,1.1,0.3,5,0.1767398501842542,0.030722213028436095
3,tweedie_direct_multilead_regression,full,1.5,0.7,5,0.17687037678564285,0.0312284378430632
3,tweedie_direct_multilead_regression,full,1.7,1.0,5,0.17736383900218525,0.03242356067872019
3,tweedie_direct_multilead_regression,reduced,1.5,0.8,5,0.17760674402452487,0.016979791976012616
3,tweedie_direct_multilead_regression,reduced,1.5,0.78,5,0.17783437041809083,0.01736080011432056
3,tweedie_direct_multilead_regression,reduced,1.05,0.3,5,0.17813082985597337,0.017567586359512652
3,tweedie_direct_multilead_regression,reduced,1.3,0.5,5,0.1781716561857614,0.017828733422425285
3,tweedie_direct_multilead_regression,reduced,1.5,0.75,5,0.1781958536656134,0.01796628288265042
3,tweedie_direct_multilead_regression,full,1.3,0.4,5,0.17833934780868466,0.03416565015752078
3,tweedie_direct_multilead_regression,reduced,1.2,0.4,5,0.17834923035679712,0.018020938140080822
3,tweedie_direct_multilead_regression,reduced,1.5,0.73,5,0.17845219474420695,0.018395843665547185
3,tweedie_direct_multilead_regression,full,1.7,0.9,5,0.17846212174672088,0.034769547611978716
3,tweedie_direct_multilead_regression,full,1.5,0.6,5,0.1785856843918221,0.03487731074392374
3,tweedie_direct_multilead_regression,reduced,1.5,0.7,5,0.17886386225002182,0.019083591665401654
3,tweedie_direct_multilead_regression,reduced,1.1,0.3,5,0.17918019092012477,0.01933254400252314
3,tweedie_direct_multilead_regression,full,1.2,0.3,5,0.1792357607779656,0.035983522063566885
3,tweedie_direct_multilead_regression,reduced,1.7,1.0,5,0.17943779499537668,0.020057438172299605
3,tweedie_direct_multilead_regression,full,1.7,0.8,5,0.1797596895559273,0.03747055843942906
3,tweedie_direct_multilead_regression,full,1.7,0.78,5,0.1800631753287954,0.03805643976716784
3,tweedie_direct_multilead_regression,reduced,1.3,0.4,5,0.18050885069777753,0.02182638680291681
3,tweedie_direct_multilead_regression,full,1.7,0.75,5,0.18051038881486317,0.03899005781051807
3,tweedie_direct_multilead_regression,reduced,1.5,0.6,5,0.1805134495997069,0.021828981283214467
3,tweedie_direct_multilead_regression,reduced,1.7,0.9,5,0.18054663351203998,0.021915475367329695
3,tweedie_direct_multilead_regression,full,1.05,0.2,5,0.18059913273282924,0.038656305196451156
3,tweedie_direct_multilead_regression,full,1.5,0.5,5,0.1807595061907172,0.03946598038677681
3,tweedie_direct_multilead_regression,full,1.7,0.73,5,0.18082520050666528,0.03964047000015739
3,tweedie_direct_multilead_regression,full,1.7,0.7,5,0.1814448043953597,0.040935871964449935
3,tweedie_direct_multilead_regression,reduced,1.2,0.3,5,0.1815170538761171,0.023384437724195725
3,tweedie_direct_multilead_regression,reduced,1.7,0.8,5,0.18189643337406594,0.02411472634827761
3,tweedie_direct_multilead_regression,full,1.9,1.0,5,0.18200187669129891,0.04204776618250439
3,tweedie_direct_multilead_regression,full,1.1,0.2,5,0.1820217523567747,0.04167360412284495
3,tweedie_direct_multilead_regression,full,1.3,0.3,5,0.18210246981141337,0.042115247636339385
3,tweedie_direct_multilead_regression,reduced,1.7,0.78,5,0.1821916468553547,0.024605262290397584
3,tweedie_direct_multilead_regression,reduced,1.05,0.2,5,0.18262354046497664,0.025257127924150365
3,tweedie_direct_multilead_regression,reduced,1.7,0.75,5,0.182656550469328,0.025379240134060517
3,tweedie_direct_multilead_regression,reduced,1.5,0.5,5,0.1826595996980193,0.025431207216607375
3,tweedie_direct_multilead_regression,reduced,1.7,0.73,5,0.18298263484852045,0.025922864368719288
3,tweedie_direct_multilead_regression,full,1.9,0.9,5,0.18319374832306456,0.04444553846022707
3,tweedie_direct_multilead_regression,full,1.7,0.6,5,0.1832236730348522,0.044524761066371474
3,tweedie_direct_multilead_regression,full,1.5,0.4,5,0.18333193052748661,0.04476562437054434
3,tweedie_direct_multilead_regression,reduced,1.7,0.7,5,0.18349700465852398,0.026780655919232198
3,tweedie_direct_multilead_regression,reduced,1.1,0.2,5,0.18393750864857422,0.02748846753525475
3,tweedie_direct_multilead_regression,reduced,1.3,0.3,5,0.18396258238236696,0.02748999323446761
3,tweedie_direct_multilead_regression,reduced,1.9,1.0,5,0.18413349374270777,0.02794177483454003
3,tweedie_direct_multilead_regression,full,1.9,0.8,5,0.18467390608744388,0.047366173985169346
3,tweedie_direct_multilead_regression,full,1.2,0.2,5,0.184850817706874,0.047775343218528915
3,tweedie_direct_multilead_regression,full,1.9,0.78,5,0.1849718826133039,0.04795321279863212
3,tweedie_direct_multilead_regression,reduced,1.7,0.6,5,0.1854592478982771,0.030080784572612696
3,tweedie_direct_multilead_regression,full,1.9,0.75,5,0.1854601515413232,0.04892110656967954
3,tweedie_direct_multilead_regression,full,1.7,0.5,5,0.18546055661670596,0.049060652716482835
3,tweedie_direct_multilead_regression,reduced,1.9,0.9,5,0.18548112100337177,0.03017570423733636
3,tweedie_direct_multilead_regression,reduced,1.5,0.4,5,0.18563967998209507,0.030356806395702835
3,tweedie_direct_multilead_regression,full,1.9,0.73,5,0.18578868645337235,0.04956695177683854
3,tweedie_direct_multilead_regression,full,1.9,0.7,5,0.18632251213487033,0.05060185054714005
3,tweedie_direct_multilead_regression,reduced,1.2,0.2,5,0.1866210496751049,0.032281201567805486
3,tweedie_direct_multilead_regression,reduced,1.9,0.8,5,0.18702042336624283,0.032751776528676876
3,tweedie_direct_multilead_regression,full,1.5,0.3,5,0.1871283843478376,0.05232776226389364
3,tweedie_direct_multilead_regression,full,1.3,0.2,5,0.1872540045863274,0.05265721566864399
3,tweedie_direct_multilead_regression,reduced,1.9,0.78,5,0.18739593109712066,0.03340302859806198
3,tweedie_direct_multilead_regression,reduced,1.7,0.5,5,0.18787848277708402,0.03418081228430371
3,tweedie_direct_multilead_regression,reduced,1.9,0.75,5,0.18791952332857648,0.03428218607808442
3,tweedie_direct_multilead_regression,full,1.9,0.6,5,0.1882627235892879,0.05436930858388823
3,tweedie_direct_multilead_regression,reduced,1.9,0.73,5,0.18828114876662871,0.03488951524336675
3,tweedie_direct_multilead_regression,full,1.7,0.4,5,0.188326133320432,0.05468823925488913
3,tweedie_direct_multilead_regression,reduced,1.9,0.7,5,0.18884450185832055,0.0358338557845976
3,tweedie_direct_multilead_regression,reduced,1.5,0.3,5,0.18941053222198442,0.03676942861729303
3,tweedie_direct_multilead_regression,reduced,1.3,0.2,5,0.1896008659532551,0.03739455567486563
3,tweedie_direct_multilead_regression,full,1.05,0.1,5,0.19016319993399997,0.058677852005141855
3,tweedie_direct_multilead_regression,full,1.9,0.5,5,0.19049931202339027,0.0586035016840538
3,tweedie_direct_multilead_regression,reduced,1.7,0.4,5,0.190930540484226,0.03931404555272192
3,tweedie_direct_multilead_regression,reduced,1.9,0.6,5,0.19094102941257665,0.03931011164680171
3,tweedie_direct_multilead_regression,full,1.1,0.1,5,0.1917441088579123,0.061676594977620666
3,tweedie_direct_multilead_regression,full,1.5,0.2,5,0.1919018091134416,0.06164714020883772
3,tweedie_direct_multilead_regression,full,1.7,0.3,5,0.1919063776533002,0.0613501621311564
3,tweedie_direct_multilead_regression,reduced,1.05,0.1,5,0.19249937311226253,0.042235047767741334
3,tweedie_direct_multilead_regression,full,1.9,0.4,5,0.1932167039865889,0.06355696615486585
3,tweedie_direct_multilead_regression,full,1.2,0.1,5,0.19330607002312877,0.06452141197555268
3,tweedie_direct_multilead_regression,reduced,1.9,0.5,5,0.1934200342391566,0.04345110531047649
3,tweedie_direct_multilead_regression,reduced,1.1,0.1,5,0.19434871353023422,0.045500841252403244
3,tweedie_direct_multilead_regression,reduced,1.7,0.3,5,0.19499967951367672,0.04609027441895725
3,tweedie_direct_multilead_regression,reduced,1.5,0.2,5,0.1951847671216259,0.046352723309511866
3,tweedie_direct_multilead_regression,full,1.3,0.1,5,0.19548754805137236,0.06848226432268766
3,tweedie_direct_multilead_regression,reduced,1.2,0.1,5,0.19649253385407944,0.04873980268310341
3,tweedie_direct_multilead_regression,full,1.9,0.3,5,0.19650627304132134,0.06923896372346997
3,tweedie_direct_multilead_regression,reduced,1.9,0.4,5,0.1965322748116368,0.048531112016932144
3,tweedie_direct_multilead_regression,full,1.7,0.2,5,0.19673324430358077,0.06983155537817898
3,tweedie_direct_multilead_regression,reduced,1.3,0.1,5,0.19925416328813697,0.053174080354381884
3,tweedie_direct_multilead_regression,full,1.5,0.1,5,0.19993413737406024,0.07528876431492103
3,tweedie_direct_multilead_regression,reduced,1.9,0.3,5,0.20041319156388973,0.054842650944251656
3,tweedie_direct_multilead_regression,reduced,1.7,0.2,5,0.20055390194794115,0.05519925664338349
3,tweedie_direct_multilead_regression,full,1.9,0.2,5,0.2007595731701751,0.07583767923902783
3,tweedie_direct_multilead_regression,full,1.7,0.1,5,0.2036044439595676,0.08012498752639541
3,tweedie_direct_multilead_regression,reduced,1.5,0.1,5,0.2043116808194906,0.06092113837395378
3,tweedie_direct_multilead_regression,reduced,1.9,0.2,5,0.20541930904420885,0.06275873565668075
3,tweedie_direct_multilead_regression,full,1.9,0.1,5,0.2081863715036154,0.0863966046556635
3,tweedie_direct_multilead_regression,reduced,1.7,0.1,5,0.20872801377229586,0.0677578730141121
3,tweedie_direct_multilead_regression,reduced,1.9,0.1,5,0.21144647941501044,0.07167975898970105
3,tweedie_direct_multilead_regression,full,1.05,0.01,5,0.21307483883875636,0.09194106743183224
3,tweedie_direct_multilead_regression,full,1.1,0.01,5,0.21371479934452636,0.09156285440755338
3,tweedie_direct_multilead_regression,full,1.2,0.01,5,0.2170870873022146,0.09697587291284929
3,tweedie_direct_multilead_regression,reduced,1.05,0.01,5,0.21757028546825302,0.07950029286706961
3,tweedie_direct_multilead_regression,reduced,1.1,0.01,5,0.21843237985795322,0.08064846156145562
3,tweedie_direct_multilead_regression,reduced,1.3,0.01,5,0.21860234287793134,0.08097989355663336
3,tweedie_direct_multilead_regression,full,1.3,0.01,5,0.21908186038161243,0.10069375299446764
3,tweedie_direct_multilead_regression,reduced,1.2,0.01,5,0.21918037305325172,0.08053835390900796
3,tweedie_direct_multilead_regression,reduced,1.5,0.01,5,0.22391193905707424,0.08942614528544496
3,tweedie_direct_multilead_regression,full,1.5,0.01,5,0.2289897072411906,0.11677340152529685
3,tweedie_direct_multilead_regression,reduced,1.1,0.001,5,0.2290984580204149,0.08735541477521877
3,tweedie_direct_multilead_regression,full,1.05,0.001,5,0.23118659593527452,0.11428708450083874
3,tweedie_direct_multilead_regression,reduced,1.7,0.01,5,0.23144947926390178,0.10180408556490203
3,tweedie_direct_multilead_regression,reduced,1.05,0.001,5,0.2315751187449499,0.09986342437808314
3,tweedie_direct_multilead_regression,full,1.7,0.01,5,0.24155020562476173,0.13815768279103247
3,tweedie_direct_multilead_regression,reduced,1.9,0.01,5,0.24822353144949427,0.1295531781244601
3,tweedie_direct_multilead_regression,full,1.9,0.01,5,0.2545214455637468,0.15731363720190833
3,tweedie_direct_multilead_regression,full,1.1,0.001,5,0.26735311072629464,0.19569006873295916
3,tweedie_direct_multilead_regression,reduced,1.2,0.001,5,0.26835108587630974,0.15912100785074587
3,tweedie_direct_multilead_regression,full,1.2,0.001,5,0.2829316522052784,0.20998265864780652
3,tweedie_direct_multilead_regression,reduced,1.3,0.001,5,0.2866642568572368,0.18447913301614294
3,tweedie_direct_multilead_regression,full,1.3,0.001,5,0.2885206532007013,0.21627374968958651
3,tweedie_direct_multilead_regression,full,1.7,0.001,5,0.2974533122501334,0.19528284518620045
3,tweedie_direct_multilead_regression,full,1.5,0.001,5,0.3016162965039699,0.22068006397620776
3,tweedie_direct_multilead_regression,full,1.2,0.0,5,0.30602642146070913,0.187005347946185
3,tweedie_direct_multilead_regression,reduced,1.5,0.001,5,0.31731047477151525,0.2529149140821473
3,tweedie_direct_multilead_regression,reduced,1.05,0.0,5,0.3188878077481705,0.2555492694340555
3,tweedie_direct_multilead_regression,full,1.1,0.0,5,0.3290983873208002,0.26441625143727115
3,tweedie_direct_multilead_regression,full,1.9,0.001,5,0.3317082268552466,0.21823375209165863
3,tweedie_direct_multilead_regression,full,1.3,0.0,5,0.3359674252358642,0.25075951188650564
3,tweedie_direct_multilead_regression,full,1.7,0.0,5,0.33708694538132244,0.2322045089263742
3,tweedie_direct_multilead_regression,reduced,1.1,0.0,5,0.34269142982874007,0.24493103907846053
3,tweedie_direct_multilead_regression,full,1.5,0.0,5,0.34414472140788377,0.25103357521878206
3,tweedie_direct_multilead_regression,full,1.05,0.0,5,0.34648314970366423,0.29972357355169305
3,tweedie_direct_multilead_regression,reduced,1.7,0.001,5,0.3466823431961462,0.3225650203334647
3,tweedie_direct_multilead_regression,reduced,1.9,0.001,5,0.389072176083758,0.41169416375596696
3,tweedie_direct_multilead_regression,reduced,1.2,0.0,5,0.4378293220683552,0.47524552840530926
3,tweedie_direct_multilead_regression,reduced,1.3,0.0,5,0.45903105772397873,0.5298963392151956
3,tweedie_direct_multilead_regression,reduced,1.5,0.0,5,0.4822702954575389,0.6031604785536292
3,tweedie_direct_multilead_regression,full,1.9,0.0,5,0.5047676359553106,0.434190467474632
3,tweedie_direct_multilead_regression,reduced,1.7,0.0,5,0.5118837629268242,0.6698972236176255
3,tweedie_direct_multilead_regression,reduced,1.9,0.0,5,0.5131035386626335,0.6826886102516494
4,tweedie_direct_multilead_regression,full,1.7,0.73,5,0.18783634027170365,0.018638706158180997
4,tweedie_direct_multilead_regression,full,1.7,0.75,5,0.18783810333933584,0.01856526408324759
4,tweedie_direct_multilead_regression,full,1.7,0.78,5,0.1878420270217438,0.01845140781417275
4,tweedie_direct_multilead_regression,full,1.7,0.7,5,0.18784666049984516,0.018756452974964363
4,tweedie_direct_multilead_regression,full,1.7,0.8,5,0.18785418895218223,0.018372636598177904
4,tweedie_direct_multilead_regression,full,1.9,1.0,5,0.18790690303138602,0.019273188719454534
4,tweedie_direct_multilead_regression,full,1.7,0.9,5,0.18792505444886715,0.01809017625355016
4,tweedie_direct_multilead_regression,full,1.5,0.4,5,0.18798724546350948,0.018929050418999577
4,tweedie_direct_multilead_regression,full,1.7,0.6,5,0.1879954823865036,0.019272787311006317
4,tweedie_direct_multilead_regression,full,1.5,0.5,5,0.18803768793303582,0.018170308268349755
4,tweedie_direct_multilead_regression,full,1.7,1.0,5,0.18806947383644568,0.017888035586599932
4,tweedie_direct_multilead_regression,full,1.9,0.9,5,0.1880933679042739,0.019681112512921903
4,tweedie_direct_multilead_regression,full,1.5,0.6,5,0.18823075038287246,0.01782491298067624
4,tweedie_direct_multilead_regression,full,1.3,0.3,5,0.18832617871440258,0.018207496487025722
4,tweedie_direct_multilead_regression,full,1.2,0.2,5,0.1883279468863193,0.018644662714446234
4,tweedie_direct_multilead_regression,full,1.7,0.5,5,0.18834129300490918,0.020089182832436124
4,tweedie_direct_multilead_regression,full,1.9,0.8,5,0.18837846601010744,0.02021646746084275
4,tweedie_direct_multilead_regression,full,1.5,0.3,5,0.1884335362233338,0.02017286795796149
4,tweedie_direct_multilead_regression,full,1.3,0.2,5,0.18844752219487754,0.019656065453779997
4,tweedie_direct_multilead_regression,full,1.9,0.78,5,0.18845205574672158,0.02034025057011543
4,tweedie_direct_multilead_regression,full,1.9,0.75,5,0.1885578261574722,0.020531840107927635
4,tweedie_direct_multilead_regression,full,1.5,0.7,5,0.18856167294425602,0.01768087617812685
4,tweedie_direct_multilead_regression,full,1.1,0.2,5,0.18858849172680014,0.01776900363542304
4,tweedie_direct_multilead_regression,full,1.9,0.73,5,0.1886405938854263,0.020670209381200295
4,tweedie_direct_multilead_regression,full,1.5,0.73,5,0.18865741362596217,0.01764407794893809
4,tweedie_direct_multilead_regression,full,1.2,0.3,5,0.18872015954798954,0.01773095360638558
4,tweedie_direct_multilead_regression,full,1.5,0.75,5,0.18872360181359588,0.017630192750650392
4,tweedie_direct_multilead_regression,full,1.3,0.4,5,0.1887306839725214,0.017599555770191566
4,tweedie_direct_multilead_regression,full,1.9,0.7,5,0.18877835261660794,0.020877879275587263
4,tweedie_direct_multilead_regression,full,1.5,0.78,5,0.18882553788980916,0.01761346234563573
4,tweedie_direct_multilead_regression,full,1.05,0.1,5,0.1888731780111214,0.020170906533798508
4,tweedie_direct_multilead_regression,full,1.5,0.8,5,0.18888527584467846,0.01760340332157309
4,tweedie_direct_multilead_regression,full,1.05,0.2,5,0.18901946518751891,0.017636847487850705
4,tweedie_direct_multilead_regression,full,1.7,0.4,5,0.18902420959437935,0.021295870063603086
4,tweedie_direct_multilead_regression,full,1.1,0.1,5,0.1890926898870085,0.020826425451236506
4,tweedie_direct_multilead_regression,full,1.5,0.9,5,0.18926341503486493,0.017583957844111705
4,tweedie_direct_multilead_regression,full,1.3,0.5,5,0.18937382431799893,0.017455358876430124
4,tweedie_direct_multilead_regression,full,1.9,0.6,5,0.18940758858688228,0.021842900761450727
4,tweedie_direct_multilead_regression,full,1.2,0.4,5,0.18953999814018788,0.017509637575546945
4,tweedie_direct_multilead_regression,full,1.5,1.0,5,0.18965298930483673,0.017608847404545845
4,tweedie_direct_multilead_regression,full,1.1,0.3,5,0.18971685680864753,0.017369048685611944
4,tweedie_direct_multilead_regression,full,1.2,0.1,5,0.18979517176085683,0.02245075559970402
4,tweedie_direct_multilead_regression,full,1.5,0.2,5,0.18989183279459554,0.022727547377038814
4,tweedie_direct_multilead_regression,full,1.3,0.6,5,0.18990438204436091,0.017490198427343187
4,tweedie_direct_multilead_regression,full,1.05,0.3,5,0.1901966577125699,0.01734008235859942
4,tweedie_direct_multilead_regression,full,1.2,0.5,5,0.19027136569822717,0.017496741742037726
4,tweedie_direct_multilead_regression,full,1.9,0.5,5,0.1903477056662183,0.023104859547565137
4,tweedie_direct_multilead_regression,full,1.7,0.3,5,0.19037541120452092,0.0233507267823385
4,tweedie_direct_multilead_regression,full,1.3,0.7,5,0.19056794034720687,0.017682637024976463
4,tweedie_direct_multilead_regression,full,1.3,0.73,5,0.1906744954482637,0.01768172155441442
4,tweedie_direct_multilead_regression,full,1.1,0.4,5,0.19080124162780204,0.017725372192711735
4,tweedie_direct_multilead_regression,full,1.3,0.75,5,0.19080909265394852,0.01764544874814547
4,tweedie_direct_multilead_regression,full,1.3,0.78,5,0.19094335370991575,0.017667537637508206
4,tweedie_direct_multilead_regression,full,1.3,0.8,5,0.19102296085507064,0.017670806604844415
4,tweedie_direct_multilead_regression,full,1.3,0.1,5,0.19102553147533857,0.024549372449232068
4,tweedie_direct_multilead_regression,full,1.2,0.6,5,0.19109689066735536,0.017747355526283794
4,tweedie_direct_multilead_regression,full,1.05,0.4,5,0.19124793737004103,0.017916499662827212
4,tweedie_direct_multilead_regression,full,1.3,0.9,5,0.19147736747992466,0.017816275474421536
4,tweedie_direct_multilead_regression,full,1.1,0.5,5,0.19168388124519015,0.01764183655060795
4,tweedie_direct_multilead_regression,full,1.2,0.7,5,0.19170495803132392,0.018300595505679886
4,tweedie_direct_multilead_regression,full,1.2,0.73,5,0.19186083569517773,0.018318942558489964
4,tweedie_direct_multilead_regression,full,1.9,0.4,5,0.19188863152831132,0.024956776938934947
4,tweedie_direct_multilead_regression,full,1.2,0.75,5,0.19196195037616895,0.018338107492494614
4,tweedie_direct_multilead_regression,full,1.2,0.78,5,0.19201320735569197,0.01831317400966128
4,tweedie_direct_multilead_regression,full,1.3,1.0,5,0.19207941309239723,0.018333578209711723
4,tweedie_direct_multilead_regression,full,1.2,0.8,5,0.19211853903310452,0.018361844750091266
4,tweedie_direct_multilead_regression,full,1.1,0.6,5,0.19222191834652275,0.018266127959826794
4,tweedie_direct_multilead_regression,full,1.05,0.5,5,0.19231033627988492,0.017897682723410472
4,tweedie_direct_multilead_regression,full,1.2,0.9,5,0.1928918610923511,0.018388403749780326
4,tweedie_direct_multilead_regression,full,1.1,0.7,5,0.19323887041278573,0.018562867094298195
4,tweedie_direct_multilead_regression,full,1.2,1.0,5,0.19333438599184688,0.01882456689379906
4,tweedie_direct_multilead_regression,full,1.05,0.6,5,0.1934137612569321,0.018881936279849586
4,tweedie_direct_multilead_regression,full,1.7,0.2,5,0.1934398740460026,0.02723670077795977
4,tweedie_direct_multilead_regression,full,1.1,0.73,5,0.1934537214348261,0.01872411279569451
4,tweedie_direct_multilead_regression,full,1.1,0.75,5,0.1935835877589777,0.018822781051588237
4,tweedie_direct_multilead_regression,full,1.1,0.78,5,0.19395758954112713,0.01931015821601081
4,tweedie_direct_multilead_regression,full,1.1,0.8,5,0.19406933280930058,0.019397997526865496
4,tweedie_direct_multilead_regression,full,1.05,0.7,5,0.19409019419087398,0.019404436005963265
4,tweedie_direct_multilead_regression,full,1.05,0.73,5,0.19426893864133427,0.019551079948595847
4,tweedie_direct_multilead_regression,full,1.9,0.3,5,0.19431693220690063,0.02782662488851107
4,tweedie_direct_multilead_regression,full,1.05,0.75,5,0.19438896418912005,0.019641432127820834
4,tweedie_direct_multilead_regression,full,1.1,0.9,5,0.19457176788369676,0.019803283465271104
4,tweedie_direct_multilead_regression,full,1.05,0.78,5,0.19459231404395677,0.019727083967008518
4,tweedie_direct_multilead_regression,full,1.05,0.8,5,0.19469768629961204,0.019815517316378574
4,tweedie_direct_multilead_regression,full,1.1,1.0,5,0.19494888664308227,0.020133827786301167
4,tweedie_direct_multilead_regression,full,1.5,0.1,5,0.19508352286441039,0.030061796800266116
4,tweedie_direct_multilead_regression,full,1.05,0.9,5,0.19523317612173355,0.02032071261775652
4,tweedie_direct_multilead_regression,full,1.05,1.0,5,0.19564642291680684,0.02070099738572494
4,tweedie_direct_multilead_regression,full,1.9,0.2,5,0.1984724337591373,0.03255625093016882
4,tweedie_direct_multilead_regression,full,1.7,0.1,5,0.20058609436392838,0.03559903129892208
4,tweedie_direct_multilead_regression,reduced,1.1,0.9,5,0.20150186187214256,0.027869441909801576
4,tweedie_direct_multilead_regression,reduced,1.05,0.8,5,0.20150257308172753,0.027905705607982553
4,tweedie_direct_multilead_regression,reduced,1.05,0.78,5,0.20150322214986663,0.027850569164987238
4,tweedie_direct_multilead_regression,reduced,1.05,0.75,5,0.2015106142984337,0.027765385977614673
4,tweedie_direct_multilead_regression,reduced,1.2,1.0,5,0.20151921117909732,0.027509130427113414
4,tweedie_direct_multilead_regression,reduced,1.05,0.73,5,0.2015207847358278,0.027706753136185838
4,tweedie_direct_multilead_regression,reduced,1.1,1.0,5,0.2015212432730915,0.028100543047676348
4,tweedie_direct_multilead_regression,reduced,1.05,0.9,5,0.20153731303525596,0.02816303546200673
4,tweedie_direct_multilead_regression,reduced,1.05,0.7,5,0.20154404126191022,0.027616667632269658
4,tweedie_direct_multilead_regression,reduced,1.1,0.8,5,0.20154545015053243,0.02761361458306384
4,tweedie_direct_multilead_regression,reduced,1.1,0.78,5,0.201564562170316,0.02755973688486229
4,tweedie_direct_multilead_regression,reduced,1.1,0.75,5,0.20159966486442354,0.027478702549116777
4,tweedie_direct_multilead_regression,reduced,1.2,0.9,5,0.20160063175309073,0.027306053990866115
4,tweedie_direct_multilead_regression,reduced,1.1,0.73,5,0.20160596818082954,0.027457292709026204
4,tweedie_direct_multilead_regression,reduced,1.1,0.7,5,0.20163326800965695,0.02738411267499881
4,tweedie_direct_multilead_regression,reduced,1.05,1.0,5,0.2016432459569452,0.028388377487415423
4,tweedie_direct_multilead_regression,reduced,1.05,0.6,5,0.2016775947668016,0.027348173974057664
4,tweedie_direct_multilead_regression,reduced,1.3,1.0,5,0.2017049758095139,0.026987806707539353
4,tweedie_direct_multilead_regression,reduced,1.2,0.8,5,0.20175909115678362,0.02700554356014978
4,tweedie_direct_multilead_regression,reduced,1.2,0.78,5,0.201809017669972,0.026973970280930914
4,tweedie_direct_multilead_regression,reduced,1.2,0.75,5,0.20190507175267358,0.026930257241085616
4,tweedie_direct_multilead_regression,reduced,1.1,0.6,5,0.20190528358380483,0.027148713030879946
4,tweedie_direct_multilead_regression,reduced,1.2,0.73,5,0.2019784347015051,0.026904897771484446
4,tweedie_direct_multilead_regression,reduced,1.3,0.9,5,0.20199434144514977,0.026923942909635786
4,tweedie_direct_multilead_regression,reduced,1.05,0.5,5,0.2020506776773451,0.027096433255193304
4,tweedie_direct_multilead_regression,reduced,1.2,0.7,5,0.20210272585626687,0.026874599370376312
4,tweedie_direct_multilead_regression,reduced,1.3,0.8,5,0.2023432819499443,0.027031196944439735
4,tweedie_direct_multilead_regression,reduced,1.1,0.5,5,0.20243053492149832,0.027016520427594223
4,tweedie_direct_multilead_regression,reduced,1.3,0.78,5,0.2024387307473167,0.027053471652928807
4,tweedie_direct_multilead_regression,reduced,1.3,0.75,5,0.20259223244668673,0.02709943601821821
4,tweedie_direct_multilead_regression,reduced,1.2,0.6,5,0.2026357032377824,0.026934881436160452
4,tweedie_direct_multilead_regression,reduced,1.3,0.73,5,0.2027034344340509,0.027139374691519544
4,tweedie_direct_multilead_regression,reduced,1.3,0.7,5,0.2027674708073067,0.027018244505553717
4,tweedie_direct_multilead_regression,reduced,1.05,0.4,5,0.2027845873419233,0.027036931121047943
4,tweedie_direct_multilead_regression,reduced,1.2,0.5,5,0.20341826857323242,0.02722799269302762
4,tweedie_direct_multilead_regression,reduced,1.1,0.4,5,0.20342877489306282,0.027268792508757425
4,tweedie_direct_multilead_regression,reduced,1.5,1.0,5,0.20351803824343656,0.02767728155677384
4,tweedie_direct_multilead_regression,reduced,1.3,0.6,5,0.20352396718453147,0.027443831830432985
4,tweedie_direct_multilead_regression,reduced,1.5,0.9,5,0.20417317875786853,0.028213349848571496
4,tweedie_direct_multilead_regression,reduced,1.05,0.3,5,0.20433829214214533,0.027725331456885494
4,tweedie_direct_multilead_regression,reduced,1.2,0.4,5,0.20477354148988894,0.02822835211377598
4,tweedie_direct_multilead_regression,reduced,1.3,0.5,5,0.20484164112243558,0.028364294948153637
4,tweedie_direct_multilead_regression,reduced,1.5,0.8,5,0.2050665425486609,0.028999615984084813
4,tweedie_direct_multilead_regression,reduced,1.1,0.3,5,0.20509378780851556,0.02830160380710948
4,tweedie_direct_multilead_regression,reduced,1.5,0.78,5,0.2052718390035227,0.029193208490542234
4,tweedie_direct_multilead_regression,reduced,1.5,0.75,5,0.20561695996136264,0.02951561348186892
4,tweedie_direct_multilead_regression,reduced,1.5,0.73,5,0.20589121947820233,0.029758472442555355
4,tweedie_direct_multilead_regression,full,1.9,0.1,5,0.2061510694754583,0.040789683980133995
4,tweedie_direct_multilead_regression,reduced,1.5,0.7,5,0.20628212921656575,0.03014346127524181
4,tweedie_direct_multilead_regression,reduced,1.3,0.4,5,0.20676518671403335,0.030176805779839378
4,tweedie_direct_multilead_regression,reduced,1.2,0.3,5,0.20731558441534553,0.030505718534146655
4,tweedie_direct_multilead_regression,reduced,1.05,0.2,5,0.20769025984532868,0.030346426049310916
4,tweedie_direct_multilead_regression,reduced,1.7,1.0,5,0.2077571885291484,0.032129646085634185
4,tweedie_direct_multilead_regression,reduced,1.5,0.6,5,0.20786716691294096,0.03181831899111165
4,tweedie_direct_multilead_regression,reduced,1.1,0.2,5,0.20899704131106495,0.032090400853323264
4,tweedie_direct_multilead_regression,reduced,1.7,0.9,5,0.2090437506883121,0.033577123226636904
4,tweedie_direct_multilead_regression,full,1.1,0.01,5,0.20948999346342173,0.049073408551490706
4,tweedie_direct_multilead_regression,full,1.05,0.01,5,0.20982454832318181,0.051513223440665695
4,tweedie_direct_multilead_regression,reduced,1.5,0.5,5,0.2101215117310724,0.034296845105596795
4,tweedie_direct_multilead_regression,reduced,1.3,0.3,5,0.21022472494684014,0.03390483499345359
4,tweedie_direct_multilead_regression,reduced,1.7,0.8,5,0.2106827656841211,0.035436254797073644
4,tweedie_direct_multilead_regression,reduced,1.7,0.78,5,0.21105848175561967,0.03585838006418388
4,tweedie_direct_multilead_regression,reduced,1.7,0.75,5,0.21168039396366956,0.03654664162317142
4,tweedie_direct_multilead_regression,reduced,1.7,0.73,5,0.2121149496402701,0.03703698724463569
4,tweedie_direct_multilead_regression,reduced,1.2,0.2,5,0.21270042971576805,0.03614693577745357
4,tweedie_direct_multilead_regression,reduced,1.7,0.7,5,0.21281268223854283,0.03781878532725567
4,tweedie_direct_multilead_regression,full,1.2,0.01,5,0.21332042853327224,0.05223152367583092
4,tweedie_direct_multilead_regression,reduced,1.5,0.4,5,0.21368873240267128,0.03821540582042073
4,tweedie_direct_multilead_regression,full,1.3,0.01,5,0.2151255791243655,0.053634494069996506
4,tweedie_direct_multilead_regression,reduced,1.7,0.6,5,0.2155492156754392,0.040844278860185095
4,tweedie_direct_multilead_regression,reduced,1.9,1.0,5,0.21561639032896496,0.0414601815369881
4,tweedie_direct_multilead_regression,reduced,1.3,0.2,5,0.21720903616685905,0.04142710502436313
4,tweedie_direct_multilead_regression,reduced,1.9,0.9,5,0.21768015785466366,0.043704377748341496
4,tweedie_direct_multilead_regression,reduced,1.05,0.1,5,0.21826008871113647,0.04168259826269355
4,tweedie_direct_multilead_regression,full,1.5,0.01,5,0.21905115515659332,0.0547350261883718
4,tweedie_direct_multilead_regression,reduced,1.7,0.5,5,0.21919785124830948,0.044755167634322066
4,tweedie_direct_multilead_regression,reduced,1.5,0.3,5,0.21927481781999053,0.04420889530811705
4,tweedie_direct_multilead_regression,reduced,1.9,0.8,5,0.2201249966756667,0.04632250259505639
4,tweedie_direct_multilead_regression,reduced,1.9,0.78,5,0.220664960088445,0.046897342634327
4,tweedie_direct_multilead_regression,reduced,1.1,0.1,5,0.22074294946304907,0.04435584416446702
4,tweedie_direct_multilead_regression,full,1.7,0.01,5,0.2210013367757174,0.05030535645336453
4,tweedie_direct_multilead_regression,reduced,1.9,0.75,5,0.22151027309126872,0.04779404768383531
4,tweedie_direct_multilead_regression,full,1.2,0.001,5,0.22193360454051167,0.053522935391467054
4,tweedie_direct_multilead_regression,reduced,1.9,0.73,5,0.22209879964572926,0.04841658852138824
4,tweedie_direct_multilead_regression,reduced,1.9,0.7,5,0.22302247505819475,0.0493916149543078
4,tweedie_direct_multilead_regression,reduced,1.7,0.4,5,0.2240987545702001,0.04989386173961129
4,tweedie_direct_multilead_regression,full,1.9,0.01,5,0.2248222977331169,0.04676915208401254
4,tweedie_direct_multilead_regression,full,1.1,0.001,5,0.224962220215063,0.06395642452077582
4,tweedie_direct_multilead_regression,full,1.05,0.001,5,0.2253298429942452,0.06479159408627799
4,tweedie_direct_multilead_regression,reduced,1.9,0.6,5,0.22653021819689867,0.053061119174821994
4,tweedie_direct_multilead_regression,reduced,1.2,0.1,5,0.2270726113863082,0.05118572895460836
4,tweedie_direct_multilead_regression,full,1.3,0.001,5,0.2276179339010218,0.06133022790834125
4,tweedie_direct_multilead_regression,reduced,1.5,0.2,5,0.2284517172698016,0.053658897457824754
4,tweedie_direct_multilead_regression,reduced,1.7,0.3,5,0.23080136732315268,0.05683633787757841
4,tweedie_direct_multilead_regression,reduced,1.9,0.5,5,0.23084501167904703,0.05752371978498163
4,tweedie_direct_multilead_regression,reduced,1.3,0.1,5,0.23346250089217718,0.05799723970197609
4,tweedie_direct_multilead_regression,reduced,1.9,0.4,5,0.23625989404805958,0.06305265303680015
4,tweedie_direct_multilead_regression,reduced,1.7,0.2,5,0.2409891624764779,0.06710032311325179
4,tweedie_direct_multilead_regression,reduced,1.9,0.3,5,0.24350004319373286,0.07020347049773921
4,tweedie_direct_multilead_regression,reduced,1.5,0.1,5,0.246056500235174,0.07130594001563927
4,tweedie_direct_multilead_regression,full,1.5,0.001,5,0.24808322796664256,0.09577456138480758
4,tweedie_direct_multilead_regression,reduced,1.9,0.2,5,0.25301006668729553,0.0794106850619685
4,tweedie_direct_multilead_regression,reduced,1.7,0.1,5,0.2572392678448989,0.08294307579471512
4,tweedie_direct_multilead_regression,reduced,1.9,0.1,5,0.26382610599443407,0.08862819745596766
4,tweedie_direct_multilead_regression,reduced,1.5,0.01,5,0.26971527182984356,0.08904912128932808
4,tweedie_direct_multilead_regression,reduced,1.05,0.01,5,0.2734368845034839,0.09358918368865529
4,tweedie_direct_multilead_regression,reduced,1.2,0.01,5,0.2752480671799645,0.09854620128123136
4,tweedie_direct_multilead_regression,reduced,1.1,0.01,5,0.275884873938503,0.09691775326139078
4,tweedie_direct_multilead_regression,reduced,1.3,0.01,5,0.2762772199030401,0.09955800457500769
4,tweedie_direct_multilead_regression,reduced,1.7,0.01,5,0.2784296736364878,0.08171058328739722
4,tweedie_direct_multilead_regression,reduced,1.05,0.001,5,0.28772307881095655,0.10360996098439944
4,tweedie_direct_multilead_regression,reduced,1.1,0.001,5,0.2972057364647492,0.09932839654909796
4,tweedie_direct_multilead_regression,full,1.7,0.001,5,0.303838726545643,0.17777440448888354
4,tweedie_direct_multilead_regression,reduced,1.9,0.01,5,0.33300199273684117,0.16142835690409416
4,tweedie_direct_multilead_regression,full,1.05,0.0,5,0.40570645174919473,0.4597435487687331
4,tweedie_direct_multilead_regression,full,1.1,0.0,5,0.4168752553822454,0.48524999529028384
4,tweedie_direct_multilead_regression,full,1.3,0.0,5,0.4181956663392902,0.480367876925356
4,tweedie_direct_multilead_regression,reduced,1.2,0.001,5,0.4329135196161992,0.32951222253976215
4,tweedie_direct_multilead_regression,full,1.2,0.0,5,0.4443445989822547,0.5428003285988527
4,tweedie_direct_multilead_regression,full,1.9,0.001,5,0.4489114890778126,0.4474584369508955
4,tweedie_direct_multilead_regression,reduced,1.3,0.001,5,0.4674022215560917,0.4361894497769657
4,tweedie_direct_multilead_regression,reduced,1.5,0.001,5,0.5455934947738721,0.6371723574540678
4,tweedie_direct_multilead_regression,reduced,1.7,0.001,5,0.5800951643235943,0.7237124645170769
4,tweedie_direct_multilead_regression,full,1.5,0.0,5,0.5802379996673288,0.7886273839869983
4,tweedie_direct_multilead_regression,reduced,1.9,0.001,5,0.5920879223831415,0.7580880790618659
4,tweedie_direct_multilead_regression,reduced,1.7,0.0,5,0.5968725759811114,0.777773436967628
4,tweedie_direct_multilead_regression,reduced,1.5,0.0,5,0.6000679193240401,0.7770115453007613
4,tweedie_direct_multilead_regression,reduced,1.9,0.0,5,0.6028530394283169,0.7743120038200759
4,tweedie_direct_multilead_regression,reduced,1.3,0.0,5,0.6035467324399556,0.7752271302765148
4,tweedie_direct_multilead_regression,reduced,1.2,0.0,5,0.6039885145178399,0.7751344543353841
4,tweedie_direct_multilead_regression,reduced,1.05,0.0,5,0.6391770415416822,0.761935488211009
4,tweedie_direct_multilead_regression,reduced,1.1,0.0,5,0.6396540824105958,0.7605700130170469
4,tweedie_direct_multilead_regression,full,1.7,0.0,5,0.6856248173341208,0.7666055722699178
4,tweedie_direct_multilead_regression,full,1.9,0.0,5,0.6952395072316662,0.7683002593864469
5,tweedie_direct_multilead_regression,reduced,1.05,1.0,5,0.1343832791856187,0.0270106556233609
5,tweedie_direct_multilead_regression,reduced,1.1,1.0,5,0.1346347355310617,0.027230922019235645
5,tweedie_direct_multilead_regression,reduced,1.05,0.9,5,0.13463824366705587,0.027228790356435485
5,tweedie_direct_multilead_regression,reduced,1.1,0.9,5,0.13491394228556444,0.027455643859767495
5,tweedie_direct_multilead_regression,reduced,1.05,0.8,5,0.13495280889336742,0.027480816788208875
5,tweedie_direct_multilead_regression,reduced,1.05,0.78,5,0.13502753193879352,0.02753758786623431
5,tweedie_direct_multilead_regression,reduced,1.2,1.0,5,0.1350977956845657,0.02754894758042283
5,tweedie_direct_multilead_regression,reduced,1.05,0.75,5,0.13514870914650806,0.027627920948295456
5,tweedie_direct_multilead_regression,reduced,1.05,0.73,5,0.13523603933754458,0.027691919082839214
5,tweedie_direct_multilead_regression,reduced,1.1,0.8,5,0.1352768289710759,0.027726675276742278
5,tweedie_direct_multilead_regression,reduced,1.1,0.78,5,0.13536643805262588,0.02778053186636521
5,tweedie_direct_multilead_regression,reduced,1.05,0.7,5,0.13538800295409198,0.027799994159409716
5,tweedie_direct_multilead_regression,reduced,1.2,0.9,5,0.13543177799346917,0.027771206457275814
5,tweedie_direct_multilead_regression,reduced,1.1,0.75,5,0.13550398448105877,0.02787829128343432
5,tweedie_direct_multilead_regression,reduced,1.1,0.73,5,0.1356020462228904,0.02794785580270796
5,tweedie_direct_multilead_regression,reduced,1.1,0.7,5,0.13563895954081376,0.02788791449810361
5,tweedie_direct_multilead_regression,reduced,1.3,1.0,5,0.13575774502597904,0.028004591194218154
5,tweedie_direct_multilead_regression,reduced,1.05,0.6,5,0.13584155204431347,0.028015121430369085
5,tweedie_direct_multilead_regression,reduced,1.2,0.8,5,0.13584398291464753,0.028039993855304098
5,tweedie_direct_multilead_regression,reduced,1.2,0.78,5,0.13594063850153282,0.028102203195217196
5,tweedie_direct_multilead_regression,reduced,1.2,0.75,5,0.1360956389605656,0.028201758347906204
5,tweedie_direct_multilead_regression,reduced,1.3,0.9,5,0.13616680679559345,0.0282682418041273
5,tweedie_direct_multilead_regression,reduced,1.2,0.73,5,0.13620636641159029,0.02827265092186997
5,tweedie_direct_multilead_regression,reduced,1.1,0.6,5,0.1362409234066254,0.028278986698970485
5,tweedie_direct_multilead_regression,reduced,1.2,0.7,5,0.1363856296074767,0.02838728276724539
5,tweedie_direct_multilead_regression,reduced,1.05,0.5,5,0.13662165916501967,0.0285233887548689
5,tweedie_direct_multilead_regression,reduced,1.3,0.8,5,0.13663828433851297,0.028534901925722573
5,tweedie_direct_multilead_regression,reduced,1.3,0.78,5,0.13675540406715042,0.02860748598445334
5,tweedie_direct_multilead_regression,reduced,1.3,0.75,5,0.13694242416631028,0.028722889983588115
5,tweedie_direct_multilead_regression,reduced,1.1,0.5,5,0.13705787950735263,0.028810201826015926
5,tweedie_direct_multilead_regression,reduced,1.3,0.73,5,0.13707615509540322,0.028806002036268052
5,tweedie_direct_multilead_regression,reduced,1.2,0.6,5,0.13712541506151357,0.028864945252812666
5,tweedie_direct_multilead_regression,reduced,1.3,0.7,5,0.13729068464311528,0.028941117632128643
5,tweedie_direct_multilead_regression,reduced,1.5,1.0,5,0.13742726641649614,0.02901015513801575
5,tweedie_direct_multilead_regression,reduced,1.05,0.4,5,0.13781609658999722,0.02933547079787189
5,tweedie_direct_multilead_regression,reduced,1.5,0.9,5,0.13801777945506352,0.029372040158456843
5,tweedie_direct_multilead_regression,reduced,1.2,0.5,5,0.13811449837177942,0.029497532454607418
5,tweedie_direct_multilead_regression,reduced,1.3,0.6,5,0.13815550227924064,0.029507099523518387
5,tweedie_direct_multilead_regression,reduced,1.1,0.4,5,0.1383254099218481,0.029679042158033755
5,tweedie_direct_multilead_regression,reduced,1.5,0.8,5,0.13868175771992003,0.029791129165146948
5,tweedie_direct_multilead_regression,reduced,1.5,0.78,5,0.1388376127323755,0.02989676513601741
5,tweedie_direct_multilead_regression,reduced,1.5,0.75,5,0.13908206261033337,0.03006519703493211
5,tweedie_direct_multilead_regression,reduced,1.5,0.73,5,0.13924713404083155,0.030195942190181325
5,tweedie_direct_multilead_regression,reduced,1.3,0.5,5,0.13933794985864362,0.030361316547183034
5,tweedie_direct_multilead_regression,reduced,1.5,0.7,5,0.13951653628786728,0.030387857923488363
5,tweedie_direct_multilead_regression,reduced,1.2,0.4,5,0.13957500387110733,0.03057889046010565
5,tweedie_direct_multilead_regression,reduced,1.7,1.0,5,0.13958023737619088,0.030274890535832166
5,tweedie_direct_multilead_regression,reduced,1.05,0.3,5,0.1397086096217691,0.030781860333869697
5,tweedie_direct_multilead_regression,reduced,1.7,0.9,5,0.14028206122723927,0.030784207229611667
5,tweedie_direct_multilead_regression,reduced,1.1,0.3,5,0.1403224418473667,0.03127853864758254
5,tweedie_direct_multilead_regression,reduced,1.5,0.6,5,0.14055559640297885,0.031182468864593256
5,tweedie_direct_multilead_regression,reduced,1.3,0.4,5,0.1409455226427225,0.031681969210623086
5,tweedie_direct_multilead_regression,full,1.05,1.0,5,0.14110037938583378,0.03212648636668726
5,tweedie_direct_multilead_regression,reduced,1.7,0.8,5,0.14110641190293527,0.03143726417998827
5,tweedie_direct_multilead_regression,reduced,1.7,0.78,5,0.14129065032496274,0.03159108015104247
5,tweedie_direct_multilead_regression,reduced,1.7,0.75,5,0.14158077518930995,0.03183928600053167
5,tweedie_direct_multilead_regression,reduced,1.2,0.3,5,0.14175619063557923,0.032500073376958205
5,tweedie_direct_multilead_regression,full,1.05,0.9,5,0.14175745800921752,0.032957705433808444
5,tweedie_direct_multilead_regression,full,1.1,1.0,5,0.14176318691265644,0.03298178484826797
5,tweedie_direct_multilead_regression,reduced,1.7,0.73,5,0.14178317598002152,0.03201791022281148
5,tweedie_direct_multilead_regression,reduced,1.5,0.5,5,0.14193608734079757,0.03237074339639324
5,tweedie_direct_multilead_regression,reduced,1.7,0.7,5,0.1421073902898783,0.03230500559458507
5,tweedie_direct_multilead_regression,reduced,1.9,1.0,5,0.14217841621893962,0.03211045710367788
5,tweedie_direct_multilead_regression,full,1.1,0.9,5,0.14250202759598535,0.03394022584833133
5,tweedie_direct_multilead_regression,full,1.05,0.8,5,0.14256816128021024,0.0340606586335195
5,tweedie_direct_multilead_regression,full,1.05,0.78,5,0.14275525499419156,0.034316507604600484
5,tweedie_direct_multilead_regression,reduced,1.9,0.9,5,0.1429675728447822,0.0328527050095395
5,tweedie_direct_multilead_regression,reduced,1.05,0.2,5,0.14297770524563924,0.03397982838145665
5,tweedie_direct_multilead_regression,full,1.2,1.0,5,0.14303315441539585,0.03460030273333233
5,tweedie_direct_multilead_regression,full,1.05,0.75,5,0.14307762861077541,0.03472983301578556
5,tweedie_direct_multilead_regression,reduced,1.3,0.3,5,0.1431732570286373,0.03387115808324654
5,tweedie_direct_multilead_regression,full,1.05,0.73,5,0.14328965070228666,0.035027442548017894
5,tweedie_direct_multilead_regression,reduced,1.7,0.6,5,0.14332302839296687,0.03350217910108383
5,tweedie_direct_multilead_regression,full,1.1,0.8,5,0.14340294519992478,0.03516547370262077
5,tweedie_direct_multilead_regression,full,1.1,0.78,5,0.143606946199667,0.03545535003658314
5,tweedie_direct_multilead_regression,full,1.05,0.7,5,0.14362889814218932,0.03551163186435128
5,tweedie_direct_multilead_regression,reduced,1.5,0.4,5,0.14375944248209152,0.03429555218329252
5,tweedie_direct_multilead_regression,reduced,1.1,0.2,5,0.143801043463569,0.034879572076477516
5,tweedie_direct_multilead_regression,full,1.2,0.9,5,0.14388334124026111,0.035793965861237564
5,tweedie_direct_multilead_regression,reduced,1.9,0.8,5,0.14389244476431115,0.0338045988358657
5,tweedie_direct_multilead_regression,full,1.1,0.75,5,0.1439316029520597,0.03592330817680053
5,tweedie_direct_multilead_regression,reduced,1.9,0.78,5,0.14409680469853584,0.03402545464994072
5,tweedie_direct_multilead_regression,full,1.1,0.73,5,0.14416157421559522,0.03625943807778593
5,tweedie_direct_multilead_regression,reduced,1.9,0.75,5,0.14441881021271558,0.034373786128644834
5,tweedie_direct_multilead_regression,full,1.1,0.7,5,0.14452836180051848,0.036803906911370775
5,tweedie_direct_multilead_regression,reduced,1.9,0.73,5,0.14465222362961377,0.03461786179076488
5,tweedie_direct_multilead_regression,full,1.3,1.0,5,0.14470676162347829,0.03706324241435422
5,tweedie_direct_multilead_regression,full,1.2,0.8,5,0.14485232134563597,0.03731745059080621
5,tweedie_direct_multilead_regression,reduced,1.7,0.5,5,0.1448618296213783,0.03519523935836482
5,tweedie_direct_multilead_regression,full,1.05,0.6,5,0.14497637477373204,0.03751510116860024
5,tweedie_direct_multilead_regression,reduced,1.9,0.7,5,0.14499222110746646,0.03500887765177703
5,tweedie_direct_multilead_regression,full,1.2,0.78,5,0.14508313944148057,0.03766561834170195
5,tweedie_direct_multilead_regression,reduced,1.2,0.2,5,0.14540198478022995,0.036700062152017474
5,tweedie_direct_multilead_regression,full,1.2,0.75,5,0.14544926845633727,0.03822217395535614
5,tweedie_direct_multilead_regression,full,1.2,0.73,5,0.14570659350143722,0.03861755922593446
5,tweedie_direct_multilead_regression,full,1.3,0.9,5,0.14595468871680373,0.03903722172279851
5,tweedie_direct_multilead_regression,full,1.1,0.6,5,0.1459950002290291,0.03902430179745421
5,tweedie_direct_multilead_regression,full,1.2,0.7,5,0.14611464461064477,0.03925206130456722
5,tweedie_direct_multilead_regression,reduced,1.9,0.6,5,0.14632104515188912,0.036603099828366105
5,tweedie_direct_multilead_regression,reduced,1.5,0.3,5,0.14637258641870904,0.03748371612624553
5,tweedie_direct_multilead_regression,full,1.05,0.5,5,0.14675978220306782,0.04033827863948765
5,tweedie_direct_multilead_regression,full,1.3,0.8,5,0.14678040065485792,0.04026532264875526
5,tweedie_direct_multilead_regression,reduced,1.7,0.4,5,0.14687445954667022,0.03763553587985819
5,tweedie_direct_multilead_regression,full,1.3,0.78,5,0.1470516238419185,0.04070143417835655
5,tweedie_direct_multilead_regression,reduced,1.3,0.2,5,0.14707624533675326,0.03889008173596901
5,tweedie_direct_multilead_regression,full,1.3,0.75,5,0.14745895842256296,0.04135880630767053
5,tweedie_direct_multilead_regression,full,1.1,0.5,5,0.1475572125066396,0.04149219464751677
5,tweedie_direct_multilead_regression,full,1.2,0.6,5,0.14769797767948126,0.04179675804085956
5,tweedie_direct_multilead_regression,full,1.3,0.73,5,0.1477471417905702,0.04182210615521561
5,tweedie_direct_multilead_regression,reduced,1.9,0.5,5,0.14795184167391456,0.038669641408903985
5,tweedie_direct_multilead_regression,full,1.3,0.7,5,0.14822271060198788,0.04261828964260245
5,tweedie_direct_multilead_regression,full,1.5,1.0,5,0.14847465201912446,0.04286801557546583
5,tweedie_direct_multilead_regression,full,1.05,0.4,5,0.14894941641232293,0.043919979617536874
5,tweedie_direct_multilead_regression,full,1.5,0.9,5,0.14958566509537774,0.04475725422581803
5,tweedie_direct_multilead_regression,reduced,1.7,0.3,5,0.14959643027849154,0.04114392286316447
5,tweedie_direct_multilead_regression,reduced,1.05,0.1,5,0.14969200150762907,0.043255571607192726
5,tweedie_direct_multilead_regression,full,1.3,0.6,5,0.1497180111444489,0.04507915783789777
5,tweedie_direct_multilead_regression,full,1.2,0.5,5,0.14975270360441292,0.045270877141897085
5,tweedie_direct_multilead_regression,reduced,1.9,0.4,5,0.15005655507554055,0.041289664849196835
5,tweedie_direct_multilead_regression,full,1.1,0.4,5,0.15010496965843972,0.04589708616678671
5,tweedie_direct_multilead_regression,reduced,1.5,0.2,5,0.15050599223303088,0.042964552831696264
5,tweedie_direct_multilead_regression,reduced,1.1,0.1,5,0.15062708784273987,0.044384795865972645
5,tweedie_direct_multilead_regression,full,1.5,0.8,5,0.1509372109552693,0.04711070807891674
5,tweedie_direct_multilead_regression,full,1.5,0.78,5,0.15121102884510645,0.0476331299999757
5,tweedie_direct_multilead_regression,full,1.5,0.75,5,0.15169325792078683,0.04846502835738283
5,tweedie_direct_multilead_regression,full,1.5,0.73,5,0.15198175107818496,0.04895849082027864
5,tweedie_direct_multilead_regression,full,1.3,0.5,5,0.15211834628351015,0.049457108962372556
5,tweedie_direct_multilead_regression,full,1.2,0.4,5,0.15235857021298807,0.04982148587212638
5,tweedie_direct_multilead_regression,full,1.5,0.7,5,0.15249169813469826,0.04986773824497937
5,tweedie_direct_multilead_regression,full,1.05,0.3,5,0.15258966958247025,0.050285266677908884
5,tweedie_direct_multilead_regression,reduced,1.2,0.1,5,0.15278253258909882,0.047033532317426456
5,tweedie_direct_multilead_regression,reduced,1.9,0.3,5,0.15279881579638818,0.04473922445180836
5,tweedie_direct_multilead_regression,full,1.7,1.0,5,0.15292453858424482,0.050615600529262575
5,tweedie_direct_multilead_regression,reduced,1.7,0.2,5,0.15355430468406656,0.046191281977700234
5,tweedie_direct_multilead_regression,full,1.1,0.3,5,0.1538947669159834,0.05266669080893669
5,tweedie_direct_multilead_regression,full,1.7,0.9,5,0.15430015760897164,0.05308672210276402
5,tweedie_direct_multilead_regression,full,1.5,0.6,5,0.1543960623159546,0.053409860198074116
5,tweedie_direct_multilead_regression,reduced,1.3,0.1,5,0.15449102118205169,0.04923936535945758
5,tweedie_direct_multilead_regression,full,1.3,0.4,5,0.1548989348463834,0.0544463899758523
5,tweedie_direct_multilead_regression,full,1.7,0.8,5,0.15569404575370666,0.05560605530858077
5,tweedie_direct_multilead_regression,full,1.7,0.78,5,0.15602094838249403,0.05620337554944268
5,tweedie_direct_multilead_regression,full,1.2,0.3,5,0.15637263843288826,0.05718719941480203
5,tweedie_direct_multilead_regression,full,1.7,0.75,5,0.1565301369967435,0.057139688425850266
5,tweedie_direct_multilead_regression,full,1.7,0.73,5,0.1568868136248871,0.05779378990833226
5,tweedie_direct_multilead_regression,reduced,1.9,0.2,5,0.15693436685830947,0.04965320284442362
5,tweedie_direct_multilead_regression,full,1.5,0.5,5,0.15693904755554214,0.058095690902382556
5,tweedie_direct_multilead_regression,reduced,1.5,0.1,5,0.15742244399663086,0.051676390430520074
5,tweedie_direct_multilead_regression,full,1.7,0.7,5,0.1574573523191684,0.0588223774027256
5,tweedie_direct_multilead_regression,full,1.9,1.0,5,0.15782065044231797,0.05934112900919524
5,tweedie_direct_multilead_regression,full,1.05,0.2,5,0.1585490530084053,0.06120465069421416
5,tweedie_direct_multilead_regression,full,1.3,0.3,5,0.1590536453683528,0.06218551981015478
5,tweedie_direct_multilead_regression,full,1.9,0.9,5,0.15907035666402233,0.06159075321094169
5,tweedie_direct_multilead_regression,full,1.7,0.6,5,0.15950439506344033,0.06259004553256414
5,tweedie_direct_multilead_regression,full,1.1,0.2,5,0.1599542196984167,0.06395623995431819
5,tweedie_direct_multilead_regression,full,1.5,0.4,5,0.15997039826565856,0.0637119823720402
5,tweedie_direct_multilead_regression,full,1.9,0.8,5,0.16063816465105257,0.06448079883802117
5,tweedie_direct_multilead_regression,reduced,1.7,0.1,5,0.16064625217328282,0.05471604364431948
5,tweedie_direct_multilead_regression,full,1.9,0.78,5,0.1609611038115837,0.06505911778243448
5,tweedie_direct_multilead_regression,full,1.9,0.75,5,0.16144707784095433,0.06595576867862393
5,tweedie_direct_multilead_regression,full,1.9,0.73,5,0.16178231839959728,0.06656325332280728
5,tweedie_direct_multilead_regression,full,1.7,0.5,5,0.16196050810537307,0.06716577234831708
5,tweedie_direct_multilead_regression,full,1.9,0.7,5,0.16230155505589983,0.06751605275861447
5,tweedie_direct_multilead_regression,full,1.2,0.2,5,0.16253882593145033,0.06865696153969192
5,tweedie_direct_multilead_regression,full,1.5,0.3,5,0.16403664628218073,0.07135652361586554
5,tweedie_direct_multilead_regression,full,1.9,0.6,5,0.16419375492898292,0.07096005354001153
5,tweedie_direct_multilead_regression,reduced,1.9,0.1,5,0.16431616446773253,0.05810589784594297
5,tweedie_direct_multilead_regression,full,1.7,0.4,5,0.16489204389758075,0.07257267843836894
5,tweedie_direct_multilead_regression,full,1.3,0.2,5,0.16528048931903974,0.07391360944013986
5,tweedie_direct_multilead_regression,full,1.9,0.5,5,0.16640243299920193,0.0750154989179638
5,tweedie_direct_multilead_regression,full,1.7,0.3,5,0.1684000208089713,0.07915347550703584
5,tweedie_direct_multilead_regression,full,1.9,0.4,5,0.1688425672505715,0.07954499557086761
5,tweedie_direct_multilead_regression,full,1.5,0.2,5,0.16946233393084756,0.08148780653532323
5,tweedie_direct_multilead_regression,full,1.05,0.1,5,0.16953957339258438,0.08216578925469668
5,tweedie_direct_multilead_regression,full,1.1,0.1,5,0.17085484663876344,0.08477294328487646
5,tweedie_direct_multilead_regression,full,1.9,0.3,5,0.17167606944446814,0.08484340354692822
5,tweedie_direct_multilead_regression,full,1.2,0.1,5,0.17233595671892246,0.08746492194241652
5,tweedie_direct_multilead_regression,full,1.7,0.2,5,0.17258819808655512,0.08685622142926643
5,tweedie_direct_multilead_regression,full,1.3,0.1,5,0.1741488366988555,0.09069822644827466
5,tweedie_direct_multilead_regression,reduced,1.2,0.01,5,0.17435720425257542,0.07031179392085345
5,tweedie_direct_multilead_regression,reduced,1.05,0.01,5,0.17437847129132025,0.0722947679891631
5,tweedie_direct_multilead_regression,full,1.9,0.2,5,0.1748672522168992,0.09079944395753324
5,tweedie_direct_multilead_regression,reduced,1.1,0.01,5,0.17508885200389618,0.07294088635450974
5,tweedie_direct_multilead_regression,reduced,1.3,0.01,5,0.17559395864924426,0.0718439711184467
5,tweedie_direct_multilead_regression,full,1.5,0.1,5,0.17627916084581452,0.09414499094363098
5,tweedie_direct_multilead_regression,full,1.7,0.1,5,0.17775381753950797,0.09654227435334488
5,tweedie_direct_multilead_regression,reduced,1.5,0.01,5,0.17882710687501238,0.075656418717551
5,tweedie_direct_multilead_regression,full,1.9,0.1,5,0.17951454676772588,0.09961105273648162
5,tweedie_direct_multilead_regression,reduced,1.7,0.01,5,0.18267050194064693,0.07983281610327547
5,tweedie_direct_multilead_regression,full,1.3,0.01,5,0.1849083624529974,0.11066521530499393
5,tweedie_direct_multilead_regression,full,1.2,0.01,5,0.18551175350853683,0.11096083557879866
5,tweedie_direct_multilead_regression,full,1.2,0.001,5,0.18595977963663707,0.11222636630113068
5,tweedie_direct_multilead_regression,full,1.1,0.01,5,0.18610923153416994,0.11244605788518551
5,tweedie_direct_multilead_regression,full,1.2,0.0,5,0.1862667484899283,0.11342482998963808
5,tweedie_direct_multilead_regression,full,1.05,0.01,5,0.18650602932035548,0.11348929665038754
5,tweedie_direct_multilead_regression,reduced,1.05,0.001,5,0.18680103692570565,0.08372474378333321
5,tweedie_direct_multilead_regression,full,1.1,0.001,5,0.18682820211834444,0.11411425234726975
5,tweedie_direct_multilead_regression,full,1.1,0.0,5,0.18716448235322697,0.1146651326244212
5,tweedie_direct_multilead_regression,reduced,1.1,0.001,5,0.18719307589654685,0.08435033551991718
5,tweedie_direct_multilead_regression,full,1.05,0.0,5,0.18771229144806037,0.11633320120016083
5,tweedie_direct_multilead_regression,full,1.05,0.001,5,0.18839490511549856,0.11600277850600256
5,tweedie_direct_multilead_regression,full,1.5,0.01,5,0.18882360441907486,0.1175006996843634
5,tweedie_direct_multilead_regression,reduced,1.3,0.001,5,0.1919794633521415,0.09072553643707197
5,tweedie_direct_multilead_regression,reduced,1.2,0.001,5,0.19222916309655685,0.09132089916548541
5,tweedie_direct_multilead_regression,full,1.7,0.01,5,0.19301690530911003,0.12090723753379949
5,tweedie_direct_multilead_regression,reduced,1.9,0.01,5,0.19405915319623124,0.0939487802595996
5,tweedie_direct_multilead_regression,full,1.3,0.001,5,0.19454042631058865,0.1289055835196132
5,tweedie_direct_multilead_regression,full,1.3,0.0,5,0.19623209109265285,0.13296156978959237
5,tweedie_direct_multilead_regression,reduced,1.5,0.001,5,0.19679195136958216,0.09475541304896413
5,tweedie_direct_multilead_regression,reduced,1.1,0.0,5,0.19686677256199633,0.09656293362974641
5,tweedie_direct_multilead_regression,reduced,1.2,0.0,5,0.1974049345261466,0.09655049626583391
5,tweedie_direct_multilead_regression,reduced,1.05,0.0,5,0.19748958589969173,0.09593900130269369
5,tweedie_direct_multilead_regression,reduced,1.3,0.0,5,0.198453964615711,0.0961205950351755
5,tweedie_direct_multilead_regression,full,1.5,0.001,5,0.20793099139181162,0.1327713568949713
5,tweedie_direct_multilead_regression,reduced,1.5,0.0,5,0.20944560839769205,0.10399873089951019
5,tweedie_direct_multilead_regression,full,1.9,0.01,5,0.20994958583778245,0.14755318278812304
5,tweedie_direct_multilead_regression,full,1.5,0.0,5,0.21992429717004253,0.138320334997488
5,tweedie_direct_multilead_regression,reduced,1.7,0.001,5,0.2509750737667499,0.17410836603723948
5,tweedie_direct_multilead_regression,reduced,1.9,0.001,5,0.2931409770489835,0.24420274186190274
5,tweedie_direct_multilead_regression,full,1.7,0.001,5,0.32673751291596365,0.36456996120098134
5,tweedie_direct_multilead_regression,full,1.9,0.001,5,0.39095625228647807,0.4839918531016954
5,tweedie_direct_multilead_regression,reduced,1.7,0.0,5,0.4281066675153154,0.43984863185118384
5,tweedie_direct_multilead_regression,reduced,1.9,0.0,5,0.4308735519457848,0.44747834801767783
5,tweedie_direct_multilead_regression,full,1.7,0.0,5,0.5488690719020213,0.8130807407539185
5,tweedie_direct_multilead_regression,full,1.9,0.0,5,0.6684376729683869,0.8030540053988439
6,tweedie_direct_multilead_regression,full,1.1,0.1,5,0.18002042723138384,0.03388876701781661
6,tweedie_direct_multilead_regression,full,1.7,0.6,5,0.18004961161131286,0.03304095970444944
6,tweedie_direct_multilead_regression,full,1.9,1.0,5,0.18008392172338555,0.03287374303820314
6,tweedie_direct_multilead_regression,full,1.7,0.5,5,0.18010087046730022,0.03290147277894208
6,tweedie_direct_multilead_regression,full,1.7,0.7,5,0.1801554530481562,0.03320985094056046
6,tweedie_direct_multilead_regression,full,1.9,0.9,5,0.18015650674245906,0.03283375488468092
6,tweedie_direct_multilead_regression,full,1.05,0.1,5,0.18016105561281465,0.034023802316631505
6,tweedie_direct_multilead_regression,full,1.3,0.2,5,0.18018100499347423,0.033545359754976634
6,tweedie_direct_multilead_regression,full,1.5,0.3,5,0.18018202430036942,0.03302010874360395
6,tweedie_direct_multilead_regression,full,1.7,0.73,5,0.1801891779864087,0.033269713705289354
6,tweedie_direct_multilead_regression,full,1.7,0.75,5,0.1802129135283955,0.03330748883031102
6,tweedie_direct_multilead_regression,full,1.2,0.1,5,0.18023919090655785,0.03335851084697895
6,tweedie_direct_multilead_regression,full,1.7,0.78,5,0.18025822383172715,0.03336493198655423
6,tweedie_direct_multilead_regression,full,1.9,0.8,5,0.1802704607066436,0.032823102842051574
6,tweedie_direct_multilead_regression,full,1.7,0.8,5,0.1802861985960056,0.03340430623339968
6,tweedie_direct_multilead_regression,full,1.5,0.4,5,0.18029346522590017,0.03340215030971786
6,tweedie_direct_multilead_regression,full,1.9,0.78,5,0.1802986158025194,0.03283252627506432
6,tweedie_direct_multilead_regression,full,1.7,0.4,5,0.18030372814244436,0.032913599861686696
6,tweedie_direct_multilead_regression,full,1.9,0.75,5,0.18034170972723815,0.032851114428217795
6,tweedie_direct_multilead_regression,full,1.9,0.73,5,0.18038719255921806,0.032883913640626726
6,tweedie_direct_multilead_regression,full,1.7,0.9,5,0.1804098810768355,0.033618416845807284
6,tweedie_direct_multilead_regression,full,1.5,0.2,5,0.1804475608192621,0.03295737907159173
6,tweedie_direct_multilead_regression,full,1.9,0.7,5,0.18044996801746327,0.0329204457685013
6,tweedie_direct_multilead_regression,full,1.7,1.0,5,0.1805182924886338,0.03385079575540908
6,tweedie_direct_multilead_regression,full,1.5,0.5,5,0.18056195386708734,0.03382941311802831
6,tweedie_direct_multilead_regression,full,1.2,0.2,5,0.1805945437859678,0.03409171977745037
6,tweedie_direct_multilead_regression,full,1.3,0.1,5,0.1806826222294314,0.032891299440201326
6,tweedie_direct_multilead_regression,full,1.3,0.3,5,0.18076526714670044,0.03415444342714604
6,tweedie_direct_multilead_regression,full,1.5,0.6,5,0.18077538405922228,0.034195522391190135
6,tweedie_direct_multilead_regression,full,1.9,0.6,5,0.18077551883051113,0.033054105204391754
6,tweedie_direct_multilead_regression,full,1.7,0.3,5,0.1808701797417255,0.033165340285778215
6,tweedie_direct_multilead_regression,full,1.1,0.2,5,0.18109511267200146,0.03487722269598382
6,tweedie_direct_multilead_regression,full,1.5,0.7,5,0.18112571606920458,0.03447933267739165
6,tweedie_direct_multilead_regression,full,1.5,0.73,5,0.18118970279456242,0.03458729205882504
6,tweedie_direct_multilead_regression,full,1.2,0.3,5,0.18119250687479022,0.03508894750439062
6,tweedie_direct_multilead_regression,full,1.3,0.4,5,0.18123752556339215,0.03481828932683708
6,tweedie_direct_multilead_regression,full,1.5,0.75,5,0.18124003756069268,0.03464921353214859
6,tweedie_direct_multilead_regression,full,1.9,0.5,5,0.1813225896012556,0.03332785502805644
6,tweedie_direct_multilead_regression,full,1.5,0.78,5,0.18134052118344157,0.034710309943347735
6,tweedie_direct_multilead_regression,full,1.05,0.2,5,0.18135927811698643,0.03504694822524574
6,tweedie_direct_multilead_regression,full,1.5,0.8,5,0.18139210851424953,0.034767644055182796
6,tweedie_direct_multilead_regression,full,1.5,0.9,5,0.18160743634120732,0.03509463185744695
6,tweedie_direct_multilead_regression,full,1.3,0.5,5,0.18165822413971774,0.035386968433732374
6,tweedie_direct_multilead_regression,full,1.2,0.4,5,0.1816705663382985,0.035756262690089226
6,tweedie_direct_multilead_regression,full,1.1,0.3,5,0.18168885209129,0.03539371211662282
6,tweedie_direct_multilead_regression,full,1.5,1.0,5,0.18182709520788493,0.03531531333563391
6,tweedie_direct_multilead_regression,full,1.3,0.6,5,0.1819946618753057,0.03578917891079328
6,tweedie_direct_multilead_regression,full,1.2,0.5,5,0.1820875981943322,0.036157740575944376
6,tweedie_direct_multilead_regression,full,1.9,0.4,5,0.18209472373881658,0.03384230880792167
6,tweedie_direct_multilead_regression,full,1.3,0.75,5,0.1822657738247057,0.036124987095766004
6,tweedie_direct_multilead_regression,full,1.1,0.4,5,0.18226592681802684,0.03604221664650426
6,tweedie_direct_multilead_regression,full,1.3,0.7,5,0.18226611267184617,0.03610420614778557
6,tweedie_direct_multilead_regression,full,1.3,0.73,5,0.18227850580849575,0.03620058447147831
6,tweedie_direct_multilead_regression,full,1.7,0.2,5,0.18228643508856657,0.03394400753041951
6,tweedie_direct_multilead_regression,full,1.05,0.3,5,0.18230703223537045,0.03587143205700318
6,tweedie_direct_multilead_regression,full,1.3,0.78,5,0.18233783825935976,0.036199427090660104
6,tweedie_direct_multilead_regression,full,1.5,0.1,5,0.1823639305638114,0.03421704067812963
6,tweedie_direct_multilead_regression,full,1.3,0.8,5,0.1824200924143707,0.036254178943137184
6,tweedie_direct_multilead_regression,full,1.2,0.6,5,0.18242835836597532,0.03648107557951425
6,tweedie_direct_multilead_regression,full,1.1,0.5,5,0.18257135493559534,0.036645083408461544
6,tweedie_direct_multilead_regression,full,1.05,0.4,5,0.18258597500941126,0.036725786225002714
6,tweedie_direct_multilead_regression,full,1.3,0.9,5,0.18263364617612485,0.03646799659115432
6,tweedie_direct_multilead_regression,full,1.2,0.7,5,0.18271930351073343,0.036751269617441205
6,tweedie_direct_multilead_regression,full,1.3,1.0,5,0.18275625767145529,0.036709867599775216
6,tweedie_direct_multilead_regression,full,1.05,0.5,5,0.18276206136144676,0.036734086968105456
6,tweedie_direct_multilead_regression,full,1.2,0.8,5,0.18283827589843954,0.03706602104221292
6,tweedie_direct_multilead_regression,full,1.2,0.73,5,0.18284056129397155,0.03676703594665912
6,tweedie_direct_multilead_regression,full,1.1,0.6,5,0.18288322243359062,0.036973932206320774
6,tweedie_direct_multilead_regression,full,1.2,0.75,5,0.18288346299252625,0.036813668467035245
6,tweedie_direct_multilead_regression,full,1.2,0.78,5,0.18293186554938248,0.03688928415688826
6,tweedie_direct_multilead_regression,full,1.2,0.9,5,0.18304059460408553,0.037218279554477936
6,tweedie_direct_multilead_regression,full,1.05,0.6,5,0.1830703119053409,0.03707801413114082
6,tweedie_direct_multilead_regression,full,1.1,0.7,5,0.1831187830066094,0.03721044882592565
6,tweedie_direct_multilead_regression,full,1.1,0.73,5,0.18317952215434125,0.037269082994185854
6,tweedie_direct_multilead_regression,full,1.2,1.0,5,0.18319893522586134,0.03734827951502748
6,tweedie_direct_multilead_regression,full,1.1,0.75,5,0.18321786626059464,0.03730563897399592
6,tweedie_direct_multilead_regression,full,1.9,0.3,5,0.1832253087811562,0.034547525576306054
6,tweedie_direct_multilead_regression,full,1.1,0.78,5,0.18327198851556445,0.03735696894214894
6,tweedie_direct_multilead_regression,full,1.05,0.7,5,0.18329991351646818,0.03731996859985306
6,tweedie_direct_multilead_regression,full,1.1,0.8,5,0.183305855190331,0.03738897611756847
6,tweedie_direct_multilead_regression,full,1.05,0.73,5,0.18335711078670738,0.03737873232760999
6,tweedie_direct_multilead_regression,full,1.05,0.75,5,0.1834082058550106,0.03739993056769172
6,tweedie_direct_multilead_regression,full,1.1,0.9,5,0.18345331705343546,0.0375252620914363
6,tweedie_direct_multilead_regression,reduced,1.05,0.6,5,0.1836300124632555,0.03408822231127623
6,tweedie_direct_multilead_regression,reduced,1.1,0.73,5,0.18363109075293763,0.03422220890946683
6,tweedie_direct_multilead_regression,reduced,1.1,0.75,5,0.18363115549894904,0.034327379434153225
6,tweedie_direct_multilead_regression,reduced,1.05,0.7,5,0.1836315167699073,0.034677314028878935
6,tweedie_direct_multilead_regression,reduced,1.1,0.7,5,0.18363204941984432,0.03405606383626645
6,tweedie_direct_multilead_regression,reduced,1.1,0.78,5,0.18363207168147389,0.034477449814052805
6,tweedie_direct_multilead_regression,reduced,1.1,0.8,5,0.18363278259744376,0.03457288397502524
6,tweedie_direct_multilead_regression,reduced,1.1,0.9,5,0.1836398091885155,0.03499906132617214
6,tweedie_direct_multilead_regression,reduced,1.2,1.0,5,0.18364187189409137,0.03419260462930482
6,tweedie_direct_multilead_regression,reduced,1.05,0.5,5,0.18364936357287925,0.03333237649141979
6,tweedie_direct_multilead_regression,reduced,1.1,0.6,5,0.18365395837163564,0.03341747079111763
6,tweedie_direct_multilead_regression,reduced,1.2,0.9,5,0.18369970074077954,0.03375153237103656
6,tweedie_direct_multilead_regression,full,1.05,0.78,5,0.18370108163745597,0.03795319750171346
6,tweedie_direct_multilead_regression,full,1.05,0.8,5,0.1837173728123711,0.03795683189746238
6,tweedie_direct_multilead_regression,reduced,1.2,0.8,5,0.18372917109429215,0.033243794066575814
6,tweedie_direct_multilead_regression,reduced,1.05,0.9,5,0.18373221422234365,0.03558513111864546
6,tweedie_direct_multilead_regression,reduced,1.05,1.0,5,0.1837345890017269,0.035897920208661324
6,tweedie_direct_multilead_regression,reduced,1.1,1.0,5,0.183737377986888,0.03541374986180125
6,tweedie_direct_multilead_regression,reduced,1.2,0.78,5,0.18373796080745458,0.033130249983943906
6,tweedie_direct_multilead_regression,reduced,1.05,0.8,5,0.18374058294225679,0.03521180883501307
6,tweedie_direct_multilead_regression,reduced,1.05,0.78,5,0.1837441428868836,0.03512816103250853
6,tweedie_direct_multilead_regression,full,1.1,1.0,5,0.18374940529026346,0.03796635326475226
6,tweedie_direct_multilead_regression,reduced,1.05,0.75,5,0.18375110450489712,0.03499622514293386
6,tweedie_direct_multilead_regression,reduced,1.05,0.73,5,0.18375226662672067,0.03490862542166111
6,tweedie_direct_multilead_regression,reduced,1.2,0.75,5,0.18375330312626417,0.03295129444175828
6,tweedie_direct_multilead_regression,reduced,1.2,0.73,5,0.18376506225597536,0.03282585753653551
6,tweedie_direct_multilead_regression,reduced,1.3,1.0,5,0.18377044636812215,0.03279686750148168
6,tweedie_direct_multilead_regression,reduced,1.2,0.7,5,0.1837845913406101,0.032628564467850875
6,tweedie_direct_multilead_regression,reduced,1.1,0.5,5,0.18378553347831386,0.032572599485723754
6,tweedie_direct_multilead_regression,full,1.05,0.9,5,0.18378891743435155,0.03797635183494633
6,tweedie_direct_multilead_regression,reduced,1.05,0.4,5,0.18382028768324216,0.03229447786656103
6,tweedie_direct_multilead_regression,reduced,1.3,0.9,5,0.1838232979988968,0.032295112184483825
6,tweedie_direct_multilead_regression,full,1.05,1.0,5,0.18384629416663162,0.037997245509242064
6,tweedie_direct_multilead_regression,reduced,1.3,0.78,5,0.18386667141562937,0.03149944895398427
6,tweedie_direct_multilead_regression,reduced,1.2,0.6,5,0.18387455657028598,0.031882005678149763
6,tweedie_direct_multilead_regression,reduced,1.3,0.75,5,0.1838862133951268,0.03129661312756165
6,tweedie_direct_multilead_regression,reduced,1.3,0.8,5,0.1838954040917776,0.03171900853345625
6,tweedie_direct_multilead_regression,reduced,1.3,0.73,5,0.18390425770736132,0.031157273877651492
6,tweedie_direct_multilead_regression,reduced,1.1,0.4,5,0.1839268736177257,0.03149336464640932
6,tweedie_direct_multilead_regression,reduced,1.3,0.7,5,0.1839337284231447,0.030940365620203344
6,tweedie_direct_multilead_regression,reduced,1.2,0.5,5,0.18401452191154904,0.030975440206006472
6,tweedie_direct_multilead_regression,reduced,1.05,0.3,5,0.18404639082259253,0.030906192428209814
6,tweedie_direct_multilead_regression,reduced,1.3,0.6,5,0.18406836956419897,0.030123685256875768
6,tweedie_direct_multilead_regression,reduced,1.1,0.3,5,0.1841051616361651,0.029878735091239735
6,tweedie_direct_multilead_regression,reduced,1.2,0.4,5,0.18414924122756335,0.02967941674263194
6,tweedie_direct_multilead_regression,reduced,1.3,0.5,5,0.18426407074293993,0.029159864703311725
6,tweedie_direct_multilead_regression,reduced,1.5,1.0,5,0.18435076592890423,0.029247142957262984
6,tweedie_direct_multilead_regression,reduced,1.05,0.2,5,0.1843659700149804,0.02863781170099587
6,tweedie_direct_multilead_regression,reduced,1.2,0.3,5,0.18445372428834644,0.028204926151214345
6,tweedie_direct_multilead_regression,reduced,1.5,0.9,5,0.184460979200818,0.0287000786451044
6,tweedie_direct_multilead_regression,reduced,1.3,0.4,5,0.18448292988325615,0.02803243347522628
6,tweedie_direct_multilead_regression,reduced,1.1,0.2,5,0.18454461422839122,0.02779445627470052
6,tweedie_direct_multilead_regression,reduced,1.5,0.8,5,0.1845829572176128,0.028101196127645577
6,tweedie_direct_multilead_regression,reduced,1.5,0.78,5,0.18458935471255772,0.027932979356570624
6,tweedie_direct_multilead_regression,reduced,1.5,0.75,5,0.1846282450421695,0.027735740865644957
6,tweedie_direct_multilead_regression,reduced,1.5,0.73,5,0.18465523243247867,0.027601378374542282
6,tweedie_direct_multilead_regression,reduced,1.5,0.7,5,0.18469722778882275,0.027395013634258256
6,tweedie_direct_multilead_regression,reduced,1.3,0.3,5,0.18474695593123464,0.026715492405070426
6,tweedie_direct_multilead_regression,reduced,1.5,0.6,5,0.1848416809679972,0.0266763492518146
6,tweedie_direct_multilead_regression,reduced,1.2,0.2,5,0.18486376821077583,0.026392433273812015
6,tweedie_direct_multilead_regression,full,1.9,0.2,5,0.18494457067288947,0.035461149201915995
6,tweedie_direct_multilead_regression,full,1.7,0.1,5,0.1850762314127714,0.03546410345638879
6,tweedie_direct_multilead_regression,reduced,1.5,0.5,5,0.18508916722670016,0.025896697175770814
6,tweedie_direct_multilead_regression,reduced,1.7,1.0,5,0.18509991452835103,0.025994141655097006
6,tweedie_direct_multilead_regression,reduced,1.05,0.1,5,0.18512532535031415,0.025747724724193555
6,tweedie_direct_multilead_regression,reduced,1.3,0.2,5,0.18522809147171992,0.025381790301696832
6,tweedie_direct_multilead_regression,reduced,1.7,0.9,5,0.1852883034362316,0.02556313576581232
6,tweedie_direct_multilead_regression,reduced,1.1,0.1,5,0.18537154683348026,0.02528085844500164
6,tweedie_direct_multilead_regression,reduced,1.5,0.4,5,0.18543893381232884,0.025177739054740342
6,tweedie_direct_multilead_regression,reduced,1.7,0.8,5,0.1854698319227816,0.025187733984738895
6,tweedie_direct_multilead_regression,reduced,1.7,0.78,5,0.18551085277361176,0.02511876828658057
6,tweedie_direct_multilead_regression,reduced,1.7,0.75,5,0.18557576922652408,0.025021216889347896
6,tweedie_direct_multilead_regression,reduced,1.7,0.73,5,0.18562181379914683,0.02496089143190911
6,tweedie_direct_multilead_regression,reduced,1.7,0.7,5,0.1857041838157823,0.02487155507296928
6,tweedie_direct_multilead_regression,reduced,1.2,0.1,5,0.18577885837460323,0.025110341028169426
6,tweedie_direct_multilead_regression,reduced,1.5,0.3,5,0.18591649314107922,0.024744517756490083
6,tweedie_direct_multilead_regression,reduced,1.7,0.6,5,0.18597864717633777,0.02464523757834008
6,tweedie_direct_multilead_regression,reduced,1.7,0.5,5,0.18634528288498703,0.02455283102587087
6,tweedie_direct_multilead_regression,reduced,1.9,1.0,5,0.18635858488482243,0.024426393419262886
6,tweedie_direct_multilead_regression,reduced,1.9,0.9,5,0.1865984079719637,0.024448072072144614
6,tweedie_direct_multilead_regression,reduced,1.3,0.1,5,0.18685207647036486,0.025209443165547362
6,tweedie_direct_multilead_regression,full,1.1,0.01,5,0.1868563545413739,0.03780704946266907
6,tweedie_direct_multilead_regression,reduced,1.5,0.2,5,0.1868826899041503,0.025027173930635912
6,tweedie_direct_multilead_regression,reduced,1.9,0.8,5,0.1868947275558283,0.024570346634474067
6,tweedie_direct_multilead_regression,reduced,1.7,0.4,5,0.18689804758426765,0.02475660125050445
6,tweedie_direct_multilead_regression,reduced,1.9,0.78,5,0.18696219476908676,0.024609009866197656
6,tweedie_direct_multilead_regression,full,1.05,0.01,5,0.1870064427783556,0.03840821852247852
6,tweedie_direct_multilead_regression,reduced,1.9,0.75,5,0.18707009641801747,0.024678163695338318
6,tweedie_direct_multilead_regression,reduced,1.9,0.73,5,0.187147104231932,0.024732673068209896
6,tweedie_direct_multilead_regression,reduced,1.9,0.7,5,0.1872731271287011,0.024829322678365733
6,tweedie_direct_multilead_regression,full,1.9,0.1,5,0.1875460124599581,0.03605699680456934
6,tweedie_direct_multilead_regression,reduced,1.7,0.3,5,0.18776215741280292,0.02547353111093463
6,tweedie_direct_multilead_regression,reduced,1.9,0.6,5,0.18778900825207503,0.02528745199782561
6,tweedie_direct_multilead_regression,full,1.2,0.01,5,0.18800290912620532,0.03654938577229943
6,tweedie_direct_multilead_regression,reduced,1.9,0.5,5,0.18846039729452693,0.025925841517216705
6,tweedie_direct_multilead_regression,full,1.3,0.01,5,0.1886792904328376,0.035367349986490534
6,tweedie_direct_multilead_regression,reduced,1.7,0.2,5,0.18947253912907364,0.02709244560221318
6,tweedie_direct_multilead_regression,reduced,1.9,0.4,5,0.1894868937817294,0.026857238217604232
6,tweedie_direct_multilead_regression,reduced,1.5,0.1,5,0.18969370699954594,0.02757013963644978
6,tweedie_direct_multilead_regression,full,1.5,0.01,5,0.19083235639885948,0.03506688303549714
6,tweedie_direct_multilead_regression,reduced,1.9,0.3,5,0.19098883376333078,0.027799676136713965
6,tweedie_direct_multilead_regression,reduced,1.7,0.1,5,0.19360128975656926,0.028852988043593108
6,tweedie_direct_multilead_regression,reduced,1.9,0.2,5,0.1936222716450596,0.02879428823095879
6,tweedie_direct_multilead_regression,full,1.05,0.001,5,0.19373782646808463,0.03582697961843363
6,tweedie_direct_multilead_regression,full,1.7,0.01,5,0.19439444093129027,0.04046954130215803
6,tweedie_direct_multilead_regression,full,1.1,0.001,5,0.19490353732938512,0.03651027037772536
6,tweedie_direct_multilead_regression,reduced,1.1,0.01,5,0.1952087853147866,0.031085383900185476
6,tweedie_direct_multilead_regression,reduced,1.05,0.01,5,0.19569427905230857,0.034276788865043345
6,tweedie_direct_multilead_regression,full,1.2,0.001,5,0.1972190492984933,0.039027946480720034
6,tweedie_direct_multilead_regression,reduced,1.2,0.01,5,0.1975210521171304,0.029420212721350147
6,tweedie_direct_multilead_regression,full,1.3,0.001,5,0.19838760065148725,0.04103448932334108
6,tweedie_direct_multilead_regression,reduced,1.9,0.1,5,0.19971773988281033,0.02941432604409501
6,tweedie_direct_multilead_regression,reduced,1.3,0.01,5,0.2003328384390096,0.027691145165882447
6,tweedie_direct_multilead_regression,full,1.05,0.0,5,0.2038068630189759,0.04785790414867953
6,tweedie_direct_multilead_regression,full,1.1,0.0,5,0.20451835277742156,0.048740108694179676
6,tweedie_direct_multilead_regression,full,1.2,0.0,5,0.20559115814201,0.05015992858171207
6,tweedie_direct_multilead_regression,reduced,1.05,0.001,5,0.2082383058391541,0.026425832480305462
6,tweedie_direct_multilead_regression,reduced,1.5,0.01,5,0.20915930701450747,0.027434722907141915
6,tweedie_direct_multilead_regression,reduced,1.1,0.001,5,0.21385166028650643,0.02814093740056323
6,tweedie_direct_multilead_regression,full,1.9,0.01,5,0.21542110991212446,0.07776397617634333
6,tweedie_direct_multilead_regression,reduced,1.2,0.001,5,0.21753753761070227,0.03082913814821115
6,tweedie_direct_multilead_regression,reduced,1.05,0.0,5,0.2204008308952899,0.03187238385674136
6,tweedie_direct_multilead_regression,reduced,1.7,0.01,5,0.22072219693866804,0.031532867520972556
6,tweedie_direct_multilead_regression,reduced,1.1,0.0,5,0.2210433702429379,0.033138480740233886
6,tweedie_direct_multilead_regression,reduced,1.3,0.001,5,0.2263238676290415,0.042774731382837335
6,tweedie_direct_multilead_regression,reduced,1.9,0.01,5,0.23027038799088168,0.04033200826045914
6,tweedie_direct_multilead_regression,reduced,1.2,0.0,5,0.23055386711901407,0.048333390278835556
6,tweedie_direct_multilead_regression,full,1.3,0.0,5,0.24146089219606964,0.12800164038095
6,tweedie_direct_multilead_regression,reduced,1.5,0.001,5,0.24408938204143776,0.05357161673830566
6,tweedie_direct_multilead_regression,reduced,1.3,0.0,5,0.24516825755341412,0.05424491565746656
6,tweedie_direct_multilead_regression,full,1.5,0.001,5,0.24986134369942398,0.14939688887758842
6,tweedie_direct_multilead_regression,reduced,1.7,0.001,5,0.2607065155751029,0.06040928201468498
6,tweedie_direct_multilead_regression,reduced,1.5,0.0,5,0.28178325965377793,0.07835397201805137
6,tweedie_direct_multilead_regression,reduced,1.9,0.001,5,0.34478092867829313,0.20762820553472613
6,tweedie_direct_multilead_regression,full,1.7,0.001,5,0.3809263940927268,0.42729850370796596
6,tweedie_direct_multilead_regression,full,1.9,0.001,5,0.47376647580997655,0.6058940364960659
6,tweedie_direct_multilead_regression,reduced,1.9,0.0,5,0.531146582154457,0.6058921667620525
6,tweedie_direct_multilead_regression,reduced,1.7,0.0,5,0.5340420384195077,0.6055780338253707
6,tweedie_direct_multilead_regression,full,1.5,0.0,5,0.5479919600822288,0.8121343793728323
6,tweedie_direct_multilead_regression,full,1.7,0.0,5,0.5618104904564342,0.805852683400377
6,tweedie_direct_multilead_regression,full,1.9,0.0,5,0.6716263499482442,0.7827031067544411
7,tweedie_direct_multilead_regression,full,1.7,0.9,5,0.2653990893793319,0.03398195178769542
7,tweedie_direct_multilead_regression,full,1.7,1.0,5,0.2654257779175956,0.03372169014955345
7,tweedie_direct_multilead_regression,full,1.5,0.4,5,0.2654909937115766,0.03368256372189734
7,tweedie_direct_multilead_regression,full,1.2,0.1,5,0.26558222302466794,0.033539488447279935
7,tweedie_direct_multilead_regression,full,1.7,0.8,5,0.2656393241553397,0.034537526632725635
7,tweedie_direct_multilead_regression,full,1.3,0.2,5,0.2657819761015273,0.03319799960735439
7,tweedie_direct_multilead_regression,full,1.7,0.78,5,0.2657875121233427,0.034767504437142764
7,tweedie_direct_multilead_regression,full,1.5,0.5,5,0.2659106031027562,0.03352010729971805
7,tweedie_direct_multilead_regression,full,1.7,0.75,5,0.26600158058327733,0.03510795534404709
7,tweedie_direct_multilead_regression,full,1.7,0.73,5,0.2661881741353042,0.03540112339237733
7,tweedie_direct_multilead_regression,full,1.1,0.1,5,0.2663905227465829,0.03308309645492957
7,tweedie_direct_multilead_regression,full,1.7,0.7,5,0.2665442136348495,0.03588560033751266
7,tweedie_direct_multilead_regression,full,1.5,0.3,5,0.2666903111323582,0.03578567032397943
7,tweedie_direct_multilead_regression,full,1.5,0.6,5,0.26672854487924075,0.03367614428304179
7,tweedie_direct_multilead_regression,full,1.05,0.1,5,0.2673810982486753,0.03360471399822111
7,tweedie_direct_multilead_regression,full,1.5,0.7,5,0.2675278325256828,0.0339925997459545
7,tweedie_direct_multilead_regression,full,1.3,0.3,5,0.2676820993273146,0.033861654989717715
7,tweedie_direct_multilead_regression,full,1.5,0.73,5,0.2677793851216152,0.0340955941636121
7,tweedie_direct_multilead_regression,full,1.2,0.2,5,0.2679091384410489,0.033905198536577405
7,tweedie_direct_multilead_regression,full,1.5,0.75,5,0.2679474964788379,0.03416698179161351
7,tweedie_direct_multilead_regression,full,1.5,0.78,5,0.26823081807397264,0.034301296958518517
7,tweedie_direct_multilead_regression,full,1.7,0.6,5,0.2682514288548389,0.038454527544276126
7,tweedie_direct_multilead_regression,full,1.5,0.8,5,0.26839664340997615,0.034375261430864265
7,tweedie_direct_multilead_regression,reduced,1.5,0.5,5,0.26866196923518215,0.02657926984701658
7,tweedie_direct_multilead_regression,reduced,1.1,0.1,5,0.26881621614454576,0.02626988771056586
7,tweedie_direct_multilead_regression,reduced,1.3,0.2,5,0.26882962152086415,0.026883022892871068
7,tweedie_direct_multilead_regression,reduced,1.7,1.0,5,0.2688665937205096,0.02762814286045939
7,tweedie_direct_multilead_regression,reduced,1.5,0.6,5,0.2689132420734902,0.026294194315343508
7,tweedie_direct_multilead_regression,full,1.5,0.9,5,0.26923186938726196,0.03472256305969749
7,tweedie_direct_multilead_regression,full,1.3,0.1,5,0.269323411641465,0.03935284587842019
7,tweedie_direct_multilead_regression,reduced,1.5,0.7,5,0.2693902854758727,0.026364993656281772
7,tweedie_direct_multilead_regression,reduced,1.7,0.9,5,0.26947414549215926,0.028577492056984045
7,tweedie_direct_multilead_regression,reduced,1.3,0.3,5,0.26948989981226373,0.0262718318156963
7,tweedie_direct_multilead_regression,reduced,1.2,0.2,5,0.2695248849629187,0.02624803090565172
7,tweedie_direct_multilead_regression,reduced,1.5,0.4,5,0.26952936675773065,0.02823759219701726
7,tweedie_direct_multilead_regression,reduced,1.5,0.73,5,0.2695455784544182,0.026418292047018958
7,tweedie_direct_multilead_regression,full,1.3,0.4,5,0.26955276893832397,0.03458881783131929
7,tweedie_direct_multilead_regression,reduced,1.5,0.75,5,0.26964077881833337,0.026449668210080917
7,tweedie_direct_multilead_regression,reduced,1.05,0.1,5,0.26966280556567507,0.0258324378921974
7,tweedie_direct_multilead_regression,reduced,1.5,0.78,5,0.2697783153760498,0.02649817862836943
7,tweedie_direct_multilead_regression,reduced,1.5,0.8,5,0.2698733542426049,0.02653795906696808
7,tweedie_direct_multilead_regression,full,1.5,1.0,5,0.2700026905225047,0.03507981785833956
7,tweedie_direct_multilead_regression,reduced,1.2,0.1,5,0.27000329600345996,0.029153547006699188
7,tweedie_direct_multilead_regression,reduced,1.5,0.9,5,0.27034646833097875,0.026772650291570076
7,tweedie_direct_multilead_regression,reduced,1.7,0.8,5,0.2704331430652582,0.03016698762458246
7,tweedie_direct_multilead_regression,reduced,1.3,0.4,5,0.27059127360879875,0.02675976238825282
7,tweedie_direct_multilead_regression,full,1.2,0.3,5,0.2706132024633291,0.035114819821558
7,tweedie_direct_multilead_regression,reduced,1.7,0.78,5,0.2707147125157513,0.030624371189027194
7,tweedie_direct_multilead_regression,full,1.1,0.2,5,0.2707484499022531,0.0353736224987106
7,tweedie_direct_multilead_regression,reduced,1.5,1.0,5,0.27076336899136766,0.027006217181695026
7,tweedie_direct_multilead_regression,full,1.3,0.5,5,0.2711982414223955,0.03544755706775657
7,tweedie_direct_multilead_regression,reduced,1.7,0.75,5,0.27121654301747233,0.03143730662345874
7,tweedie_direct_multilead_regression,reduced,1.2,0.3,5,0.27134958474260185,0.0269967828292358
7,tweedie_direct_multilead_regression,reduced,1.1,0.2,5,0.2714515679691226,0.027005499128658027
7,tweedie_direct_multilead_regression,reduced,1.7,0.73,5,0.2716041041976359,0.03206982592602396
7,tweedie_direct_multilead_regression,reduced,1.3,0.5,5,0.27165960298203684,0.027481037288695432
7,tweedie_direct_multilead_regression,full,1.7,0.5,5,0.2718857276285902,0.04424074394173994
7,tweedie_direct_multilead_regression,full,1.05,0.2,5,0.27218998210262224,0.035890382835904136
7,tweedie_direct_multilead_regression,reduced,1.7,0.7,5,0.2722770685961271,0.03316987129902981
7,tweedie_direct_multilead_regression,reduced,1.05,0.2,5,0.2723422716567419,0.027697502204259487
7,tweedie_direct_multilead_regression,full,1.2,0.4,5,0.2724074629522798,0.035843242483765955
7,tweedie_direct_multilead_regression,full,1.3,0.6,5,0.27242223616645106,0.03598956524240513
7,tweedie_direct_multilead_regression,reduced,1.5,0.3,5,0.2725722673397978,0.03330383779931768
7,tweedie_direct_multilead_regression,reduced,1.3,0.6,5,0.2725913213399944,0.028029659178033316
7,tweedie_direct_multilead_regression,reduced,1.2,0.4,5,0.2726227693299781,0.028026634754253398
7,tweedie_direct_multilead_regression,full,1.5,0.2,5,0.2732028084820174,0.046085619842812654
7,tweedie_direct_multilead_regression,reduced,1.1,0.3,5,0.2732311548955343,0.0285218701448679
7,tweedie_direct_multilead_regression,reduced,1.3,0.7,5,0.2733536814882197,0.028705982936678552
7,tweedie_direct_multilead_regression,full,1.1,0.3,5,0.27338310582426023,0.03631217620503539
7,tweedie_direct_multilead_regression,full,1.3,0.7,5,0.2734136763714286,0.036457865751931294
7,tweedie_direct_multilead_regression,reduced,1.3,0.73,5,0.27354858924799536,0.028878046031930435
7,tweedie_direct_multilead_regression,reduced,1.3,0.75,5,0.2736734384604832,0.028987671905112016
7,tweedie_direct_multilead_regression,reduced,1.2,0.5,5,0.2736767802730638,0.02895612551031575
7,tweedie_direct_multilead_regression,full,1.3,0.73,5,0.27368463607718835,0.036568357350912725
7,tweedie_direct_multilead_regression,full,1.2,0.5,5,0.2738097258881694,0.03636580333081642
7,tweedie_direct_multilead_regression,reduced,1.3,0.78,5,0.2738537296319293,0.02914515633822273
7,tweedie_direct_multilead_regression,full,1.3,0.75,5,0.27385835023540306,0.03663704836092258
7,tweedie_direct_multilead_regression,reduced,1.3,0.8,5,0.2739692948309879,0.029245671076680854
7,tweedie_direct_multilead_regression,full,1.3,0.78,5,0.27414125822998464,0.03678449522987293
7,tweedie_direct_multilead_regression,full,1.3,0.8,5,0.27429589930377557,0.03684115273444314
7,tweedie_direct_multilead_regression,reduced,1.05,0.3,5,0.2743116905683725,0.029464440221226865
7,tweedie_direct_multilead_regression,reduced,1.3,0.9,5,0.27450185016818046,0.029711852594963582
7,tweedie_direct_multilead_regression,reduced,1.2,0.6,5,0.2745117852086433,0.029691261966640615
7,tweedie_direct_multilead_regression,full,1.05,0.3,5,0.2745474862822568,0.036753267375341514
7,tweedie_direct_multilead_regression,reduced,1.1,0.4,5,0.2746411251273789,0.0298115300428399
7,tweedie_direct_multilead_regression,full,1.2,0.6,5,0.27487271476434405,0.03676341529281554
7,tweedie_direct_multilead_regression,reduced,1.3,1.0,5,0.274962843264755,0.030119426525149047
7,tweedie_direct_multilead_regression,full,1.1,0.4,5,0.27498394570519874,0.036856973940214414
7,tweedie_direct_multilead_regression,full,1.3,0.9,5,0.2750050123810309,0.03701688807290547
7,tweedie_direct_multilead_regression,reduced,1.2,0.7,5,0.2752324238325398,0.03035639853142997
7,tweedie_direct_multilead_regression,reduced,1.7,0.6,5,0.275283317033136,0.03837369613637192
7,tweedie_direct_multilead_regression,full,1.3,1.0,5,0.2753343011185121,0.03684020533295655
7,tweedie_direct_multilead_regression,reduced,1.2,0.73,5,0.2753997508889462,0.030502764170137198
7,tweedie_direct_multilead_regression,reduced,1.05,0.4,5,0.27548439990124,0.030527224832761192
7,tweedie_direct_multilead_regression,reduced,1.2,0.75,5,0.2755058248123342,0.030595362671209284
7,tweedie_direct_multilead_regression,reduced,1.1,0.5,5,0.2755518495340993,0.030595666708844015
7,tweedie_direct_multilead_regression,reduced,1.2,0.78,5,0.27565796881086335,0.030727944890104157
7,tweedie_direct_multilead_regression,full,1.2,0.7,5,0.27566268326569443,0.036985992221135806
7,tweedie_direct_multilead_regression,reduced,1.2,0.8,5,0.27576803814263984,0.030824033484126472
7,tweedie_direct_multilead_regression,full,1.2,0.73,5,0.27586738493761537,0.03703897870376329
7,tweedie_direct_multilead_regression,full,1.1,0.5,5,0.2759289255441181,0.03728802052583339
7,tweedie_direct_multilead_regression,full,1.2,0.75,5,0.27599110887775313,0.03706828491339596
7,tweedie_direct_multilead_regression,full,1.2,0.78,5,0.27615599988844897,0.037126952839934675
7,tweedie_direct_multilead_regression,full,1.9,1.0,5,0.2761996934076391,0.052074020533744964
7,tweedie_direct_multilead_regression,reduced,1.2,0.9,5,0.2762160345656341,0.03119297199796454
7,tweedie_direct_multilead_regression,reduced,1.1,0.6,5,0.27623575761011604,0.031194057218184582
7,tweedie_direct_multilead_regression,full,1.2,0.8,5,0.2762665095108766,0.03714811002225606
7,tweedie_direct_multilead_regression,reduced,1.05,0.5,5,0.27632033638673487,0.031258612127262275
7,tweedie_direct_multilead_regression,full,1.05,0.4,5,0.2763634725601576,0.03808586330665656
7,tweedie_direct_multilead_regression,reduced,1.3,0.1,5,0.27648388806418406,0.0404930004005208
7,tweedie_direct_multilead_regression,reduced,1.2,1.0,5,0.2765960796123646,0.03151401923978876
7,tweedie_direct_multilead_regression,full,1.2,0.9,5,0.27675256397251247,0.03722036173388137
7,tweedie_direct_multilead_regression,reduced,1.1,0.7,5,0.2767871339478254,0.03165595491943908
7,tweedie_direct_multilead_regression,reduced,1.1,0.73,5,0.2769327343015264,0.03177376755249099
7,tweedie_direct_multilead_regression,reduced,1.05,0.6,5,0.2769650733177512,0.031792192363299755
7,tweedie_direct_multilead_regression,reduced,1.1,0.75,5,0.2770254921820024,0.03184785065675811
7,tweedie_direct_multilead_regression,full,1.1,0.6,5,0.2770460602926346,0.037882814654633716
7,tweedie_direct_multilead_regression,full,1.2,1.0,5,0.2770812841814737,0.037335759744249894
7,tweedie_direct_multilead_regression,full,1.05,0.5,5,0.2771226741063163,0.03785591645693344
7,tweedie_direct_multilead_regression,reduced,1.1,0.78,5,0.2771582823222196,0.0319531396030996
7,tweedie_direct_multilead_regression,reduced,1.1,0.8,5,0.27724286082208816,0.032019800000805135
7,tweedie_direct_multilead_regression,reduced,1.05,0.7,5,0.2774810028665652,0.032193742141415356
7,tweedie_direct_multilead_regression,full,1.1,0.7,5,0.27752227312674344,0.03771207529992164
7,tweedie_direct_multilead_regression,reduced,1.05,0.73,5,0.27761425467641726,0.032297838124897414
7,tweedie_direct_multilead_regression,reduced,1.1,0.9,5,0.27762357824762585,0.03231697228768054
7,tweedie_direct_multilead_regression,full,1.1,0.73,5,0.2776437797555939,0.03766387646386454
7,tweedie_direct_multilead_regression,full,1.05,0.6,5,0.27767138816393266,0.03765038802994201
7,tweedie_direct_multilead_regression,reduced,1.05,0.75,5,0.2776984859012671,0.03236323547477984
7,tweedie_direct_multilead_regression,full,1.1,0.75,5,0.27772018778377283,0.037632581167185354
7,tweedie_direct_multilead_regression,full,1.7,0.4,5,0.2777587282544431,0.054699690535211384
7,tweedie_direct_multilead_regression,reduced,1.05,0.78,5,0.2778184747152907,0.0324553860298873
7,tweedie_direct_multilead_regression,full,1.1,0.78,5,0.2778287734152711,0.037586848444815045
7,tweedie_direct_multilead_regression,reduced,1.05,0.8,5,0.2778944090093421,0.032513193746743434
7,tweedie_direct_multilead_regression,full,1.1,0.8,5,0.27789724536699045,0.037557135502377006
7,tweedie_direct_multilead_regression,reduced,1.1,1.0,5,0.27794677731052186,0.032558878444325236
7,tweedie_direct_multilead_regression,full,1.05,0.7,5,0.2780852843426397,0.03746886293840572
7,tweedie_direct_multilead_regression,full,1.05,0.73,5,0.27819025238865625,0.03741847665184326
7,tweedie_direct_multilead_regression,full,1.1,0.9,5,0.27819955707194666,0.03741672580416773
7,tweedie_direct_multilead_regression,reduced,1.05,0.9,5,0.27823347256148256,0.0327663434844769
7,tweedie_direct_multilead_regression,full,1.05,0.75,5,0.2782561446711064,0.037385784556819006
7,tweedie_direct_multilead_regression,full,1.05,0.78,5,0.27834986596551514,0.037338030265578664
7,tweedie_direct_multilead_regression,full,1.05,0.8,5,0.278409251869751,0.03730695268845835
7,tweedie_direct_multilead_regression,full,1.1,1.0,5,0.2784500405440108,0.037288125098936184
7,tweedie_direct_multilead_regression,reduced,1.05,1.0,5,0.278517194646881,0.03297329444917042
7,tweedie_direct_multilead_regression,full,1.05,0.9,5,0.2786707433016112,0.037160890519810655
7,tweedie_direct_multilead_regression,full,1.05,1.0,5,0.27892784022014705,0.03710144753349934
7,tweedie_direct_multilead_regression,reduced,1.7,0.5,5,0.2795055725435498,0.04634410364970634
7,tweedie_direct_multilead_regression,full,1.9,0.9,5,0.27973991934136705,0.058651747522331876
7,tweedie_direct_multilead_regression,reduced,1.5,0.2,5,0.2816074379491165,0.04995291521298611
7,tweedie_direct_multilead_regression,full,1.9,0.8,5,0.28439493657688625,0.06767388405569365
7,tweedie_direct_multilead_regression,reduced,1.9,1.0,5,0.2850246772844492,0.05738254665418571
7,tweedie_direct_multilead_regression,full,1.9,0.78,5,0.28533523610057543,0.06951434553815662
7,tweedie_direct_multilead_regression,full,1.9,0.75,5,0.2870820811706936,0.07299845722478437
7,tweedie_direct_multilead_regression,reduced,1.7,0.4,5,0.28714127343911905,0.061423710354530814
7,tweedie_direct_multilead_regression,full,1.9,0.73,5,0.28833284182892827,0.0754765953486811
7,tweedie_direct_multilead_regression,full,1.7,0.3,5,0.28880691361105887,0.07616806539375932
7,tweedie_direct_multilead_regression,reduced,1.9,0.9,5,0.2890353080473457,0.06553065154602573
7,tweedie_direct_multilead_regression,full,1.9,0.7,5,0.2902980983690365,0.07945856829726945
7,tweedie_direct_multilead_regression,reduced,1.9,0.8,5,0.2941791890882138,0.07611278153690072
7,tweedie_direct_multilead_regression,reduced,1.9,0.78,5,0.29543013386584854,0.07870013135249315
7,tweedie_direct_multilead_regression,full,1.05,0.01,5,0.2955583021492262,0.08535309813405882
7,tweedie_direct_multilead_regression,full,1.5,0.1,5,0.29715464115854495,0.09269603503752279
7,tweedie_direct_multilead_regression,reduced,1.9,0.75,5,0.29739900745749137,0.08278054345496044
7,tweedie_direct_multilead_regression,full,1.9,0.6,5,0.29793054002524816,0.09497186680567304
7,tweedie_direct_multilead_regression,reduced,1.9,0.73,5,0.29877769015444305,0.08564142031492436
7,tweedie_direct_multilead_regression,reduced,1.7,0.3,5,0.29968329798379006,0.0871456590122793
7,tweedie_direct_multilead_regression,reduced,1.9,0.7,5,0.30095324079440045,0.09016042554824143
7,tweedie_direct_multilead_regression,full,1.9,0.5,5,0.3077791815176987,0.11528427886584858
7,tweedie_direct_multilead_regression,full,1.1,0.01,5,0.30782614589477797,0.11077512957492669
7,tweedie_direct_multilead_regression,full,1.7,0.2,5,0.3087139659458306,0.11679450742285438
7,tweedie_direct_multilead_regression,reduced,1.9,0.6,5,0.3094244844096732,0.10775831872783721
7,tweedie_direct_multilead_regression,reduced,1.05,0.01,5,0.310326085676626,0.10622465522150773
7,tweedie_direct_multilead_regression,reduced,1.5,0.1,5,0.3107862289363853,0.10952295915773314
7,tweedie_direct_multilead_regression,reduced,1.1,0.01,5,0.3171007423125253,0.11722723442026234
7,tweedie_direct_multilead_regression,reduced,1.9,0.5,5,0.3204234617940814,0.13063642402785883
7,tweedie_direct_multilead_regression,full,1.9,0.4,5,0.3208637082977711,0.14248163087713758
7,tweedie_direct_multilead_regression,reduced,1.7,0.2,5,0.32179971595679135,0.13264650782774845
7,tweedie_direct_multilead_regression,reduced,1.9,0.4,5,0.3346646139357782,0.15996986231183277
7,tweedie_direct_multilead_regression,full,1.2,0.01,5,0.3362739825029891,0.1719220718360872
7,tweedie_direct_multilead_regression,full,1.9,0.3,5,0.3379815738329938,0.17796413638180875
7,tweedie_direct_multilead_regression,full,1.7,0.1,5,0.3489544518060791,0.19985988798697962
7,tweedie_direct_multilead_regression,reduced,1.9,0.3,5,0.3540248020392568,0.19949539841481145
7,tweedie_direct_multilead_regression,reduced,1.2,0.01,5,0.3562306637082571,0.19612676449765862
7,tweedie_direct_multilead_regression,full,1.9,0.2,5,0.3602762368798783,0.22341969824416877
7,tweedie_direct_multilead_regression,full,1.05,0.001,5,0.3637723854068706,0.2189118818171565
7,tweedie_direct_multilead_regression,reduced,1.7,0.1,5,0.3670116529782243,0.22388082851302257
7,tweedie_direct_multilead_regression,full,1.9,0.001,5,0.3722565203274515,0.16403350364007036
7,tweedie_direct_multilead_regression,full,1.3,0.01,5,0.37524427460844534,0.25125321098812453
7,tweedie_direct_multilead_regression,full,1.05,0.0,5,0.37784311364349615,0.23753997007136324
7,tweedie_direct_multilead_regression,reduced,1.9,0.2,5,0.3793965241894049,0.24904300768632595
7,tweedie_direct_multilead_regression,reduced,1.3,0.01,5,0.38055595444561774,0.2393526564509552
7,tweedie_direct_multilead_regression,full,1.7,0.001,5,0.38133794988750236,0.20186617116896458
7,tweedie_direct_multilead_regression,full,1.1,0.001,5,0.38181200247804375,0.25585553942052486
7,tweedie_direct_multilead_regression,full,1.9,0.1,5,0.39104948506340675,0.28324054947224403
7,tweedie_direct_multilead_regression,reduced,1.05,0.001,5,0.40182779300032767,0.26488461736576385
7,tweedie_direct_multilead_regression,full,1.5,0.01,5,0.4020584801958219,0.29980250760917126
7,tweedie_direct_multilead_regression,full,1.1,0.0,5,0.4088499160134617,0.30308138899664705
7,tweedie_direct_multilead_regression,reduced,1.1,0.001,5,0.41133434885971887,0.27433151413368667
7,tweedie_direct_multilead_regression,reduced,1.9,0.1,5,0.41569087904957847,0.3138934529140094
7,tweedie_direct_multilead_regression,full,1.7,0.01,5,0.42636941327897915,0.3413776450796013
7,tweedie_direct_multilead_regression,full,1.9,0.01,5,0.42688252780156527,0.32290706730781105
7,tweedie_direct_multilead_regression,reduced,1.2,0.001,5,0.42748953645383353,0.2997223425145972
7,tweedie_direct_multilead_regression,reduced,1.05,0.0,5,0.4286260459322097,0.2855618326208132
7,tweedie_direct_multilead_regression,full,1.2,0.001,5,0.42935087987331466,0.35578484174606756
7,tweedie_direct_multilead_regression,reduced,1.1,0.0,5,0.4307909406014344,0.29214599491662413
7,tweedie_direct_multilead_regression,full,1.5,0.0,5,0.4309017585959558,0.33353331134795483
7,tweedie_direct_multilead_regression,reduced,1.5,0.01,5,0.4361962907983786,0.34279655393347586
7,tweedie_direct_multilead_regression,full,1.5,0.001,5,0.4421028318717581,0.36351463469655676
7,tweedie_direct_multilead_regression,full,1.3,0.001,5,0.4422322560788314,0.3721353590706851
7,tweedie_direct_multilead_regression,full,1.2,0.0,5,0.44908218605138384,0.38076429052888044
7,tweedie_direct_multilead_regression,full,1.3,0.0,5,0.4582155113950135,0.3964914681503403
7,tweedie_direct_multilead_regression,reduced,1.2,0.0,5,0.46688227899402845,0.3609675142476112
7,tweedie_direct_multilead_regression,reduced,1.3,0.001,5,0.4708133438884592,0.3888851089916222
7,tweedie_direct_multilead_regression,reduced,1.7,0.01,5,0.4724661298996261,0.40020765374556916
7,tweedie_direct_multilead_regression,reduced,1.3,0.0,5,0.4858804108134273,0.40369126808821676
7,tweedie_direct_multilead_regression,reduced,1.9,0.01,5,0.4931436882445531,0.4237014177190165
7,tweedie_direct_multilead_regression,reduced,1.5,0.001,5,0.5140177430855865,0.46551081923292303
7,tweedie_direct_multilead_regression,reduced,1.7,0.001,5,0.526633647153335,0.4768342247409892
7,tweedie_direct_multilead_regression,reduced,1.5,0.0,5,0.5336075975521329,0.48916551667537644
7,tweedie_direct_multilead_regression,reduced,1.9,0.001,5,0.5429843375044728,0.5060715277427105
7,tweedie_direct_multilead_regression,reduced,1.7,0.0,5,0.5658263862705247,0.5562480326861954
7,tweedie_direct_multilead_regression,reduced,1.9,0.0,5,0.5732683554701469,0.5769814142057637
7,tweedie_direct_multilead_regression,full,1.7,0.0,5,0.6398670994815833,0.7583020442676478
7,tweedie_direct_multilead_regression,full,1.9,0.0,5,0.7312817781273798,0.7310201168093748
8,tweedie_direct_multilead_regression,reduced,1.7,1.0,5,0.22465308881770504,0.06737252856258936
8,tweedie_direct_multilead_regression,reduced,1.7,0.9,5,0.22476849570075236,0.06786382612753508
8,tweedie_direct_multilead_regression,reduced,1.7,0.8,5,0.22493914174579194,0.0685091534439313
8,tweedie_direct_multilead_regression,reduced,1.7,0.78,5,0.2249861850447664,0.06867009841031152
8,tweedie_direct_multilead_regression,reduced,1.7,0.75,5,0.22506497032785577,0.0689268611864227
8,tweedie_direct_multilead_regression,reduced,1.9,1.0,5,0.22509559012264954,0.07023694904475294
8,tweedie_direct_multilead_regression,reduced,1.7,0.73,5,0.22512212059446032,0.06911004361310089
8,tweedie_direct_multilead_regression,reduced,1.5,0.7,5,0.22514594334621152,0.06694236544311444
8,tweedie_direct_multilead_regression,reduced,1.5,0.73,5,0.22515973141244774,0.06680217885814138
8,tweedie_direct_multilead_regression,reduced,1.5,0.75,5,0.2251692147653035,0.06669558916005763
8,tweedie_direct_multilead_regression,reduced,1.5,0.78,5,0.22518232354036774,0.06656331531728785
8,tweedie_direct_multilead_regression,reduced,1.5,0.8,5,0.22518555035805216,0.0664982790603902
8,tweedie_direct_multilead_regression,reduced,1.7,0.7,5,0.22520730665788585,0.06941067829623505
8,tweedie_direct_multilead_regression,reduced,1.5,0.6,5,0.22524183360625422,0.06758911486062696
8,tweedie_direct_multilead_regression,reduced,1.5,0.9,5,0.22531782198072103,0.06616181872627849
8,tweedie_direct_multilead_regression,reduced,1.9,0.9,5,0.22537512500096274,0.07112422760070915
8,tweedie_direct_multilead_regression,reduced,1.5,1.0,5,0.22550215787244027,0.06593595976628586
8,tweedie_direct_multilead_regression,reduced,1.5,0.5,5,0.22550332299112458,0.06860283546046668
8,tweedie_direct_multilead_regression,reduced,1.7,0.6,5,0.22556103024887392,0.07059494143143781
8,tweedie_direct_multilead_regression,reduced,1.9,0.8,5,0.22571470771524144,0.07221202187294384
8,tweedie_direct_multilead_regression,reduced,1.9,0.78,5,0.2257902834567731,0.07245675865844405
8,tweedie_direct_multilead_regression,reduced,1.3,0.5,5,0.22587064561420603,0.06647004985859178
8,tweedie_direct_multilead_regression,reduced,1.3,0.4,5,0.22589961164841976,0.0673457906261559
8,tweedie_direct_multilead_regression,reduced,1.9,0.75,5,0.22590887508961716,0.07284421409873551
8,tweedie_direct_multilead_regression,reduced,1.9,0.73,5,0.22599146904732245,0.07311695921691821
8,tweedie_direct_multilead_regression,reduced,1.5,0.4,5,0.22602791364842528,0.07030251419968739
8,tweedie_direct_multilead_regression,reduced,1.7,0.5,5,0.22606423427443464,0.07220448344442866
8,tweedie_direct_multilead_regression,reduced,1.3,0.6,5,0.22608148999954242,0.06598882194586682
8,tweedie_direct_multilead_regression,reduced,1.9,0.7,5,0.2261213763693723,0.07354963240553154
8,tweedie_direct_multilead_regression,reduced,1.2,0.3,5,0.22619241865734532,0.06745275062427647
8,tweedie_direct_multilead_regression,reduced,1.2,0.4,5,0.22623536329184019,0.06632741486207773
8,tweedie_direct_multilead_regression,reduced,1.3,0.3,5,0.2262862920323514,0.06898083225421041
8,tweedie_direct_multilead_regression,reduced,1.3,0.7,5,0.2265972320345239,0.06568713601398667
8,tweedie_direct_multilead_regression,reduced,1.9,0.6,5,0.22659824444462506,0.07520522866856834
8,tweedie_direct_multilead_regression,reduced,1.1,0.3,5,0.22661553031334697,0.06640365812855661
8,tweedie_direct_multilead_regression,reduced,1.1,0.2,5,0.22662081459211775,0.06823621351771826
8,tweedie_direct_multilead_regression,reduced,1.05,0.2,5,0.22668760225684034,0.06758814624699053
8,tweedie_direct_multilead_regression,reduced,1.7,0.4,5,0.22673059193162337,0.07445215833052622
8,tweedie_direct_multilead_regression,reduced,1.3,0.73,5,0.2267405190805249,0.06562557385990217
8,tweedie_direct_multilead_regression,reduced,1.2,0.5,5,0.22675130929071258,0.06572471694395025
8,tweedie_direct_multilead_regression,reduced,1.3,0.75,5,0.22683881938341965,0.06558905092570214
8,tweedie_direct_multilead_regression,reduced,1.5,0.3,5,0.22691118344934927,0.07309794813796362
8,tweedie_direct_multilead_regression,reduced,1.3,0.78,5,0.22698992083515482,0.06554078213103103
8,tweedie_direct_multilead_regression,reduced,1.2,0.2,5,0.22703706523665432,0.0703002781511476
8,tweedie_direct_multilead_regression,reduced,1.05,0.3,5,0.22710992340676403,0.0659439609838714
8,tweedie_direct_multilead_regression,reduced,1.3,0.8,5,0.22711344543772446,0.06548201020827156
8,tweedie_direct_multilead_regression,reduced,1.9,0.5,5,0.22715506104024893,0.07727236474381016
8,tweedie_direct_multilead_regression,reduced,1.1,0.4,5,0.22735017143155956,0.06569951687984885
8,tweedie_direct_multilead_regression,reduced,1.2,0.6,5,0.22738774051262217,0.06545036644887624
8,tweedie_direct_multilead_regression,reduced,1.7,0.3,5,0.22757273842602851,0.07760019505767306
8,tweedie_direct_multilead_regression,reduced,1.3,0.9,5,0.2276467211887269,0.0653870473431802
8,tweedie_direct_multilead_regression,reduced,1.3,0.2,5,0.2276760685900964,0.0729517969005155
8,tweedie_direct_multilead_regression,reduced,1.05,0.4,5,0.22779079709610756,0.065278161586958
8,tweedie_direct_multilead_regression,reduced,1.9,0.4,5,0.22784739077930335,0.07986063879083173
8,tweedie_direct_multilead_regression,reduced,1.2,0.7,5,0.22797306583091492,0.06527144092105841
8,tweedie_direct_multilead_regression,reduced,1.1,0.5,5,0.22811186065288164,0.06521281446772739
8,tweedie_direct_multilead_regression,reduced,1.3,1.0,5,0.22812269998432164,0.0653158597028522
8,tweedie_direct_multilead_regression,reduced,1.2,0.73,5,0.228196634646677,0.06526802826145177
8,tweedie_direct_multilead_regression,reduced,1.2,0.75,5,0.22834488907077533,0.0652691518032238
8,tweedie_direct_multilead_regression,reduced,1.5,0.2,5,0.2283715587426088,0.0779049172519113
8,tweedie_direct_multilead_regression,reduced,1.2,0.78,5,0.22863721413109106,0.06539650087612131
8,tweedie_direct_multilead_regression,reduced,1.05,0.1,5,0.22873005156145715,0.07391655080972438
8,tweedie_direct_multilead_regression,reduced,1.2,0.8,5,0.2287846880575331,0.06540507044650254
8,tweedie_direct_multilead_regression,reduced,1.1,0.1,5,0.2289475404106509,0.0754987694932113
8,tweedie_direct_multilead_regression,reduced,1.05,0.5,5,0.22895352881339415,0.06523841886608499
8,tweedie_direct_multilead_regression,reduced,1.1,0.6,5,0.22911352782191763,0.06522877596350911
8,tweedie_direct_multilead_regression,reduced,1.7,0.2,5,0.2291621896628516,0.083116511942898
8,tweedie_direct_multilead_regression,reduced,1.9,0.3,5,0.2292359418589327,0.08428314764521731
8,tweedie_direct_multilead_regression,reduced,1.2,0.1,5,0.22947488336601687,0.07810063980586894
8,tweedie_direct_multilead_regression,reduced,1.2,0.9,5,0.22957774830482675,0.06542342463047016
8,tweedie_direct_multilead_regression,reduced,1.3,0.1,5,0.22959471477501384,0.08076119759798524
8,tweedie_direct_multilead_regression,reduced,1.05,0.6,5,0.23004339289642645,0.06535237046141489
8,tweedie_direct_multilead_regression,reduced,1.1,0.7,5,0.23005030305977114,0.06534356349153761
8,tweedie_direct_multilead_regression,reduced,1.2,1.0,5,0.23028719224213284,0.06556728135673567
8,tweedie_direct_multilead_regression,reduced,1.1,0.73,5,0.23032124697811765,0.06539045957038742
8,tweedie_direct_multilead_regression,reduced,1.1,0.75,5,0.23049925348999448,0.06542461203965365
8,tweedie_direct_multilead_regression,reduced,1.5,0.1,5,0.23063985765362616,0.08672192777473683
8,tweedie_direct_multilead_regression,reduced,1.1,0.78,5,0.2307625251663432,0.0654794327627503
8,tweedie_direct_multilead_regression,reduced,1.1,0.8,5,0.23093502297816135,0.0655176999971016
8,tweedie_direct_multilead_regression,reduced,1.9,0.2,5,0.23101418727482806,0.08991848179605669
8,tweedie_direct_multilead_regression,reduced,1.05,0.7,5,0.23107344432713658,0.06552225791079055
8,tweedie_direct_multilead_regression,reduced,1.05,0.73,5,0.23136385182501767,0.06559532296587751
8,tweedie_direct_multilead_regression,reduced,1.05,0.75,5,0.23155402203464162,0.06564686661987587
8,tweedie_direct_multilead_regression,reduced,1.1,0.9,5,0.23177887583302867,0.06571862285227668
8,tweedie_direct_multilead_regression,reduced,1.05,0.78,5,0.23186163790974437,0.06577968408944355
8,tweedie_direct_multilead_regression,reduced,1.05,0.8,5,0.23204079778558673,0.06583071386625966
8,tweedie_direct_multilead_regression,reduced,1.7,0.1,5,0.23242783781217974,0.09348576568950985
8,tweedie_direct_multilead_regression,reduced,1.1,1.0,5,0.2325675498545788,0.0660098342079004
8,tweedie_direct_multilead_regression,reduced,1.05,0.9,5,0.23288632033664974,0.06609281255042063
8,tweedie_direct_multilead_regression,reduced,1.05,1.0,5,0.23365151770714396,0.06634369909339403
8,tweedie_direct_multilead_regression,reduced,1.1,0.01,5,0.23502440288497467,0.09889242952067416
8,tweedie_direct_multilead_regression,reduced,1.9,0.1,5,0.2351918672223828,0.10028195228812571
8,tweedie_direct_multilead_regression,full,1.1,1.0,5,0.2354386820980341,0.07579989592434198
8,tweedie_direct_multilead_regression,full,1.2,1.0,5,0.23544258220720807,0.0755198167240952
8,tweedie_direct_multilead_regression,full,1.1,0.9,5,0.23556753148975962,0.0755663213026978
8,tweedie_direct_multilead_regression,full,1.05,0.9,5,0.23559704320239794,0.07579083148878653
8,tweedie_direct_multilead_regression,full,1.1,0.78,5,0.23571840664312477,0.07567177126619325
8,tweedie_direct_multilead_regression,full,1.05,0.8,5,0.23571938155846128,0.07561340521806571
8,tweedie_direct_multilead_regression,full,1.05,0.78,5,0.2357455750883238,0.0756155610173598
8,tweedie_direct_multilead_regression,full,1.05,1.0,5,0.23577256498831653,0.07566907824273943
8,tweedie_direct_multilead_regression,full,1.1,0.8,5,0.2357756060526642,0.07555061442238221
8,tweedie_direct_multilead_regression,full,1.2,0.9,5,0.23579527259306446,0.07580615839442308
8,tweedie_direct_multilead_regression,full,1.05,0.75,5,0.23579963834270368,0.07561183636057552
8,tweedie_direct_multilead_regression,full,1.1,0.75,5,0.23582600446569887,0.07569415871770005
8,tweedie_direct_multilead_regression,full,1.05,0.7,5,0.2358501581383902,0.07567052728326658
8,tweedie_direct_multilead_regression,full,1.05,0.73,5,0.23585157347156152,0.07559944934369847
8,tweedie_direct_multilead_regression,full,1.1,0.73,5,0.23591240402328859,0.07571938160935389
8,tweedie_direct_multilead_regression,full,1.1,0.7,5,0.2360607258699472,0.07576670151002962
8,tweedie_direct_multilead_regression,full,1.2,0.8,5,0.2360649323422193,0.07552001866925145
8,tweedie_direct_multilead_regression,full,1.2,0.78,5,0.23616512449390795,0.07552916743101638
8,tweedie_direct_multilead_regression,full,1.3,1.0,5,0.23617487871721593,0.07567091880066754
8,tweedie_direct_multilead_regression,full,1.05,0.6,5,0.23627469888712316,0.07560996502413134
8,tweedie_direct_multilead_regression,full,1.2,0.75,5,0.23632588047202333,0.07554044479779416
8,tweedie_direct_multilead_regression,full,1.2,0.73,5,0.23644122627550218,0.07554577742550458
8,tweedie_direct_multilead_regression,full,1.1,0.6,5,0.236533393470239,0.07548503473838838
8,tweedie_direct_multilead_regression,reduced,1.05,0.001,5,0.23654810201300241,0.09985026541695245
8,tweedie_direct_multilead_regression,full,1.3,0.9,5,0.23658113903140995,0.07567483692600967
8,tweedie_direct_multilead_regression,full,1.05,0.5,5,0.23658881775056995,0.07553203495220287
8,tweedie_direct_multilead_regression,reduced,1.05,0.01,5,0.23662795007240528,0.10176751689773189
8,tweedie_direct_multilead_regression,full,1.2,0.7,5,0.2366296521562452,0.07554916219364657
8,tweedie_direct_multilead_regression,full,1.1,0.5,5,0.23690471600976265,0.07567227899319924
8,tweedie_direct_multilead_regression,full,1.3,0.8,5,0.23699915569201266,0.07556327686804101
8,tweedie_direct_multilead_regression,full,1.3,0.78,5,0.23712857104234875,0.07555317002670751
8,tweedie_direct_multilead_regression,full,1.2,0.6,5,0.23732885552850083,0.07564390467913991
8,tweedie_direct_multilead_regression,reduced,1.05,0.0,5,0.2373881375162475,0.09988769564159641
8,tweedie_direct_multilead_regression,full,1.3,0.75,5,0.2373996913948199,0.07547476664312514
8,tweedie_direct_multilead_regression,full,1.05,0.4,5,0.23749845414042842,0.07544613229999328
8,tweedie_direct_multilead_regression,full,1.3,0.73,5,0.23754579962836467,0.07546976689374643
8,tweedie_direct_multilead_regression,full,1.3,0.7,5,0.2377819391194474,0.07546354228514825
8,tweedie_direct_multilead_regression,full,1.1,0.4,5,0.23799080897258906,0.0756826131163715
8,tweedie_direct_multilead_regression,full,1.2,0.5,5,0.23815736191097797,0.07549566609136299
8,tweedie_direct_multilead_regression,full,1.3,0.6,5,0.23862236844099466,0.07534605180214825
8,tweedie_direct_multilead_regression,full,1.5,1.0,5,0.23875578983498472,0.07510498204482075
8,tweedie_direct_multilead_regression,full,1.05,0.3,5,0.23898552629838304,0.07565857735168471
8,tweedie_direct_multilead_regression,reduced,1.2,0.01,5,0.23946855050793733,0.10887035336334255
8,tweedie_direct_multilead_regression,full,1.5,0.9,5,0.2395977676044117,0.0750647662807406
8,tweedie_direct_multilead_regression,full,1.2,0.4,5,0.23977255261146563,0.0755770901848057
8,tweedie_direct_multilead_regression,full,1.1,0.3,5,0.2399513838430892,0.07548870091011149
8,tweedie_direct_multilead_regression,full,1.3,0.5,5,0.24004279496730202,0.07547346683409059
8,tweedie_direct_multilead_regression,full,1.5,0.8,5,0.24056380004240463,0.07511801016845861
8,tweedie_direct_multilead_regression,full,1.5,0.78,5,0.24080801627169954,0.07513471764455908
8,tweedie_direct_multilead_regression,full,1.5,0.75,5,0.2411952357393715,0.07515690202196228
8,tweedie_direct_multilead_regression,reduced,1.3,0.01,5,0.24134493306154056,0.11351332287193165
8,tweedie_direct_multilead_regression,full,1.5,0.73,5,0.24146933984917754,0.07518165711375739
8,tweedie_direct_multilead_regression,full,1.5,0.7,5,0.24191266202391742,0.07523071931866995
8,tweedie_direct_multilead_regression,full,1.2,0.3,5,0.24218401693966776,0.0759358693841399
8,tweedie_direct_multilead_regression,full,1.3,0.4,5,0.24225183660773014,0.07557016496468064
8,tweedie_direct_multilead_regression,full,1.05,0.2,5,0.24269524449582267,0.07604760827978056
8,tweedie_direct_multilead_regression,full,1.5,0.6,5,0.24366016368576532,0.07541346787451798
8,tweedie_direct_multilead_regression,full,1.7,1.0,5,0.24377433172960808,0.07507338593718499
8,tweedie_direct_multilead_regression,full,1.1,0.2,5,0.24394315084786866,0.0761740824338186
8,tweedie_direct_multilead_regression,reduced,1.5,0.01,5,0.24450419287381156,0.11824858459251719
8,tweedie_direct_multilead_regression,full,1.7,0.9,5,0.24510388516818726,0.07538175414655475
8,tweedie_direct_multilead_regression,full,1.3,0.3,5,0.24572721787199509,0.07637130760902115
8,tweedie_direct_multilead_regression,full,1.5,0.5,5,0.24581108824933467,0.07584986996784202
8,tweedie_direct_multilead_regression,full,1.7,0.8,5,0.2466234909863431,0.07572668129363502
8,tweedie_direct_multilead_regression,full,1.7,0.78,5,0.24697907306878647,0.07579993131312382
8,tweedie_direct_multilead_regression,full,1.7,0.75,5,0.24752310246123738,0.07594009734015593
8,tweedie_direct_multilead_regression,full,1.2,0.2,5,0.24763652363351704,0.07717422043676961
8,tweedie_direct_multilead_regression,full,1.7,0.73,5,0.24790502515574736,0.07604025787495511
8,tweedie_direct_multilead_regression,full,1.7,0.7,5,0.24851467525273208,0.0762761855687024
8,tweedie_direct_multilead_regression,full,1.5,0.4,5,0.2487996407355435,0.07675876672489694
8,tweedie_direct_multilead_regression,full,1.7,0.6,5,0.2507146401900794,0.07701116849496474
8,tweedie_direct_multilead_regression,full,1.9,1.0,5,0.2510513067424004,0.07670861373159928
8,tweedie_direct_multilead_regression,full,1.3,0.2,5,0.2515889534823598,0.07824363022749602
8,tweedie_direct_multilead_regression,full,1.05,0.1,5,0.25226100816256963,0.07956385722678032
8,tweedie_direct_multilead_regression,full,1.9,0.9,5,0.2525207903824586,0.07720927356467086
8,tweedie_direct_multilead_regression,full,1.5,0.3,5,0.2529984855745064,0.07826193906577954
8,tweedie_direct_multilead_regression,full,1.7,0.5,5,0.2532908917544801,0.07805863513299621
8,tweedie_direct_multilead_regression,full,1.9,0.8,5,0.25438174545503334,0.07806079942237908
8,tweedie_direct_multilead_regression,full,1.1,0.1,5,0.25466095828980473,0.08056478298344691
8,tweedie_direct_multilead_regression,full,1.9,0.78,5,0.2547004750694638,0.07813696351267968
8,tweedie_direct_multilead_regression,reduced,1.7,0.01,5,0.25494656911625285,0.1368529354229295
8,tweedie_direct_multilead_regression,full,1.9,0.75,5,0.25525909584477446,0.07836644126112734
8,tweedie_direct_multilead_regression,full,1.9,0.73,5,0.2556535926262099,0.07853527508898825
8,tweedie_direct_multilead_regression,reduced,1.1,0.001,5,0.2558987463373845,0.13890307047270634
8,tweedie_direct_multilead_regression,full,1.9,0.7,5,0.25628423860459804,0.07880379475523192
8,tweedie_direct_multilead_regression,full,1.7,0.4,5,0.25659156208528855,0.07943980374510735
8,tweedie_direct_multilead_regression,full,1.9,0.6,5,0.2586726460503146,0.08003916477402578
8,tweedie_direct_multilead_regression,full,1.2,0.1,5,0.25874009996895647,0.08275697156503604
8,tweedie_direct_multilead_regression,full,1.5,0.2,5,0.25898603905792406,0.0811413169697956
8,tweedie_direct_multilead_regression,reduced,1.2,0.001,5,0.2590823026995399,0.14692558932778624
8,tweedie_direct_multilead_regression,full,1.7,0.3,5,0.2609638450966935,0.08167487521755604
8,tweedie_direct_multilead_regression,full,1.9,0.5,5,0.2615672060334146,0.08171185904206987
8,tweedie_direct_multilead_regression,full,1.3,0.1,5,0.26202763237544285,0.08349535481166752
8,tweedie_direct_multilead_regression,reduced,1.3,0.001,5,0.26301812013570497,0.15022101264241797
8,tweedie_direct_multilead_regression,full,1.9,0.4,5,0.26538387551819076,0.08420513998596142
8,tweedie_direct_multilead_regression,reduced,1.1,0.0,5,0.2658423139526437,0.1619056752247021
8,tweedie_direct_multilead_regression,reduced,1.9,0.01,5,0.2667556394029479,0.1615736837601418
8,tweedie_direct_multilead_regression,reduced,1.2,0.0,5,0.2677834722451019,0.16265644461619083
8,tweedie_direct_multilead_regression,full,1.7,0.2,5,0.26807361500623916,0.08664912422491289
8,tweedie_direct_multilead_regression,full,1.5,0.1,5,0.2699533222453222,0.0879729715408158
8,tweedie_direct_multilead_regression,full,1.9,0.3,5,0.2702551030146906,0.0877036156395939
8,tweedie_direct_multilead_regression,full,1.9,0.2,5,0.2770190513041058,0.09300581284786522
8,tweedie_direct_multilead_regression,full,1.1,0.01,5,0.28018124419406637,0.09214136011440556
8,tweedie_direct_multilead_regression,full,1.7,0.1,5,0.2802534508420595,0.09672471414555747
8,tweedie_direct_multilead_regression,full,1.05,0.01,5,0.2814397697042259,0.09568566823861267
8,tweedie_direct_multilead_regression,reduced,1.5,0.001,5,0.2827045590397129,0.1893023881368574
8,tweedie_direct_multilead_regression,full,1.2,0.01,5,0.2872512909322356,0.09805148027253316
8,tweedie_direct_multilead_regression,full,1.9,0.1,5,0.28952086349853057,0.10516359675139625
8,tweedie_direct_multilead_regression,full,1.05,0.001,5,0.292141311477036,0.09440579612459749
8,tweedie_direct_multilead_regression,full,1.05,0.0,5,0.29295402250532193,0.09425218105806954
8,tweedie_direct_multilead_regression,full,1.3,0.01,5,0.302760033077724,0.12416362119112179
8,tweedie_direct_multilead_regression,reduced,1.3,0.0,5,0.3080306123935243,0.2351322580653493
8,tweedie_direct_multilead_regression,reduced,1.5,0.0,5,0.31477028062105994,0.25406246342882743
8,tweedie_direct_multilead_regression,full,1.5,0.01,5,0.31512425369630026,0.1410487023880294
8,tweedie_direct_multilead_regression,full,1.7,0.01,5,0.33427285046564387,0.16796993837197782
8,tweedie_direct_multilead_regression,full,1.1,0.001,5,0.33843639076918397,0.1846432621493605
8,tweedie_direct_multilead_regression,reduced,1.7,0.001,5,0.3395293222035305,0.3144455094452867
8,tweedie_direct_multilead_regression,full,1.2,0.001,5,0.3433066433978967,0.1937485529652147
8,tweedie_direct_multilead_regression,full,1.3,0.001,5,0.3522613130094614,0.21148421431209208
8,tweedie_direct_multilead_regression,full,1.9,0.01,5,0.3563422720481486,0.2104040688275123
8,tweedie_direct_multilead_regression,full,1.1,0.0,5,0.36412039325025647,0.23429436476195428
8,tweedie_direct_multilead_regression,full,1.2,0.0,5,0.36884975410481213,0.24671929595210443
8,tweedie_direct_multilead_regression,full,1.3,0.0,5,0.37589706768007725,0.26183419759081866
8,tweedie_direct_multilead_regression,full,1.5,0.001,5,0.38120012783324675,0.25129261060581015
8,tweedie_direct_multilead_regression,reduced,1.9,0.001,5,0.3841733034542479,0.4122314438539347
8,tweedie_direct_multilead_regression,full,1.5,0.0,5,0.41849121761378516,0.3215369453678576
8,tweedie_direct_multilead_regression,full,1.7,0.001,5,0.42586626473091976,0.35514248702956863
8,tweedie_direct_multilead_regression,full,1.9,0.001,5,0.44874321789113036,0.4116756518624014
8,tweedie_direct_multilead_regression,reduced,1.7,0.0,5,0.485655779679736,0.6331443945506745
8,tweedie_direct_multilead_regression,reduced,1.9,0.0,5,0.4956855864115708,0.6542985789340682
8,tweedie_direct_multilead_regression,full,1.7,0.0,5,0.5180150798750015,0.5576704659504642
8,tweedie_direct_multilead_regression,full,1.9,0.0,5,0.6138032709748356,0.7754839059529031
9,tweedie_direct_multilead_regression,reduced,1.9,0.9,5,0.2134860852717923,0.06867072338617979
9,tweedie_direct_multilead_regression,reduced,1.9,1.0,5,0.21351273777405644,0.06863355033778748
9,tweedie_direct_multilead_regression,reduced,1.9,0.8,5,0.2135259619343787,0.06873163201668472
9,tweedie_direct_multilead_regression,reduced,1.9,0.78,5,0.21354406116144675,0.06873931143676247
9,tweedie_direct_multilead_regression,reduced,1.9,0.75,5,0.2135812803153875,0.06875355482962825
9,tweedie_direct_multilead_regression,reduced,1.9,0.73,5,0.21361225595318176,0.06876428144994837
9,tweedie_direct_multilead_regression,reduced,1.9,0.7,5,0.2136696553148043,0.06878041648760337
9,tweedie_direct_multilead_regression,reduced,1.7,0.5,5,0.21369490506218908,0.06896771257903406
9,tweedie_direct_multilead_regression,reduced,1.7,0.4,5,0.21376421477889362,0.06906400366047667
9,tweedie_direct_multilead_regression,reduced,1.7,0.6,5,0.2138209629945514,0.06892290054719395
9,tweedie_direct_multilead_regression,reduced,1.9,0.6,5,0.21396628750378816,0.06882355554008672
9,tweedie_direct_multilead_regression,reduced,1.5,0.3,5,0.21402067674300898,0.06920798452779722
9,tweedie_direct_multilead_regression,reduced,1.7,0.7,5,0.2140459200062445,0.06885261750484271
9,tweedie_direct_multilead_regression,reduced,1.1,0.1,5,0.21407820342060196,0.06962100082503525
9,tweedie_direct_multilead_regression,reduced,1.7,0.73,5,0.21409627205062126,0.06883698207114075
9,tweedie_direct_multilead_regression,reduced,1.7,0.75,5,0.2141282590784915,0.06882556054505873
9,tweedie_direct_multilead_regression,reduced,1.5,0.2,5,0.21413299591917928,0.06949207054305714
9,tweedie_direct_multilead_regression,reduced,1.7,0.78,5,0.2141702677460693,0.06880946725274723
9,tweedie_direct_multilead_regression,reduced,1.7,0.8,5,0.21420551819972933,0.06879386835039372
9,tweedie_direct_multilead_regression,reduced,1.2,0.1,5,0.21421678120009519,0.07022246276913123
9,tweedie_direct_multilead_regression,reduced,1.5,0.4,5,0.2143367069482433,0.06905088818167374
9,tweedie_direct_multilead_regression,reduced,1.7,0.3,5,0.2143576417383734,0.0692403393741151
9,tweedie_direct_multilead_regression,reduced,1.7,0.9,5,0.2143690522834794,0.06870669165286715
9,tweedie_direct_multilead_regression,reduced,1.9,0.5,5,0.21447081841224355,0.0688059676486151
9,tweedie_direct_multilead_regression,reduced,1.3,0.1,5,0.2145116785760171,0.07018094178541756
9,tweedie_direct_multilead_regression,reduced,1.05,0.1,5,0.21451376729482335,0.06955393469441432
9,tweedie_direct_multilead_regression,reduced,1.7,1.0,5,0.21452911405619698,0.06863390695265688
9,tweedie_direct_multilead_regression,reduced,1.3,0.2,5,0.21454984831191365,0.06945864820828164
9,tweedie_direct_multilead_regression,reduced,1.5,0.5,5,0.21457054104489828,0.06883413530600169
9,tweedie_direct_multilead_regression,reduced,1.5,0.6,5,0.21484522159941055,0.06858481074700003
9,tweedie_direct_multilead_regression,reduced,1.2,0.2,5,0.2151050609068102,0.06946643584826927
9,tweedie_direct_multilead_regression,reduced,1.3,0.3,5,0.21510736043376685,0.06907339299231599
9,tweedie_direct_multilead_regression,reduced,1.5,0.7,5,0.21524732906803293,0.06868850814475254
9,tweedie_direct_multilead_regression,reduced,1.5,0.73,5,0.21533251707118,0.06864466651586212
9,tweedie_direct_multilead_regression,reduced,1.5,0.75,5,0.2153879076443645,0.06861613225901517
9,tweedie_direct_multilead_regression,reduced,1.9,0.4,5,0.21542479678759294,0.06884131352667217
9,tweedie_direct_multilead_regression,reduced,1.5,0.8,5,0.21545276265299168,0.06842253338188557
9,tweedie_direct_multilead_regression,reduced,1.5,0.78,5,0.21546880145721206,0.06857435931694125
9,tweedie_direct_multilead_regression,reduced,1.5,0.9,5,0.215709022142795,0.06830394574295905
9,tweedie_direct_multilead_regression,reduced,1.3,0.4,5,0.21571619508924017,0.06889696026759251
9,tweedie_direct_multilead_regression,reduced,1.1,0.2,5,0.21580300880180445,0.06914079459692793
9,tweedie_direct_multilead_regression,reduced,1.2,0.3,5,0.21586731060163444,0.0689993722332566
9,tweedie_direct_multilead_regression,reduced,1.7,0.2,5,0.2158808998144221,0.06918653817762661
9,tweedie_direct_multilead_regression,reduced,1.5,1.0,5,0.21595105278993404,0.06818303245746603
9,tweedie_direct_multilead_regression,reduced,1.3,0.5,5,0.21616322565317397,0.0686340150345579
9,tweedie_direct_multilead_regression,reduced,1.5,0.1,5,0.21641036254664203,0.06953381667282975
9,tweedie_direct_multilead_regression,reduced,1.2,0.4,5,0.21645361034468497,0.06861980430067105
9,tweedie_direct_multilead_regression,reduced,1.05,0.2,5,0.21654401230119769,0.06939781742575765
9,tweedie_direct_multilead_regression,reduced,1.3,0.6,5,0.21657187621519663,0.068388961346871
9,tweedie_direct_multilead_regression,reduced,1.1,0.3,5,0.21690648425049996,0.0689158941564762
9,tweedie_direct_multilead_regression,reduced,1.3,0.7,5,0.216937152702047,0.06814896619097552
9,tweedie_direct_multilead_regression,reduced,1.2,0.5,5,0.21699275082369174,0.0683186084025812
9,tweedie_direct_multilead_regression,reduced,1.3,0.73,5,0.21704425931425425,0.06807833028109053
9,tweedie_direct_multilead_regression,reduced,1.3,0.75,5,0.21711417602044084,0.06803168103318182
9,tweedie_direct_multilead_regression,reduced,1.9,0.3,5,0.21715629390991276,0.06897719670878133
9,tweedie_direct_multilead_regression,reduced,1.3,0.78,5,0.21721572253942853,0.06796218244998033
9,tweedie_direct_multilead_regression,reduced,1.3,0.8,5,0.21722899780958588,0.06791622692498682
9,tweedie_direct_multilead_regression,reduced,1.05,0.3,5,0.21735004994962095,0.06869749026824537
9,tweedie_direct_multilead_regression,reduced,1.2,0.6,5,0.21753203482835595,0.06803824253730602
9,tweedie_direct_multilead_regression,reduced,1.3,0.9,5,0.2175373076431634,0.06768528112701691
9,tweedie_direct_multilead_regression,reduced,1.1,0.4,5,0.2175575677750589,0.06839036677580619
9,tweedie_direct_multilead_regression,reduced,1.3,1.0,5,0.21781413368702807,0.06746093204667232
9,tweedie_direct_multilead_regression,reduced,1.2,0.7,5,0.2178865767936978,0.06772658356725916
9,tweedie_direct_multilead_regression,reduced,1.05,0.4,5,0.21798524272550165,0.06811480033216076
9,tweedie_direct_multilead_regression,reduced,1.2,0.73,5,0.21800183799333978,0.06762415363431523
9,tweedie_direct_multilead_regression,reduced,1.2,0.75,5,0.2180667168727656,0.06756445726547965
9,tweedie_direct_multilead_regression,reduced,1.1,0.5,5,0.21812728923090038,0.0679188105424093
9,tweedie_direct_multilead_regression,reduced,1.2,0.78,5,0.21816037736549143,0.06747652036821634
9,tweedie_direct_multilead_regression,reduced,1.2,0.8,5,0.21825112368279456,0.06747015684343803
9,tweedie_direct_multilead_regression,reduced,1.05,0.5,5,0.2184776196841373,0.0676089337690507
9,tweedie_direct_multilead_regression,reduced,1.1,0.6,5,0.21852061357580443,0.06750909530033221
9,tweedie_direct_multilead_regression,reduced,1.2,0.9,5,0.21855502156581497,0.06720379333046025
9,tweedie_direct_multilead_regression,reduced,1.2,1.0,5,0.2187628889664499,0.06693777657746361
9,tweedie_direct_multilead_regression,reduced,1.1,0.7,5,0.21884484580704275,0.06713646818316617
9,tweedie_direct_multilead_regression,reduced,1.05,0.6,5,0.21892790294910697,0.06717015517680268
9,tweedie_direct_multilead_regression,reduced,1.1,0.73,5,0.21893337027280727,0.067032427324449
9,tweedie_direct_multilead_regression,reduced,1.1,0.75,5,0.218990486213539,0.06696515914348167
9,tweedie_direct_multilead_regression,reduced,1.1,0.78,5,0.2190738097195108,0.06686715111484352
9,tweedie_direct_multilead_regression,reduced,1.1,0.8,5,0.21912798540994274,0.06680332378127787
9,tweedie_direct_multilead_regression,reduced,1.05,0.7,5,0.21922890148734836,0.06677706507527778
9,tweedie_direct_multilead_regression,reduced,1.05,0.73,5,0.21931210067035717,0.0666697619520956
9,tweedie_direct_multilead_regression,reduced,1.05,0.75,5,0.21936601318403764,0.06660017169778722
9,tweedie_direct_multilead_regression,reduced,1.1,0.9,5,0.21938220329026334,0.06650180460903765
9,tweedie_direct_multilead_regression,reduced,1.05,0.78,5,0.21944422827051543,0.06649933385268317
9,tweedie_direct_multilead_regression,reduced,1.05,0.8,5,0.2194947437980112,0.06643477934033565
9,tweedie_direct_multilead_regression,reduced,1.1,1.0,5,0.21960434799034806,0.06623656524066514
9,tweedie_direct_multilead_regression,reduced,1.05,0.9,5,0.21987814316724924,0.0664302996419327
9,tweedie_direct_multilead_regression,reduced,1.05,1.0,5,0.22005722911761402,0.06610669206673372
9,tweedie_direct_multilead_regression,reduced,1.9,0.2,5,0.22080310226123628,0.06937375130923217
9,tweedie_direct_multilead_regression,reduced,1.7,0.1,5,0.22186175953821582,0.06980954432199687
9,tweedie_direct_multilead_regression,reduced,1.05,0.01,5,0.22424588398173398,0.07113015993739988
9,tweedie_direct_multilead_regression,reduced,1.1,0.01,5,0.22638239525662893,0.07093520127009767
9,tweedie_direct_multilead_regression,full,1.05,1.0,5,0.22783101590989788,0.06947116921900631
9,tweedie_direct_multilead_regression,full,1.05,0.9,5,0.22786938594850903,0.06949271865650879
9,tweedie_direct_multilead_regression,full,1.1,1.0,5,0.22795988971673156,0.06932887723757308
9,tweedie_direct_multilead_regression,full,1.05,0.8,5,0.22826406859635612,0.06958716456416018
9,tweedie_direct_multilead_regression,full,1.05,0.78,5,0.22835733156610677,0.0696146514267763
9,tweedie_direct_multilead_regression,full,1.1,0.9,5,0.22835832105928264,0.0693943675709019
9,tweedie_direct_multilead_regression,full,1.05,0.75,5,0.22855735933919955,0.06955877306606323
9,tweedie_direct_multilead_regression,full,1.05,0.73,5,0.22864115362841778,0.06959388260541943
9,tweedie_direct_multilead_regression,full,1.1,0.8,5,0.2287153028579084,0.069411535174777
9,tweedie_direct_multilead_regression,full,1.05,0.7,5,0.2287608343977956,0.06964929259820121
9,tweedie_direct_multilead_regression,full,1.1,0.78,5,0.2287924380319505,0.06945806579942414
9,tweedie_direct_multilead_regression,full,1.2,1.0,5,0.22907220195848205,0.06929723289653204
9,tweedie_direct_multilead_regression,full,1.1,0.75,5,0.22925337697776044,0.06968908775882003
9,tweedie_direct_multilead_regression,full,1.05,0.6,5,0.22927080115197312,0.06965169959171555
9,tweedie_direct_multilead_regression,full,1.1,0.73,5,0.22935284813743592,0.06972424857656735
9,tweedie_direct_multilead_regression,full,1.2,0.9,5,0.2294157232557617,0.06926300284547353
9,tweedie_direct_multilead_regression,full,1.1,0.7,5,0.22950592095411224,0.06976961871347517
9,tweedie_direct_multilead_regression,full,1.2,0.8,5,0.22982713456467674,0.06924051485660371
9,tweedie_direct_multilead_regression,full,1.05,0.5,5,0.2298892419334099,0.06961178974452265
9,tweedie_direct_multilead_regression,full,1.2,0.78,5,0.22991760963510144,0.06923811551130822
9,tweedie_direct_multilead_regression,full,1.1,0.6,5,0.23001908466182516,0.0696231191569716
9,tweedie_direct_multilead_regression,full,1.2,0.75,5,0.2300395390565412,0.06921910551534835
9,tweedie_direct_multilead_regression,full,1.3,1.0,5,0.23016991731435751,0.06910442423699532
9,tweedie_direct_multilead_regression,full,1.2,0.73,5,0.23017946903184935,0.06924068823355646
9,tweedie_direct_multilead_regression,full,1.2,0.7,5,0.23035144767148222,0.06923840676188961
9,tweedie_direct_multilead_regression,full,1.05,0.4,5,0.2304586553369597,0.06942642113157241
9,tweedie_direct_multilead_regression,reduced,1.9,0.1,5,0.23047614560757185,0.07094239372204603
9,tweedie_direct_multilead_regression,full,1.3,0.9,5,0.23052693054352522,0.06895475116480927
9,tweedie_direct_multilead_regression,full,1.1,0.5,5,0.23057659044012926,0.06956368736707974
9,tweedie_direct_multilead_regression,full,1.2,0.6,5,0.2307872491115436,0.06904734037367968
9,tweedie_direct_multilead_regression,full,1.3,0.8,5,0.23084402573590562,0.06885717243435942
9,tweedie_direct_multilead_regression,full,1.3,0.78,5,0.23090582175708488,0.06883407855164819
9,tweedie_direct_multilead_regression,full,1.3,0.75,5,0.23100164183920718,0.06879384545539383
9,tweedie_direct_multilead_regression,full,1.3,0.73,5,0.23118129094075351,0.06859300010389421
9,tweedie_direct_multilead_regression,full,1.1,0.4,5,0.23121403833046,0.06928735031233288
9,tweedie_direct_multilead_regression,full,1.3,0.7,5,0.23129088731319794,0.06852427737123702
9,tweedie_direct_multilead_regression,full,1.2,0.5,5,0.23131401424148174,0.06889561727344588
9,tweedie_direct_multilead_regression,full,1.05,0.3,5,0.23165736317871682,0.0694569921713496
9,tweedie_direct_multilead_regression,full,1.1,0.3,5,0.2317355516918505,0.06901366642328173
9,tweedie_direct_multilead_regression,full,1.3,0.6,5,0.23179061601283574,0.0685525605910224
9,tweedie_direct_multilead_regression,full,1.2,0.4,5,0.2319653599187843,0.06880025441989436
9,tweedie_direct_multilead_regression,reduced,1.2,0.01,5,0.2320033111297418,0.0724455328268163
9,tweedie_direct_multilead_regression,full,1.5,1.0,5,0.23213474241112753,0.06790752243941735
9,tweedie_direct_multilead_regression,full,1.3,0.5,5,0.23220891532291757,0.06842261562655681
9,tweedie_direct_multilead_regression,full,1.05,0.2,5,0.2323737584509205,0.06947031376672426
9,tweedie_direct_multilead_regression,full,1.5,0.9,5,0.23242362358309338,0.06782470145199566
9,tweedie_direct_multilead_regression,full,1.5,0.8,5,0.2326401153821786,0.06768558488571075
9,tweedie_direct_multilead_regression,full,1.3,0.4,5,0.2326620500854772,0.06843127819265972
9,tweedie_direct_multilead_regression,full,1.5,0.78,5,0.2326745852603184,0.06766995798117062
9,tweedie_direct_multilead_regression,full,1.2,0.3,5,0.23270636107046241,0.06884712682432431
9,tweedie_direct_multilead_regression,full,1.1,0.2,5,0.2327423615026493,0.06929357332658342
9,tweedie_direct_multilead_regression,full,1.5,0.75,5,0.2327721262219243,0.06768480603689125
9,tweedie_direct_multilead_regression,full,1.5,0.73,5,0.23281806355905688,0.06768587490747394
9,tweedie_direct_multilead_regression,full,1.5,0.7,5,0.2328892618509276,0.06770029605146988
9,tweedie_direct_multilead_regression,full,1.05,0.1,5,0.23298090788935877,0.07189785344006024
9,tweedie_direct_multilead_regression,full,1.2,0.2,5,0.23303467579605708,0.06970274875204753
9,tweedie_direct_multilead_regression,full,1.1,0.1,5,0.23310740911371405,0.07243156538468343
9,tweedie_direct_multilead_regression,full,1.5,0.6,5,0.23313811417122957,0.06783525469733503
9,tweedie_direct_multilead_regression,full,1.3,0.3,5,0.23331790876527583,0.06887675984227412
9,tweedie_direct_multilead_regression,full,1.7,1.0,5,0.23348399464598932,0.06735355648699072
9,tweedie_direct_multilead_regression,full,1.5,0.5,5,0.2335376426773645,0.06828966544971701
9,tweedie_direct_multilead_regression,full,1.3,0.2,5,0.23362970599952182,0.07054704731239606
9,tweedie_direct_multilead_regression,full,1.7,0.9,5,0.2336602218064138,0.0675865877777215
9,tweedie_direct_multilead_regression,full,1.5,0.4,5,0.23373696037783792,0.06906135894791794
9,tweedie_direct_multilead_regression,full,1.2,0.1,5,0.23375783844379314,0.07413184035538584
9,tweedie_direct_multilead_regression,full,1.7,0.8,5,0.23378507536562348,0.06790224157946192
9,tweedie_direct_multilead_regression,full,1.7,0.78,5,0.23380738015129415,0.06796658187008835
9,tweedie_direct_multilead_regression,full,1.7,0.73,5,0.23382787162755103,0.06822365682352464
9,tweedie_direct_multilead_regression,full,1.7,0.75,5,0.23383931607036373,0.06810053371072754
9,tweedie_direct_multilead_regression,full,1.7,0.7,5,0.2339459339046625,0.06840464734800746
9,tweedie_direct_multilead_regression,full,1.5,0.3,5,0.23408822619424563,0.07058110109291314
9,tweedie_direct_multilead_regression,full,1.7,0.6,5,0.23411164273172683,0.06925165582934362
9,tweedie_direct_multilead_regression,full,1.7,0.5,5,0.2342973121660706,0.07035680996278527
9,tweedie_direct_multilead_regression,full,1.9,1.0,5,0.2343650462626916,0.06893731953894967
9,tweedie_direct_multilead_regression,full,1.9,0.9,5,0.2345163391420962,0.06959236314504642
9,tweedie_direct_multilead_regression,full,1.7,0.4,5,0.23457830948832908,0.0720411747688886
9,tweedie_direct_multilead_regression,full,1.9,0.8,5,0.2346810115008447,0.07040574950656257
9,tweedie_direct_multilead_regression,full,1.9,0.78,5,0.23474048690991203,0.0705743352907994
9,tweedie_direct_multilead_regression,full,1.5,0.2,5,0.23474812403136047,0.07362532017053837
9,tweedie_direct_multilead_regression,full,1.3,0.1,5,0.2348124879613458,0.07535178851491227
9,tweedie_direct_multilead_regression,full,1.9,0.75,5,0.2348165237939323,0.07086030158720612
9,tweedie_direct_multilead_regression,full,1.9,0.73,5,0.23483535041029763,0.07108740713428924
9,tweedie_direct_multilead_regression,full,1.9,0.7,5,0.2349125511205529,0.07140896967363161
9,tweedie_direct_multilead_regression,full,1.5,0.0,5,0.23512828616585066,0.07541790128716379
9,tweedie_direct_multilead_regression,full,1.9,0.6,5,0.2351964986524094,0.07259691096955649
9,tweedie_direct_multilead_regression,full,1.7,0.3,5,0.23528314257851707,0.07410682073771858
9,tweedie_direct_multilead_regression,full,1.9,0.5,5,0.235656744308338,0.07392504090002433
9,tweedie_direct_multilead_regression,full,1.9,0.4,5,0.23640125218169708,0.07549749427581723
9,tweedie_direct_multilead_regression,full,1.7,0.2,5,0.23664116969346707,0.076817546912018
9,tweedie_direct_multilead_regression,full,1.5,0.1,5,0.23694036434255886,0.07803043901771349
9,tweedie_direct_multilead_regression,full,1.9,0.3,5,0.23738403491274013,0.07745662569828818
9,tweedie_direct_multilead_regression,full,1.9,0.01,5,0.2376745862494926,0.07686770249466768
9,tweedie_direct_multilead_regression,reduced,1.3,0.01,5,0.2378385124517596,0.07401859124303327
9,tweedie_direct_multilead_regression,full,1.9,0.2,5,0.23893236877927798,0.0796680878914218
9,tweedie_direct_multilead_regression,full,1.7,0.1,5,0.2393774501251003,0.08074620582897551
9,tweedie_direct_multilead_regression,full,1.5,0.001,5,0.24005134550321885,0.07825167672642462
9,tweedie_direct_multilead_regression,full,1.05,0.01,5,0.24022242036182387,0.08284340130847923
9,tweedie_direct_multilead_regression,full,1.1,0.01,5,0.24115560376165351,0.08244931362332322
9,tweedie_direct_multilead_regression,full,1.7,0.01,5,0.24116573121502408,0.08029419644566836
9,tweedie_direct_multilead_regression,full,1.9,0.1,5,0.24151523552120713,0.08168458810783119
9,tweedie_direct_multilead_regression,full,1.7,0.001,5,0.2427001880644127,0.0675231346341595
9,tweedie_direct_multilead_regression,full,1.2,0.01,5,0.24327261156472316,0.08307366988003517
9,tweedie_direct_multilead_regression,full,1.3,0.01,5,0.24444640264171386,0.08444899034459935
9,tweedie_direct_multilead_regression,full,1.5,0.01,5,0.2447850567188931,0.08357376425965762
9,tweedie_direct_multilead_regression,full,1.3,0.001,5,0.2473791647854679,0.0838016157743208
9,tweedie_direct_multilead_regression,full,1.05,0.001,5,0.24747872363001072,0.08447368500398245
9,tweedie_direct_multilead_regression,full,1.3,0.0,5,0.2479789115443642,0.08300808015411305
9,tweedie_direct_multilead_regression,full,1.2,0.001,5,0.24849657326362581,0.08602273823884178
9,tweedie_direct_multilead_regression,full,1.1,0.001,5,0.24881204654143696,0.08572125226190368
9,tweedie_direct_multilead_regression,full,1.05,0.0,5,0.24931727899050302,0.0850215605794049
9,tweedie_direct_multilead_regression,full,1.2,0.0,5,0.24932766590174352,0.08657263229671708
9,tweedie_direct_multilead_regression,full,1.1,0.0,5,0.25009915783427206,0.08607321984118516
9,tweedie_direct_multilead_regression,reduced,1.5,0.01,5,0.250748688107113,0.07596093914814812
9,tweedie_direct_multilead_regression,reduced,1.05,0.001,5,0.2543760117089907,0.0813059018972007
9,tweedie_direct_multilead_regression,reduced,1.1,0.001,5,0.2599655434446783,0.08346750113840577
9,tweedie_direct_multilead_regression,reduced,1.7,0.01,5,0.26340616492675417,0.07793464836732329
9,tweedie_direct_multilead_regression,reduced,1.05,0.0,5,0.26759053857175463,0.08842537741118957
9,tweedie_direct_multilead_regression,reduced,1.2,0.001,5,0.2687079382265823,0.08129588136936688
9,tweedie_direct_multilead_regression,reduced,1.1,0.0,5,0.2722784849550005,0.08895807510218957
9,tweedie_direct_multilead_regression,reduced,1.3,0.001,5,0.27303918094544843,0.08434603853310865
9,tweedie_direct_multilead_regression,reduced,1.9,0.01,5,0.28086326467230033,0.07631027590246958
9,tweedie_direct_multilead_regression,reduced,1.2,0.0,5,0.28102098908626355,0.08546115494042696
9,tweedie_direct_multilead_regression,reduced,1.3,0.0,5,0.29958805960071266,0.07359648892522844
9,tweedie_direct_multilead_regression,reduced,1.5,0.001,5,0.30554892744964984,0.0710762544108386
9,tweedie_direct_multilead_regression,full,1.9,0.001,5,0.32443165491283776,0.18517516504567366
9,tweedie_direct_multilead_regression,reduced,1.7,0.001,5,0.36858885057466195,0.14195463359936364
9,tweedie_direct_multilead_regression,reduced,1.9,0.001,5,0.41363558387797034,0.23053921938370714
9,tweedie_direct_multilead_regression,reduced,1.5,0.0,5,0.5575421300554054,0.5476805728849856
9,tweedie_direct_multilead_regression,reduced,1.9,0.0,5,0.5595757600498383,0.5495691617566855
9,tweedie_direct_multilead_regression,reduced,1.7,0.0,5,0.5608609639622287,0.5428376340717249
9,tweedie_direct_multilead_regression,full,1.7,0.0,5,0.5935416039143842,0.7858967284014992
9,tweedie_direct_multilead_regression,full,1.9,0.0,5,0.6041945153138384,0.781098637359855
