material,model,feature_set,tweedie_power,tweedie_alpha,n_folds,mean_validation_SMAPE,std_validation_SMAPE
1,tweedie_direct_multilead_regression,full,1.05,1.0,5,0.16455932518042982,0.05763653831602795
1,tweedie_direct_multilead_regression,full,1.1,1.0,5,0.16492069203039328,0.05775037664509083
1,tweedie_direct_multilead_regression,full,1.05,0.9,5,0.16501918992715187,0.05789109442871695
1,tweedie_direct_multilead_regression,full,1.1,0.9,5,0.16545620231818492,0.05803432908204937
1,tweedie_direct_multilead_regression,full,1.05,0.8,5,0.16562756093693026,0.058055872159323806
1,tweedie_direct_multilead_regression,full,1.2,1.0,5,0.16575478330130658,0.05794877518715477
1,tweedie_direct_multilead_regression,full,1.05,0.78,5,0.16575559834331285,0.058103641745735575
1,tweedie_direct_multilead_regression,full,1.05,0.75,5,0.16596069717537879,0.05816579422540968
1,tweedie_direct_multilead_regression,full,1.05,0.73,5,0.1660962481395507,0.058211003937231574
1,tweedie_direct_multilead_regression,full,1.1,0.8,5,0.16614092572479564,0.05820335486713429
1,tweedie_direct_multilead_regression,full,1.1,0.78,5,0.1662603115040561,0.05825824449212489
1,tweedie_direct_multilead_regression,full,1.05,0.7,5,0.16628403533183805,0.05829674768608696
1,tweedie_direct_multilead_regression,full,1.2,0.9,5,0.16636305963762082,0.058127463398095235
1,tweedie_direct_multilead_regression,full,1.1,0.75,5,0.1664511512256323,0.05833208907072889
1,tweedie_direct_multilead_regression,full,1.1,0.73,5,0.16658660652350585,0.05836289968157765
1,tweedie_direct_multilead_regression,full,1.3,1.0,5,0.16674368890545507,0.0581325344280006
1,tweedie_direct_multilead_regression,full,1.1,0.7,5,0.1668492017672583,0.058390620799886286
1,tweedie_direct_multilead_regression,full,1.2,0.8,5,0.1670616109404283,0.0582777544809921
1,tweedie_direct_multilead_regression,full,1.05,0.6,5,0.1672336446780814,0.058544603567442066
1,tweedie_direct_multilead_regression,full,1.2,0.78,5,0.16724677436681,0.058320591157702474
1,tweedie_direct_multilead_regression,full,1.3,0.9,5,0.16743742443730875,0.05825976399088451
1,tweedie_direct_multilead_regression,full,1.2,0.75,5,0.16749070457912613,0.05836336299056762
1,tweedie_direct_multilead_regression,full,1.2,0.73,5,0.1676569266349975,0.058397872529090615
1,tweedie_direct_multilead_regression,full,1.1,0.6,5,0.16782527979737452,0.05852317249274886
1,tweedie_direct_multilead_regression,full,1.2,0.7,5,0.16794189683097355,0.05842676091781255
1,tweedie_direct_multilead_regression,full,1.3,0.8,5,0.1682187121139544,0.05836876562404432
1,tweedie_direct_multilead_regression,full,1.3,0.78,5,0.1683947565269441,0.058389989465114464
1,tweedie_direct_multilead_regression,full,1.05,0.5,5,0.16843024158456493,0.05864562399383112
1,tweedie_direct_multilead_regression,full,1.3,0.75,5,0.16867362470987385,0.058421583276970626
1,tweedie_direct_multilead_regression,full,1.3,0.73,5,0.16882741550315256,0.05839843354678068
1,tweedie_direct_multilead_regression,full,1.2,0.6,5,0.1690271678425615,0.058536454107834236
1,tweedie_direct_multilead_regression,full,1.5,1.0,5,0.16906149535721518,0.05812179189475411
1,tweedie_direct_multilead_regression,full,1.1,0.5,5,0.1690623532582561,0.058661745482899826
1,tweedie_direct_multilead_regression,full,1.3,0.7,5,0.1691327314056755,0.05839200105799465
1,tweedie_direct_multilead_regression,reduced,1.05,1.0,5,0.16927033161190114,0.06880148192662255
1,tweedie_direct_multilead_regression,reduced,1.1,1.0,5,0.16946454697984042,0.06938988950276476
1,tweedie_direct_multilead_regression,reduced,1.05,0.9,5,0.16965581859998327,0.0698865179006127
1,tweedie_direct_multilead_regression,reduced,1.2,1.0,5,0.16968385897376803,0.07070461971013753
1,tweedie_direct_multilead_regression,reduced,1.1,0.9,5,0.16971643727680752,0.07048597598970019
1,tweedie_direct_multilead_regression,full,1.5,0.9,5,0.16984978270649784,0.05812935928289995
1,tweedie_direct_multilead_regression,reduced,1.05,0.8,5,0.16997615246834968,0.07115418099390934
1,tweedie_direct_multilead_regression,reduced,1.05,0.78,5,0.17007252087893848,0.07142823797452752
1,tweedie_direct_multilead_regression,reduced,1.2,0.9,5,0.17007323378443803,0.07180478846577136
1,tweedie_direct_multilead_regression,reduced,1.3,1.0,5,0.17015637997157387,0.07197103431414532
1,tweedie_direct_multilead_regression,reduced,1.1,0.8,5,0.1701645589157444,0.07173966542467418
1,tweedie_direct_multilead_regression,full,1.05,0.4,5,0.1701653173280921,0.05879527169321737
1,tweedie_direct_multilead_regression,reduced,1.05,0.75,5,0.17022857323088833,0.0718570529522554
1,tweedie_direct_multilead_regression,reduced,1.1,0.78,5,0.1702701647855946,0.0720175283275806
1,tweedie_direct_multilead_regression,reduced,1.05,0.73,5,0.17029908889921277,0.07207174215611668
1,tweedie_direct_multilead_regression,full,1.3,0.6,5,0.17036538205294743,0.05840150326139588
1,tweedie_direct_multilead_regression,full,1.2,0.5,5,0.1704360530714362,0.058577712190864856
1,tweedie_direct_multilead_regression,reduced,1.1,0.75,5,0.17043875657866506,0.07245533425759816
1,tweedie_direct_multilead_regression,reduced,1.05,0.7,5,0.17047311590956435,0.07255557434865974
1,tweedie_direct_multilead_regression,reduced,1.3,0.9,5,0.1704901829893735,0.07294235326821015
1,tweedie_direct_multilead_regression,reduced,1.2,0.8,5,0.1705432232908637,0.07308442028486625
1,tweedie_direct_multilead_regression,reduced,1.1,0.73,5,0.1705577681733026,0.07276145454729861
1,tweedie_direct_multilead_regression,reduced,1.2,0.78,5,0.17064731532694483,0.07336293402272641
1,tweedie_direct_multilead_regression,reduced,1.1,0.7,5,0.17074638851208665,0.07323925544563083
1,tweedie_direct_multilead_regression,reduced,1.2,0.75,5,0.1708121558212739,0.07379914096849723
1,tweedie_direct_multilead_regression,full,1.5,0.8,5,0.17082289695143638,0.05811140680325555
1,tweedie_direct_multilead_regression,full,1.1,0.4,5,0.17082853487027422,0.0586289187877595
1,tweedie_direct_multilead_regression,reduced,1.2,0.73,5,0.17092971395659182,0.07410658217482599
1,tweedie_direct_multilead_regression,reduced,1.3,0.8,5,0.1709804451190311,0.07424535428345928
1,tweedie_direct_multilead_regression,reduced,1.5,1.0,5,0.17103913719596534,0.07434767072854312
1,tweedie_direct_multilead_regression,full,1.5,0.78,5,0.171057948195594,0.05812421122436652
1,tweedie_direct_multilead_regression,reduced,1.3,0.78,5,0.17110642589755626,0.07452245747033208
1,tweedie_direct_multilead_regression,reduced,1.2,0.7,5,0.1711165635882759,0.07459297329979657
1,tweedie_direct_multilead_regression,reduced,1.05,0.6,5,0.17118372034710722,0.07434985097848577
1,tweedie_direct_multilead_regression,reduced,1.3,0.75,5,0.17130146088065018,0.07497786838927312
1,tweedie_direct_multilead_regression,reduced,1.1,0.6,5,0.17135640364424223,0.07507385833057978
1,tweedie_direct_multilead_regression,full,1.5,0.75,5,0.1714150961050353,0.058104049585394224
1,tweedie_direct_multilead_regression,reduced,1.3,0.73,5,0.17142763933489436,0.07529340975780864
1,tweedie_direct_multilead_regression,reduced,1.5,0.9,5,0.17149640625000456,0.07546036418904604
1,tweedie_direct_multilead_regression,reduced,1.3,0.7,5,0.17162631043600202,0.07578567578782322
1,tweedie_direct_multilead_regression,full,1.5,0.73,5,0.1716507055973077,0.05808115105745211
1,tweedie_direct_multilead_regression,reduced,1.2,0.6,5,0.17183415699609578,0.0764158872260535
1,tweedie_direct_multilead_regression,full,1.7,1.0,5,0.1719530047205241,0.0577772699436607
1,tweedie_direct_multilead_regression,full,1.3,0.5,5,0.1719687989977137,0.058302287427083294
1,tweedie_direct_multilead_regression,reduced,1.5,0.8,5,0.17199972909552574,0.07667049409721079
1,tweedie_direct_multilead_regression,reduced,1.7,1.0,5,0.17200095989271386,0.07648977016261048
1,tweedie_direct_multilead_regression,full,1.5,0.7,5,0.17204008732815138,0.058037645674984116
1,tweedie_direct_multilead_regression,reduced,1.05,0.5,5,0.1721078781040833,0.07654394729489807
1,tweedie_direct_multilead_regression,reduced,1.5,0.78,5,0.1721196885242499,0.07694647465393835
1,tweedie_direct_multilead_regression,reduced,1.1,0.5,5,0.17224222718982451,0.07726115416041429
1,tweedie_direct_multilead_regression,reduced,1.5,0.75,5,0.1723075216893527,0.07737259784370075
1,tweedie_direct_multilead_regression,reduced,1.3,0.6,5,0.17236936136132253,0.07759231813980684
1,tweedie_direct_multilead_regression,full,1.2,0.4,5,0.17243684547162313,0.05836931995006787
1,tweedie_direct_multilead_regression,reduced,1.5,0.73,5,0.1724386249333118,0.0776639474083331
1,tweedie_direct_multilead_regression,reduced,1.7,0.9,5,0.17251097068139742,0.07758702694506314
1,tweedie_direct_multilead_regression,reduced,1.5,0.7,5,0.17265216241857795,0.07810786252052421
1,tweedie_direct_multilead_regression,reduced,1.2,0.5,5,0.17269057889908435,0.07844639621535601
1,tweedie_direct_multilead_regression,full,1.05,0.3,5,0.1727520336795545,0.05856191992917837
1,tweedie_direct_multilead_regression,full,1.7,0.9,5,0.1729907388936911,0.05765553179608345
1,tweedie_direct_multilead_regression,reduced,1.05,0.4,5,0.1730459504846839,0.07929843938569807
1,tweedie_direct_multilead_regression,reduced,1.9,1.0,5,0.1730634264355208,0.07838086142125712
1,tweedie_direct_multilead_regression,reduced,1.7,0.8,5,0.17308205275078636,0.07871807520348989
1,tweedie_direct_multilead_regression,reduced,1.7,0.78,5,0.17322843016411268,0.07898254595342569
1,tweedie_direct_multilead_regression,reduced,1.3,0.5,5,0.17329124221276987,0.07967550256875551
1,tweedie_direct_multilead_regression,reduced,1.1,0.4,5,0.17340479855689878,0.07989742774651869
1,tweedie_direct_multilead_regression,reduced,1.5,0.6,5,0.17344149474955228,0.07974023605266432
1,tweedie_direct_multilead_regression,reduced,1.7,0.75,5,0.17344789767791188,0.07938381825840886
1,tweedie_direct_multilead_regression,full,1.1,0.3,5,0.17354036207410925,0.05827050365485778
1,tweedie_direct_multilead_regression,full,1.5,0.6,5,0.17355458457316558,0.05781528194223662
1,tweedie_direct_multilead_regression,reduced,1.7,0.73,5,0.17359964277968362,0.07965533519582993
1,tweedie_direct_multilead_regression,reduced,1.9,0.9,5,0.17362221955840001,0.07933099039521166
1,tweedie_direct_multilead_regression,reduced,1.2,0.4,5,0.1738300285243492,0.08099733255064671
1,tweedie_direct_multilead_regression,reduced,1.7,0.7,5,0.1738392394217573,0.08006914946504484
1,tweedie_direct_multilead_regression,full,1.3,0.4,5,0.17411301431066337,0.05795077086687219
1,tweedie_direct_multilead_regression,full,1.7,0.8,5,0.17414950429470372,0.057440740388504635
1,tweedie_direct_multilead_regression,reduced,1.9,0.8,5,0.17432620672093124,0.08051390667829629
1,tweedie_direct_multilead_regression,full,1.7,0.78,5,0.17439826012839926,0.057406015471241634
1,tweedie_direct_multilead_regression,reduced,1.5,0.5,5,0.1744470059376297,0.08160102954929634
1,tweedie_direct_multilead_regression,reduced,1.9,0.78,5,0.1744733859942776,0.08074210761607471
1,tweedie_direct_multilead_regression,reduced,1.3,0.4,5,0.17447591805186755,0.08217787753742953
1,tweedie_direct_multilead_regression,reduced,1.05,0.3,5,0.17465207762614043,0.0826877214631943
1,tweedie_direct_multilead_regression,reduced,1.9,0.75,5,0.174702219485637,0.08109272467813895
1,tweedie_direct_multilead_regression,reduced,1.7,0.6,5,0.17478161174614254,0.08160249855712647
1,tweedie_direct_multilead_regression,full,1.7,0.75,5,0.1748178701826528,0.05728125298966796
1,tweedie_direct_multilead_regression,reduced,1.9,0.73,5,0.1748600338325029,0.08133259603185689
1,tweedie_direct_multilead_regression,reduced,1.1,0.3,5,0.17488193636967783,0.08329295174685339
1,tweedie_direct_multilead_regression,reduced,1.9,0.7,5,0.17503686786601852,0.08152060564655467
1,tweedie_direct_multilead_regression,full,1.7,0.73,5,0.1750982426618669,0.05721987961625106
1,tweedie_direct_multilead_regression,full,1.2,0.3,5,0.17531510053615676,0.057794806542226636
1,tweedie_direct_multilead_regression,full,1.9,1.0,5,0.17543632693181613,0.05688398299992136
1,tweedie_direct_multilead_regression,full,1.5,0.5,5,0.1754720967839337,0.05738463512887859
1,tweedie_direct_multilead_regression,full,1.7,0.7,5,0.17555642484896322,0.05713846240419603
1,tweedie_direct_multilead_regression,reduced,1.2,0.3,5,0.17560762285327414,0.0843479463490264
1,tweedie_direct_multilead_regression,reduced,1.5,0.4,5,0.17575931928818694,0.08376078293226569
1,tweedie_direct_multilead_regression,reduced,1.7,0.5,5,0.17584470346477485,0.08321398690997307
1,tweedie_direct_multilead_regression,reduced,1.9,0.6,5,0.17591953214232836,0.08272399313056046
1,tweedie_direct_multilead_regression,reduced,1.3,0.3,5,0.1763141040701044,0.08520370973611974
1,tweedie_direct_multilead_regression,full,1.9,0.9,5,0.17659145800529974,0.056632404219322426
1,tweedie_direct_multilead_regression,full,1.05,0.2,5,0.17690900303546675,0.05756007945423974
1,tweedie_direct_multilead_regression,reduced,1.9,0.5,5,0.17699526926801729,0.08397580048036067
1,tweedie_direct_multilead_regression,reduced,1.7,0.4,5,0.1770782558483816,0.08476165445813934
1,tweedie_direct_multilead_regression,reduced,1.05,0.2,5,0.17709884593040895,0.08715408963015968
1,tweedie_direct_multilead_regression,full,1.3,0.3,5,0.1772055309165332,0.057105946215678674
1,tweedie_direct_multilead_regression,full,1.7,0.6,5,0.17732054681999623,0.05666402040703705
1,tweedie_direct_multilead_regression,reduced,1.1,0.2,5,0.17743463298644455,0.08751446743626151
1,tweedie_direct_multilead_regression,reduced,1.5,0.3,5,0.1774721437343499,0.08617722827342461
1,tweedie_direct_multilead_regression,full,1.1,0.2,5,0.1778492003291297,0.057111188444376224
1,tweedie_direct_multilead_regression,full,1.5,0.4,5,0.17791825735574202,0.056673578062074376
1,tweedie_direct_multilead_regression,reduced,1.2,0.2,5,0.17800440704060186,0.08782818631106071
1,tweedie_direct_multilead_regression,full,1.9,0.8,5,0.1780211864560276,0.05624785005810482
1,tweedie_direct_multilead_regression,reduced,1.9,0.4,5,0.1782951640446814,0.08505917334625403
1,tweedie_direct_multilead_regression,full,1.9,0.78,5,0.17830051183086898,0.056157234871135026
1,tweedie_direct_multilead_regression,reduced,1.7,0.3,5,0.17868510330221926,0.08626458410495785
1,tweedie_direct_multilead_regression,reduced,1.3,0.2,5,0.17869095481704417,0.0882889109089388
1,tweedie_direct_multilead_regression,full,1.9,0.75,5,0.17878587326405107,0.056023228342180674
1,tweedie_direct_multilead_regression,full,1.9,0.73,5,0.17913101106459903,0.055938758703055536
1,tweedie_direct_multilead_regression,full,1.7,0.5,5,0.17946564799780554,0.0560448243686206
1,tweedie_direct_multilead_regression,full,1.9,0.7,5,0.17967481162110646,0.05580724168981762
1,tweedie_direct_multilead_regression,reduced,1.9,0.3,5,0.1799208500373811,0.08582228934581905
1,tweedie_direct_multilead_regression,full,1.2,0.2,5,0.1800101190327435,0.05640428214381235
1,tweedie_direct_multilead_regression,reduced,1.5,0.2,5,0.18001440869574067,0.08835523820856944
1,tweedie_direct_multilead_regression,reduced,1.7,0.2,5,0.18087920984966754,0.08713762774691293
1,tweedie_direct_multilead_regression,reduced,1.05,0.1,5,0.1809300119201089,0.09111280509645674
1,tweedie_direct_multilead_regression,reduced,1.1,0.1,5,0.1813651181623323,0.09107186685543517
1,tweedie_direct_multilead_regression,full,1.5,0.3,5,0.18157233429476366,0.05559586422302312
1,tweedie_direct_multilead_regression,full,1.9,0.6,5,0.18172837197210306,0.05527169240381556
1,tweedie_direct_multilead_regression,reduced,1.9,0.2,5,0.18199831254230978,0.08480763618720799
1,tweedie_direct_multilead_regression,reduced,1.2,0.1,5,0.18225446062691478,0.09102488049321647
1,tweedie_direct_multilead_regression,full,1.3,0.2,5,0.18234706613000043,0.0555593146969719
1,tweedie_direct_multilead_regression,reduced,1.3,0.1,5,0.1824624284664807,0.08964621621492606
1,tweedie_direct_multilead_regression,full,1.7,0.4,5,0.18249692520783856,0.05526834005394978
1,tweedie_direct_multilead_regression,reduced,1.5,0.1,5,0.18347501584098805,0.08717533356968193
1,tweedie_direct_multilead_regression,full,1.9,0.5,5,0.1844287709257942,0.05474448880479195
1,tweedie_direct_multilead_regression,reduced,1.7,0.1,5,0.18451720037817623,0.08227735831821836
1,tweedie_direct_multilead_regression,full,1.05,0.1,5,0.18585103061790045,0.054295432404102555
1,tweedie_direct_multilead_regression,reduced,1.9,0.1,5,0.18636688053669523,0.07578950252500817
1,tweedie_direct_multilead_regression,full,1.7,0.3,5,0.18691720868979564,0.05430820040209345
1,tweedie_direct_multilead_regression,full,1.1,0.1,5,0.187538724902053,0.054294081803448975
1,tweedie_direct_multilead_regression,full,1.5,0.2,5,0.18781870585103594,0.05427953478831315
1,tweedie_direct_multilead_regression,full,1.9,0.4,5,0.18791156790050237,0.05400932375401574
1,tweedie_direct_multilead_regression,full,1.2,0.1,5,0.19053011715591556,0.05365372274955263
1,tweedie_direct_multilead_regression,full,1.9,0.3,5,0.19293362088698296,0.05325376785672515
1,tweedie_direct_multilead_regression,full,1.3,0.1,5,0.19373816539324148,0.05345107706789062
1,tweedie_direct_multilead_regression,full,1.7,0.2,5,0.19381314796131238,0.05323687060811691
1,tweedie_direct_multilead_regression,reduced,1.05,0.01,5,0.19597148196080344,0.059309601241091726
1,tweedie_direct_multilead_regression,reduced,1.1,0.01,5,0.19722646120089207,0.05842719332570129
1,tweedie_direct_multilead_regression,reduced,1.2,0.01,5,0.19827031493379194,0.058275715580804376
1,tweedie_direct_multilead_regression,full,1.5,0.1,5,0.20077490626254385,0.05311310776409381
1,tweedie_direct_multilead_regression,full,1.9,0.2,5,0.2010122413210406,0.05279664786549091
1,tweedie_direct_multilead_regression,reduced,1.3,0.01,5,0.20102700403297574,0.05741311445683782
1,tweedie_direct_multilead_regression,reduced,1.5,0.01,5,0.20680484062189045,0.05797231339756622
1,tweedie_direct_multilead_regression,full,1.7,0.1,5,0.2086697620777443,0.052986851465495186
1,tweedie_direct_multilead_regression,reduced,1.7,0.01,5,0.21352967345311794,0.058267237857271045
1,tweedie_direct_multilead_regression,full,1.9,0.1,5,0.21754440832095065,0.05383750392916733
1,tweedie_direct_multilead_regression,reduced,1.9,0.01,5,0.22070994549829015,0.05865503732499471
1,tweedie_direct_multilead_regression,full,1.05,0.01,5,0.24292433234275057,0.05722837104928161
1,tweedie_direct_multilead_regression,full,1.1,0.01,5,0.24664340029528767,0.05825491405898821
1,tweedie_direct_multilead_regression,full,1.2,0.01,5,0.2501742870595966,0.05867867280007481
1,tweedie_direct_multilead_regression,reduced,1.05,0.001,5,0.25171521274515063,0.07774519711922966
1,tweedie_direct_multilead_regression,reduced,1.1,0.001,5,0.2525569545908045,0.07847408700284308
1,tweedie_direct_multilead_regression,reduced,1.3,0.001,5,0.25606288161841023,0.07352026879468032
1,tweedie_direct_multilead_regression,full,1.3,0.01,5,0.256573520029897,0.06013205375107885
1,tweedie_direct_multilead_regression,reduced,1.5,0.001,5,0.25688141817939847,0.06841523411402728
1,tweedie_direct_multilead_regression,reduced,1.2,0.001,5,0.2571365452578621,0.07671255468205607
1,tweedie_direct_multilead_regression,reduced,1.7,0.001,5,0.25943070561732784,0.06457255571371671
1,tweedie_direct_multilead_regression,reduced,1.9,0.001,5,0.26579595212186724,0.06417063388652454
1,tweedie_direct_multilead_regression,full,1.5,0.01,5,0.2680492229372411,0.062593768660089
1,tweedie_direct_multilead_regression,full,1.7,0.01,5,0.28077399041024853,0.06536655316909341
1,tweedie_direct_multilead_regression,reduced,1.9,0.0,5,0.29224143322231194,0.06225733181682888
1,tweedie_direct_multilead_regression,full,1.9,0.01,5,0.29239681950621055,0.0662528143411721
1,tweedie_direct_multilead_regression,reduced,1.7,0.0,5,0.2955579860928399,0.06524497025422811
1,tweedie_direct_multilead_regression,full,1.05,0.001,5,0.3178937034192778,0.077431280331918
1,tweedie_direct_multilead_regression,full,1.1,0.001,5,0.3200941531283926,0.07606864795568774
1,tweedie_direct_multilead_regression,full,1.2,0.001,5,0.32553615530694796,0.076527802718
1,tweedie_direct_multilead_regression,full,1.3,0.001,5,0.3266218692433073,0.07420200970842031
1,tweedie_direct_multilead_regression,reduced,1.5,0.0,5,0.3301724231874782,0.11920797833898206
1,tweedie_direct_multilead_regression,full,1.5,0.001,5,0.3363464757984194,0.08286687427930764
1,tweedie_direct_multilead_regression,full,1.7,0.001,5,0.34549848883092593,0.09108181182110517
1,tweedie_direct_multilead_regression,reduced,1.3,0.0,5,0.3608869908288424,0.1985171180081654
1,tweedie_direct_multilead_regression,full,1.9,0.001,5,0.3720404949087544,0.11662828100322944
1,tweedie_direct_multilead_regression,reduced,1.05,0.0,5,0.38263219960453804,0.2593730784191655
1,tweedie_direct_multilead_regression,reduced,1.1,0.0,5,0.3848033494068292,0.24392055642485008
1,tweedie_direct_multilead_regression,reduced,1.2,0.0,5,0.3865266048278821,0.259757553742689
1,tweedie_direct_multilead_regression,full,1.1,0.0,5,0.3960144492067809,0.13524825446109578
1,tweedie_direct_multilead_regression,full,1.05,0.0,5,0.39748183052860914,0.1382523935677882
1,tweedie_direct_multilead_regression,full,1.2,0.0,5,0.4172136121776392,0.13890304383763863
1,tweedie_direct_multilead_regression,full,1.3,0.0,5,0.4384302150385494,0.16164999217080367
1,tweedie_direct_multilead_regression,full,1.5,0.0,5,0.5085176665667943,0.2833944709335907
1,tweedie_direct_multilead_regression,full,1.7,0.0,5,0.5449686501500833,0.330735504881953
1,tweedie_direct_multilead_regression,full,1.9,0.0,5,0.5910094597486937,0.37877956655629647
10,tweedie_direct_multilead_regression,reduced,1.2,0.7,5,0.15058987007935068,0.03838298049465046
10,tweedie_direct_multilead_regression,reduced,1.3,0.8,5,0.1506096511234629,0.03798117198918854
10,tweedie_direct_multilead_regression,reduced,1.3,0.78,5,0.1506119318163579,0.03785464302016171
10,tweedie_direct_multilead_regression,reduced,1.2,0.6,5,0.1506138550483338,0.037620777777061805
10,tweedie_direct_multilead_regression,reduced,1.2,0.73,5,0.15061426373888606,0.038624651582319765
10,tweedie_direct_multilead_regression,reduced,1.1,0.5,5,0.15061691769624702,0.03770542148272042
10,tweedie_direct_multilead_regression,reduced,1.05,0.5,5,0.15062408852010728,0.038156674373433626
10,tweedie_direct_multilead_regression,reduced,1.3,0.75,5,0.15062553353365424,0.0376715254706384
10,tweedie_direct_multilead_regression,reduced,1.2,0.75,5,0.1506317033600197,0.03878531177985984
10,tweedie_direct_multilead_regression,reduced,1.3,0.73,5,0.1506415359396296,0.03755216233491092
10,tweedie_direct_multilead_regression,reduced,1.3,0.9,5,0.1506610393223452,0.03865216686115782
10,tweedie_direct_multilead_regression,reduced,1.1,0.6,5,0.1506668702177012,0.03863877851464713
10,tweedie_direct_multilead_regression,reduced,1.3,0.7,5,0.15067413535643726,0.03737325816644696
10,tweedie_direct_multilead_regression,reduced,1.2,0.78,5,0.15069429712384472,0.0390436220321302
10,tweedie_direct_multilead_regression,reduced,1.5,1.0,5,0.15070543053864677,0.03718789457810101
10,tweedie_direct_multilead_regression,reduced,1.05,0.4,5,0.15071162923264073,0.03717004647211804
10,tweedie_direct_multilead_regression,reduced,1.2,0.8,5,0.1507300068156166,0.03921357117507504
10,tweedie_direct_multilead_regression,reduced,1.05,0.6,5,0.1507510228840573,0.03924513647949014
10,tweedie_direct_multilead_regression,reduced,1.2,0.5,5,0.15080010512658296,0.036913711984804205
10,tweedie_direct_multilead_regression,reduced,1.3,1.0,5,0.15080347771295238,0.039361200433240096
10,tweedie_direct_multilead_regression,reduced,1.5,0.9,5,0.15085456016395424,0.03683854732987673
10,tweedie_direct_multilead_regression,reduced,1.1,0.4,5,0.15085720743516423,0.036840000689643035
10,tweedie_direct_multilead_regression,reduced,1.1,0.7,5,0.15085878766957334,0.03967526999639327
10,tweedie_direct_multilead_regression,reduced,1.3,0.6,5,0.15087396841380593,0.036793128926553106
10,tweedie_direct_multilead_regression,reduced,1.1,0.73,5,0.15094170946706162,0.03998145185767292
10,tweedie_direct_multilead_regression,reduced,1.2,0.9,5,0.15094990791218307,0.04005659137575696
10,tweedie_direct_multilead_regression,reduced,1.1,0.75,5,0.15100088233385445,0.04018433732638561
10,tweedie_direct_multilead_regression,reduced,1.05,0.7,5,0.15109062558418498,0.04042374242831515
10,tweedie_direct_multilead_regression,reduced,1.1,0.78,5,0.15109326095407324,0.040482721593807974
10,tweedie_direct_multilead_regression,reduced,1.5,0.8,5,0.15115241957931813,0.0365745815707374
10,tweedie_direct_multilead_regression,reduced,1.1,0.8,5,0.15115577152966114,0.0406764857583926
10,tweedie_direct_multilead_regression,reduced,1.05,0.73,5,0.15119624588201414,0.04074447113759662
10,tweedie_direct_multilead_regression,reduced,1.2,1.0,5,0.15120723306861975,0.04085524192090655
10,tweedie_direct_multilead_regression,reduced,1.5,0.78,5,0.1512372489183697,0.03654267777868007
10,tweedie_direct_multilead_regression,reduced,1.05,0.75,5,0.15126689962587375,0.040952091541537936
10,tweedie_direct_multilead_regression,reduced,1.05,0.78,5,0.1513257309110992,0.04123969596964441
10,tweedie_direct_multilead_regression,reduced,1.3,0.5,5,0.15134961537090288,0.03647689969129053
10,tweedie_direct_multilead_regression,reduced,1.5,0.75,5,0.151379727109075,0.03650312573718826
10,tweedie_direct_multilead_regression,reduced,1.2,0.4,5,0.15139688070518675,0.036459336185231596
10,tweedie_direct_multilead_regression,reduced,1.05,0.8,5,0.15139830496107226,0.04143413973305814
10,tweedie_direct_multilead_regression,reduced,1.05,0.3,5,0.1514144540982019,0.03642878634968072
10,tweedie_direct_multilead_regression,reduced,1.1,0.9,5,0.15142937449039937,0.04156726148537996
10,tweedie_direct_multilead_regression,reduced,1.5,0.73,5,0.15148914475318742,0.03648935283681207
10,tweedie_direct_multilead_regression,reduced,1.5,0.7,5,0.15166235993476274,0.036503948284023285
10,tweedie_direct_multilead_regression,reduced,1.1,1.0,5,0.15175583002039209,0.042388985599548464
10,tweedie_direct_multilead_regression,reduced,1.05,0.9,5,0.15175851989439781,0.04234875987046667
10,tweedie_direct_multilead_regression,reduced,1.1,0.3,5,0.15181785830575661,0.036435020335495345
10,tweedie_direct_multilead_regression,reduced,1.7,1.0,5,0.1519108722781302,0.036542455908551826
10,tweedie_direct_multilead_regression,reduced,1.05,1.0,5,0.15214900685629115,0.04321263962392544
10,tweedie_direct_multilead_regression,reduced,1.3,0.4,5,0.1525397054797099,0.03665045009118715
10,tweedie_direct_multilead_regression,reduced,1.5,0.6,5,0.15255258959450996,0.03671952826075212
10,tweedie_direct_multilead_regression,reduced,1.7,0.9,5,0.15259019662972634,0.03675381548391485
10,tweedie_direct_multilead_regression,reduced,1.2,0.3,5,0.15317105725834929,0.03682848813458806
10,tweedie_direct_multilead_regression,reduced,1.7,0.8,5,0.15352768255106558,0.037151650114018685
10,tweedie_direct_multilead_regression,reduced,1.7,0.78,5,0.15375141193526284,0.03725991770606215
10,tweedie_direct_multilead_regression,reduced,1.05,0.2,5,0.15399508238636533,0.03716492541305353
10,tweedie_direct_multilead_regression,reduced,1.5,0.5,5,0.1540563110635373,0.037370430659623304
10,tweedie_direct_multilead_regression,reduced,1.7,0.75,5,0.15412198725071896,0.037460682096356744
10,tweedie_direct_multilead_regression,reduced,1.7,0.73,5,0.15439405585326732,0.03762232966098854
10,tweedie_direct_multilead_regression,reduced,1.7,0.7,5,0.15484917962956554,0.037904206275493554
10,tweedie_direct_multilead_regression,reduced,1.1,0.2,5,0.15499538423899897,0.03771944571205257
10,tweedie_direct_multilead_regression,reduced,1.3,0.3,5,0.1551074061891314,0.037931479192819195
10,tweedie_direct_multilead_regression,reduced,1.9,1.0,5,0.15547029051874856,0.03852064047450721
10,tweedie_direct_multilead_regression,reduced,1.5,0.4,5,0.15660658844225794,0.03903151782348706
10,tweedie_direct_multilead_regression,reduced,1.7,0.6,5,0.15673001710252235,0.03920566005123951
10,tweedie_direct_multilead_regression,reduced,1.9,0.9,5,0.15685214242193246,0.03956162810095238
10,tweedie_direct_multilead_regression,reduced,1.2,0.2,5,0.15750772859713166,0.03937971337487461
10,tweedie_direct_multilead_regression,reduced,1.9,0.8,5,0.15872893464669302,0.04115219225165685
10,tweedie_direct_multilead_regression,reduced,1.9,0.78,5,0.15915505953003178,0.04152193236127236
10,tweedie_direct_multilead_regression,reduced,1.7,0.5,5,0.15947559991476037,0.04139661033218244
10,tweedie_direct_multilead_regression,reduced,1.9,0.75,5,0.15976483477112205,0.04199989853855725
10,tweedie_direct_multilead_regression,reduced,1.9,0.73,5,0.16023750308906312,0.042411598280089634
10,tweedie_direct_multilead_regression,reduced,1.3,0.2,5,0.1609067219768761,0.04210168738127316
10,tweedie_direct_multilead_regression,reduced,1.9,0.7,5,0.16099155762877385,0.04307087991001588
10,tweedie_direct_multilead_regression,reduced,1.5,0.3,5,0.16115193258991795,0.04269739535834145
10,tweedie_direct_multilead_regression,reduced,1.7,0.4,5,0.16354551615272006,0.04482470017790573
10,tweedie_direct_multilead_regression,reduced,1.9,0.6,5,0.16391607963135874,0.04563083156022849
10,tweedie_direct_multilead_regression,reduced,1.05,0.1,5,0.16414702482977048,0.04428168013276599
10,tweedie_direct_multilead_regression,full,1.05,1.0,5,0.164701095124637,0.051789469167411235
10,tweedie_direct_multilead_regression,full,1.1,1.0,5,0.1650183981785042,0.052362446436133164
10,tweedie_direct_multilead_regression,full,1.05,0.9,5,0.16504217194185364,0.05237516237680102
10,tweedie_direct_multilead_regression,full,1.1,0.9,5,0.16539287189929533,0.05298828177012271
10,tweedie_direct_multilead_regression,full,1.05,0.8,5,0.16544944195763683,0.053042459871240545
10,tweedie_direct_multilead_regression,full,1.05,0.78,5,0.165544922081482,0.05319195938369771
10,tweedie_direct_multilead_regression,full,1.05,0.75,5,0.165700511084449,0.05341930018700334
10,tweedie_direct_multilead_regression,full,1.2,1.0,5,0.16571695909611517,0.053569976221867946
10,tweedie_direct_multilead_regression,full,1.1,0.8,5,0.16574884911188342,0.053542381278481564
10,tweedie_direct_multilead_regression,full,1.05,0.73,5,0.16580348919996796,0.05357835744120646
10,tweedie_direct_multilead_regression,full,1.1,0.78,5,0.1658416402816389,0.05368810518269665
10,tweedie_direct_multilead_regression,full,1.05,0.7,5,0.16596180103295882,0.05382362173641308
10,tweedie_direct_multilead_regression,full,1.1,0.75,5,0.16606390070186677,0.05404041593673618
10,tweedie_direct_multilead_regression,full,1.2,0.9,5,0.16612826183793516,0.05422249971083264
10,tweedie_direct_multilead_regression,full,1.1,0.73,5,0.1661733135401962,0.05421095836490737
10,tweedie_direct_multilead_regression,reduced,1.1,0.1,5,0.16623716803500704,0.04621038956926281
10,tweedie_direct_multilead_regression,full,1.1,0.7,5,0.16628868857728463,0.05452589361935332
10,tweedie_direct_multilead_regression,full,1.05,0.6,5,0.1664726146909915,0.05482376339121425
10,tweedie_direct_multilead_regression,full,1.3,1.0,5,0.1664823684383721,0.05515991991384049
10,tweedie_direct_multilead_regression,full,1.2,0.8,5,0.1665490343344116,0.05504394327847692
10,tweedie_direct_multilead_regression,full,1.2,0.78,5,0.16665722014089204,0.055220008692570655
10,tweedie_direct_multilead_regression,full,1.2,0.75,5,0.16683055723705592,0.05549998404477545
10,tweedie_direct_multilead_regression,full,1.1,0.6,5,0.1669235422254489,0.055584291151441194
10,tweedie_direct_multilead_regression,full,1.3,0.9,5,0.16694105874761803,0.05584717828994976
10,tweedie_direct_multilead_regression,full,1.2,0.73,5,0.1669533600919346,0.05569684187977815
10,tweedie_direct_multilead_regression,full,1.2,0.7,5,0.167109259235033,0.05603603232229765
10,tweedie_direct_multilead_regression,full,1.05,0.5,5,0.1672636750650632,0.05627153786765198
10,tweedie_direct_multilead_regression,full,1.3,0.8,5,0.16750033997164424,0.05676196090751131
10,tweedie_direct_multilead_regression,full,1.3,0.78,5,0.16763874425322056,0.05695428852795312
10,tweedie_direct_multilead_regression,full,1.1,0.5,5,0.1677483079650318,0.05703098434393108
10,tweedie_direct_multilead_regression,reduced,1.9,0.5,5,0.16776845077094804,0.04910070614762865
10,tweedie_direct_multilead_regression,full,1.2,0.6,5,0.16782331104523657,0.05724131792847762
10,tweedie_direct_multilead_regression,full,1.3,0.75,5,0.16785191861424292,0.057235910906374206
10,tweedie_direct_multilead_regression,full,1.3,0.73,5,0.16799957153964665,0.057439574620541965
10,tweedie_direct_multilead_regression,full,1.3,0.7,5,0.16826270836829588,0.0577551574932178
10,tweedie_direct_multilead_regression,full,1.05,0.4,5,0.1683860715974895,0.057895434083249514
10,tweedie_direct_multilead_regression,full,1.5,1.0,5,0.16847844697990924,0.05833489363857052
10,tweedie_direct_multilead_regression,full,1.2,0.5,5,0.16895316414748443,0.058726068227644826
10,tweedie_direct_multilead_regression,reduced,1.5,0.2,5,0.16903741174399498,0.049025591456434287
10,tweedie_direct_multilead_regression,full,1.3,0.6,5,0.16906081548799257,0.05914238965261555
10,tweedie_direct_multilead_regression,full,1.5,0.9,5,0.16909284368522193,0.05921407754989168
10,tweedie_direct_multilead_regression,full,1.1,0.4,5,0.1691196912562766,0.05895655689871424
10,tweedie_direct_multilead_regression,reduced,1.7,0.3,5,0.1695096000325379,0.050000527443291275
10,tweedie_direct_multilead_regression,full,1.5,0.8,5,0.1698724928207353,0.06024151333826128
10,tweedie_direct_multilead_regression,full,1.5,0.78,5,0.17004762232357487,0.06046719037895777
10,tweedie_direct_multilead_regression,full,1.5,0.75,5,0.17034107280799024,0.06081818731593557
10,tweedie_direct_multilead_regression,reduced,1.2,0.1,5,0.17036221939640422,0.04933944165761006
10,tweedie_direct_multilead_regression,full,1.3,0.5,5,0.17036357406869182,0.06069136234725382
10,tweedie_direct_multilead_regression,full,1.2,0.4,5,0.17048561737348397,0.060719509215726976
10,tweedie_direct_multilead_regression,full,1.05,0.3,5,0.17053783814414786,0.06069387384677584
10,tweedie_direct_multilead_regression,full,1.5,0.73,5,0.17054584310711376,0.06106648476370517
10,tweedie_direct_multilead_regression,full,1.5,0.7,5,0.17087540637504434,0.061451440867609425
10,tweedie_direct_multilead_regression,full,1.1,0.3,5,0.17117908924476266,0.06143514022976257
10,tweedie_direct_multilead_regression,full,1.7,1.0,5,0.17130883816015685,0.062077273838691854
10,tweedie_direct_multilead_regression,full,1.5,0.6,5,0.17211961640685652,0.06280581746271452
10,tweedie_direct_multilead_regression,full,1.3,0.4,5,0.17219973547144635,0.06277800802659551
10,tweedie_direct_multilead_regression,full,1.7,0.9,5,0.17226017760602663,0.06313953223173822
10,tweedie_direct_multilead_regression,reduced,1.9,0.4,5,0.1728777097533488,0.05354138161348479
10,tweedie_direct_multilead_regression,full,1.2,0.3,5,0.17291870361291986,0.06349181105159213
10,tweedie_direct_multilead_regression,full,1.7,0.8,5,0.17348242729868785,0.06438974560301546
10,tweedie_direct_multilead_regression,full,1.7,0.78,5,0.17376947646280685,0.06467561612905405
10,tweedie_direct_multilead_regression,full,1.05,0.2,5,0.17390497258246598,0.0643294465426014
10,tweedie_direct_multilead_regression,full,1.5,0.5,5,0.17401993848287955,0.06474886715194222
10,tweedie_direct_multilead_regression,full,1.7,0.75,5,0.17419508778250342,0.06509397762331527
10,tweedie_direct_multilead_regression,full,1.7,0.73,5,0.17451155826730042,0.06539646585159457
10,tweedie_direct_multilead_regression,full,1.7,0.7,5,0.17502471454606755,0.0658628915383664
10,tweedie_direct_multilead_regression,full,1.1,0.2,5,0.17503434441376794,0.0654025002533668
10,tweedie_direct_multilead_regression,full,1.3,0.3,5,0.17510586668377712,0.06558004482890593
10,tweedie_direct_multilead_regression,reduced,1.3,0.1,5,0.17517537560697263,0.05340413605488073
10,tweedie_direct_multilead_regression,full,1.9,1.0,5,0.17586175633118845,0.06682198338250166
10,tweedie_direct_multilead_regression,full,1.5,0.4,5,0.17674300675693502,0.06725173458876467
10,tweedie_direct_multilead_regression,full,1.7,0.6,5,0.17702074623303476,0.0676811136824646
10,tweedie_direct_multilead_regression,full,1.9,0.9,5,0.1773306110697695,0.06815663613233859
10,tweedie_direct_multilead_regression,full,1.2,0.2,5,0.17754625115276476,0.06758488768626435
10,tweedie_direct_multilead_regression,full,1.9,0.8,5,0.17910857494984075,0.06968638951513625
10,tweedie_direct_multilead_regression,reduced,1.7,0.2,5,0.17923260125294918,0.0581846300278479
10,tweedie_direct_multilead_regression,full,1.9,0.78,5,0.179504381542068,0.07002586335674363
10,tweedie_direct_multilead_regression,full,1.7,0.5,5,0.1796966724200752,0.0699895324193061
10,tweedie_direct_multilead_regression,full,1.9,0.75,5,0.18011583940633635,0.07054643806517641
10,tweedie_direct_multilead_regression,reduced,1.9,0.3,5,0.18026850130478667,0.059955574227028983
10,tweedie_direct_multilead_regression,full,1.9,0.73,5,0.18055118174222234,0.07091845273432519
10,tweedie_direct_multilead_regression,full,1.3,0.2,5,0.18073912059800093,0.07050381900598465
10,tweedie_direct_multilead_regression,full,1.5,0.3,5,0.18097320314672236,0.07087328276078501
10,tweedie_direct_multilead_regression,full,1.9,0.7,5,0.18124748519305553,0.0714999005876777
10,tweedie_direct_multilead_regression,full,1.05,0.1,5,0.18338764436170277,0.07223977327966224
10,tweedie_direct_multilead_regression,full,1.7,0.4,5,0.18340592813120712,0.07296084337136621
10,tweedie_direct_multilead_regression,full,1.9,0.6,5,0.18400512277763065,0.07374192762955308
10,tweedie_direct_multilead_regression,full,1.1,0.1,5,0.18528063734277175,0.07379086460633441
10,tweedie_direct_multilead_regression,reduced,1.5,0.1,5,0.18571642381959094,0.06248226502562101
10,tweedie_direct_multilead_regression,full,1.9,0.5,5,0.18759088794476497,0.07654485106456395
10,tweedie_direct_multilead_regression,full,1.5,0.2,5,0.18814059660014265,0.07629886877499034
10,tweedie_direct_multilead_regression,full,1.7,0.3,5,0.1888942162332031,0.07712360353737549
10,tweedie_direct_multilead_regression,full,1.2,0.1,5,0.1889829087871287,0.0767321291106494
10,tweedie_direct_multilead_regression,reduced,1.9,0.2,5,0.19113786188038,0.06892845807596795
10,tweedie_direct_multilead_regression,full,1.9,0.4,5,0.19241193870836062,0.08011812645609417
10,tweedie_direct_multilead_regression,full,1.3,0.1,5,0.1933219832668537,0.07946482239641753
10,tweedie_direct_multilead_regression,reduced,1.7,0.1,5,0.19765084662952556,0.07256441028031277
10,tweedie_direct_multilead_regression,full,1.7,0.2,5,0.19766030494555825,0.0834538238238993
10,tweedie_direct_multilead_regression,full,1.9,0.3,5,0.1989082130812257,0.08478195349673681
10,tweedie_direct_multilead_regression,full,1.5,0.1,5,0.2028222393751727,0.08632160911482782
10,tweedie_direct_multilead_regression,full,1.9,0.2,5,0.208034899154607,0.09100697597258095
10,tweedie_direct_multilead_regression,reduced,1.9,0.1,5,0.2099639347418356,0.0816121841702362
10,tweedie_direct_multilead_regression,full,1.7,0.1,5,0.21275628977403063,0.09332297489678973
10,tweedie_direct_multilead_regression,reduced,1.05,0.01,5,0.220446394469595,0.08575473943352112
10,tweedie_direct_multilead_regression,full,1.9,0.1,5,0.22285544615755054,0.09983528670477239
10,tweedie_direct_multilead_regression,reduced,1.1,0.01,5,0.22391026064027592,0.08873750570022869
10,tweedie_direct_multilead_regression,full,1.05,0.01,5,0.22551354771202664,0.09892648936535582
10,tweedie_direct_multilead_regression,reduced,1.2,0.01,5,0.22713375751836176,0.08907875597891633
10,tweedie_direct_multilead_regression,full,1.1,0.01,5,0.22744638575290527,0.09981458808783515
10,tweedie_direct_multilead_regression,full,1.2,0.01,5,0.2312909513282345,0.10094680063990369
10,tweedie_direct_multilead_regression,reduced,1.3,0.01,5,0.23226290062775418,0.0913948811973242
10,tweedie_direct_multilead_regression,full,1.3,0.01,5,0.2328085820975788,0.10139041298042396
10,tweedie_direct_multilead_regression,full,1.5,0.01,5,0.23614346054226823,0.1009401940199414
10,tweedie_direct_multilead_regression,full,1.7,0.01,5,0.23818349717285586,0.10241307338535639
10,tweedie_direct_multilead_regression,reduced,1.5,0.01,5,0.24250369264356494,0.09839804256441582
10,tweedie_direct_multilead_regression,full,1.9,0.01,5,0.2456022273719117,0.10395913794495884
10,tweedie_direct_multilead_regression,full,1.05,0.001,5,0.248432914444961,0.0992053681476314
10,tweedie_direct_multilead_regression,reduced,1.7,0.01,5,0.24844984776663592,0.10435911068084174
10,tweedie_direct_multilead_regression,full,1.1,0.001,5,0.25279700637956265,0.10133555239797579
10,tweedie_direct_multilead_regression,reduced,1.9,0.01,5,0.2559107908972976,0.1160613837289456
10,tweedie_direct_multilead_regression,reduced,1.05,0.001,5,0.2603502398620468,0.12136014145751949
10,tweedie_direct_multilead_regression,full,1.2,0.001,5,0.2615421325934232,0.10538146286297398
10,tweedie_direct_multilead_regression,reduced,1.1,0.001,5,0.2636687874240426,0.12513914287956132
10,tweedie_direct_multilead_regression,full,1.3,0.001,5,0.27547488098060846,0.11090046700925603
10,tweedie_direct_multilead_regression,reduced,1.2,0.001,5,0.2764698946922565,0.13117113727487031
10,tweedie_direct_multilead_regression,reduced,1.3,0.001,5,0.2929167990931858,0.13317912660735653
10,tweedie_direct_multilead_regression,full,1.5,0.001,5,0.31503202246748085,0.14040122698688523
10,tweedie_direct_multilead_regression,reduced,1.5,0.001,5,0.3457665368397818,0.19077861014796996
10,tweedie_direct_multilead_regression,full,1.7,0.001,5,0.35899117313483037,0.20592912391245813
10,tweedie_direct_multilead_regression,reduced,1.7,0.001,5,0.41298443646420535,0.3100610766626987
10,tweedie_direct_multilead_regression,full,1.9,0.001,5,0.42880389284461584,0.31837870952284975
10,tweedie_direct_multilead_regression,full,1.05,0.0,5,0.43722355100115423,0.38428532921670017
10,tweedie_direct_multilead_regression,reduced,1.9,0.001,5,0.4858214752454352,0.46527906840382777
10,tweedie_direct_multilead_regression,full,1.1,0.0,5,0.49116792315329494,0.4821840224822186
10,tweedie_direct_multilead_regression,full,1.2,0.0,5,0.5116156701218444,0.5111778335880073
10,tweedie_direct_multilead_regression,full,1.3,0.0,5,0.5243089050238345,0.5066116898420558
10,tweedie_direct_multilead_regression,reduced,1.05,0.0,5,0.5954123531488146,0.7137988786169277
10,tweedie_direct_multilead_regression,full,1.5,0.0,5,0.5963509382777396,0.5641791431112834
10,tweedie_direct_multilead_regression,reduced,1.1,0.0,5,0.5990840977877393,0.7103255972240927
10,tweedie_direct_multilead_regression,reduced,1.5,0.0,5,0.5996339594937851,0.7335594142312875
10,tweedie_direct_multilead_regression,reduced,1.2,0.0,5,0.6019679518416658,0.7166518547933867
10,tweedie_direct_multilead_regression,reduced,1.7,0.0,5,0.6048251641548616,0.7400267445854213
10,tweedie_direct_multilead_regression,reduced,1.3,0.0,5,0.605114128978169,0.7276180941008813
10,tweedie_direct_multilead_regression,reduced,1.9,0.0,5,0.6091925809984331,0.7460194540707316
10,tweedie_direct_multilead_regression,full,1.7,0.0,5,0.6281534435565236,0.591027189536979
10,tweedie_direct_multilead_regression,full,1.9,0.0,5,0.6763793507225209,0.6565266512040214
11,tweedie_direct_multilead_regression,reduced,1.05,0.2,5,0.3129756106029717,0.13571511979308307
11,tweedie_direct_multilead_regression,reduced,1.3,0.4,5,0.3130944005690954,0.13563807374191617
11,tweedie_direct_multilead_regression,reduced,1.2,0.3,5,0.3131131055495991,0.13567782079601237
11,tweedie_direct_multilead_regression,reduced,1.1,0.3,5,0.31317388440013977,0.1369846251835641
11,tweedie_direct_multilead_regression,reduced,1.3,0.5,5,0.3131831320800631,0.13684149255826725
11,tweedie_direct_multilead_regression,reduced,1.5,0.7,5,0.313212463276569,0.13562579227097193
11,tweedie_direct_multilead_regression,reduced,1.5,0.73,5,0.3132254323406487,0.13589997654853342
11,tweedie_direct_multilead_regression,reduced,1.5,0.75,5,0.3132353917230849,0.13608857079411063
11,tweedie_direct_multilead_regression,reduced,1.5,0.6,5,0.313276507664711,0.13466224800529733
11,tweedie_direct_multilead_regression,reduced,1.5,0.78,5,0.3132787684111273,0.13634209814656806
11,tweedie_direct_multilead_regression,reduced,1.5,0.8,5,0.31331273058723397,0.1365072581955035
11,tweedie_direct_multilead_regression,reduced,1.1,0.2,5,0.3133171535285531,0.1351996365661645
11,tweedie_direct_multilead_regression,reduced,1.05,0.3,5,0.31334045508581676,0.1375466875343141
11,tweedie_direct_multilead_regression,reduced,1.2,0.4,5,0.3133492998154545,0.13724192239931515
11,tweedie_direct_multilead_regression,reduced,1.7,1.0,5,0.3134526656427391,0.1342229187058896
11,tweedie_direct_multilead_regression,reduced,1.5,0.9,5,0.3135689705679798,0.13729591647952197
11,tweedie_direct_multilead_regression,reduced,1.3,0.6,5,0.31372805553446637,0.1379600178157025
11,tweedie_direct_multilead_regression,reduced,1.7,0.9,5,0.31372834160058016,0.13355446636383694
11,tweedie_direct_multilead_regression,reduced,1.3,0.3,5,0.31372961001143396,0.13432000497203606
11,tweedie_direct_multilead_regression,reduced,1.5,0.5,5,0.31386561450234984,0.13376258830173182
11,tweedie_direct_multilead_regression,reduced,1.2,0.5,5,0.3139558377025482,0.13837992179974148
11,tweedie_direct_multilead_regression,reduced,1.5,1.0,5,0.3139625147202173,0.1380574423023996
11,tweedie_direct_multilead_regression,reduced,1.1,0.4,5,0.31415628830794495,0.1386249496754885
11,tweedie_direct_multilead_regression,reduced,1.7,0.8,5,0.3142706842399484,0.1329043113988047
11,tweedie_direct_multilead_regression,reduced,1.7,0.78,5,0.31441219256342495,0.13276971271538193
11,tweedie_direct_multilead_regression,reduced,1.3,0.7,5,0.31445130283731854,0.13899955383302337
11,tweedie_direct_multilead_regression,reduced,1.7,0.75,5,0.3146479730550674,0.13256639806694318
11,tweedie_direct_multilead_regression,reduced,1.2,0.2,5,0.31465525633567226,0.13435807039697084
11,tweedie_direct_multilead_regression,reduced,1.3,0.73,5,0.3147498160636991,0.13935357373268656
11,tweedie_direct_multilead_regression,reduced,1.7,0.73,5,0.3148248296258811,0.13243038205626462
11,tweedie_direct_multilead_regression,reduced,1.05,0.4,5,0.3148838442660746,0.1394262741091751
11,tweedie_direct_multilead_regression,reduced,1.3,0.75,5,0.3149491261900529,0.139581274474082
11,tweedie_direct_multilead_regression,reduced,1.2,0.6,5,0.3150110102981321,0.13964575475491262
11,tweedie_direct_multilead_regression,reduced,1.7,0.7,5,0.31512126105626315,0.1322267423706472
11,tweedie_direct_multilead_regression,reduced,1.3,0.78,5,0.3152354593090279,0.13990021565562827
11,tweedie_direct_multilead_regression,reduced,1.5,0.4,5,0.3152668408190662,0.13284018454737678
11,tweedie_direct_multilead_regression,reduced,1.3,0.8,5,0.315422723843313,0.1401088651015939
11,tweedie_direct_multilead_regression,reduced,1.1,0.5,5,0.31560351195441827,0.1401655680128198
11,tweedie_direct_multilead_regression,reduced,1.2,0.7,5,0.3162539437762919,0.14093755254945123
11,tweedie_direct_multilead_regression,reduced,1.3,0.9,5,0.31632079281544423,0.1410534388696818
11,tweedie_direct_multilead_regression,reduced,1.7,0.6,5,0.31645039060640856,0.13154200882944375
11,tweedie_direct_multilead_regression,reduced,1.2,0.73,5,0.3166126515782762,0.14125994055935073
11,tweedie_direct_multilead_regression,reduced,1.05,0.5,5,0.3166168310663849,0.1410582805274055
11,tweedie_direct_multilead_regression,reduced,1.9,1.0,5,0.31679550857437244,0.1303630272420869
11,tweedie_direct_multilead_regression,reduced,1.3,0.2,5,0.3168127822463259,0.13329799695087505
11,tweedie_direct_multilead_regression,reduced,1.2,0.75,5,0.3168443823485953,0.14146741824175058
11,tweedie_direct_multilead_regression,reduced,1.1,0.6,5,0.317193641862077,0.14167444152008385
11,tweedie_direct_multilead_regression,reduced,1.2,0.78,5,0.3171966112097528,0.14177495140543925
11,tweedie_direct_multilead_regression,reduced,1.3,1.0,5,0.3172320805710044,0.1419077649734662
11,tweedie_direct_multilead_regression,reduced,1.2,0.8,5,0.31744307916195413,0.14196176294360724
11,tweedie_direct_multilead_regression,reduced,1.05,0.1,5,0.31762061569369504,0.13479595954360984
11,tweedie_direct_multilead_regression,reduced,1.9,0.9,5,0.3179558802876834,0.12976886344393526
11,tweedie_direct_multilead_regression,reduced,1.05,0.6,5,0.3181924753028919,0.14229016321018362
11,tweedie_direct_multilead_regression,reduced,1.5,0.3,5,0.318326494360612,0.13217896276266483
11,tweedie_direct_multilead_regression,reduced,1.7,0.5,5,0.3185457097554206,0.13083015848659468
11,tweedie_direct_multilead_regression,reduced,1.2,0.9,5,0.31863526676327003,0.1429360670201591
11,tweedie_direct_multilead_regression,reduced,1.1,0.7,5,0.31869931801141393,0.14281875034683394
11,tweedie_direct_multilead_regression,reduced,1.1,0.73,5,0.31893053168747476,0.14295480163193455
11,tweedie_direct_multilead_regression,reduced,1.1,0.75,5,0.31922600801443346,0.14318074147372592
11,tweedie_direct_multilead_regression,reduced,1.1,0.1,5,0.3192587552693267,0.134644997138587
11,tweedie_direct_multilead_regression,reduced,1.9,0.8,5,0.3194975444974152,0.12915432820886794
11,tweedie_direct_multilead_regression,reduced,1.1,0.78,5,0.31966702044875217,0.14351693273034288
11,tweedie_direct_multilead_regression,reduced,1.2,1.0,5,0.3197847979163144,0.14385681287909752
11,tweedie_direct_multilead_regression,reduced,1.9,0.78,5,0.31986426766025533,0.1290381628724211
11,tweedie_direct_multilead_regression,reduced,1.05,0.7,5,0.319867150512848,0.14355233027716469
11,tweedie_direct_multilead_regression,reduced,1.1,0.8,5,0.3199597323428597,0.14373759176773027
11,tweedie_direct_multilead_regression,reduced,1.05,0.73,5,0.32035776559032586,0.14391158709579016
11,tweedie_direct_multilead_regression,reduced,1.9,0.75,5,0.3204563793607246,0.12885032384391606
11,tweedie_direct_multilead_regression,reduced,1.05,0.75,5,0.3206813432793443,0.14414877510314522
11,tweedie_direct_multilead_regression,reduced,1.9,0.73,5,0.32088277412960936,0.12873424751290022
11,tweedie_direct_multilead_regression,reduced,1.05,0.78,5,0.32115730050516167,0.14449675438753587
11,tweedie_direct_multilead_regression,reduced,1.1,0.9,5,0.3213764839979298,0.14479236780435809
11,tweedie_direct_multilead_regression,reduced,1.05,0.8,5,0.32146728896886934,0.14472365778815413
11,tweedie_direct_multilead_regression,reduced,1.9,0.7,5,0.3215784073857576,0.1285560720221886
11,tweedie_direct_multilead_regression,full,1.05,0.5,5,0.32191017764326124,0.1384341326933211
11,tweedie_direct_multilead_regression,reduced,1.7,0.4,5,0.3219325045208866,0.1302203747255807
11,tweedie_direct_multilead_regression,full,1.05,0.6,5,0.32201157487749305,0.1400484541206817
11,tweedie_direct_multilead_regression,full,1.1,0.6,5,0.3220748234221683,0.13891989458888535
11,tweedie_direct_multilead_regression,full,1.1,0.5,5,0.32208705774988294,0.137336910633294
11,tweedie_direct_multilead_regression,full,1.05,0.4,5,0.32214695672633864,0.13660354801089247
11,tweedie_direct_multilead_regression,full,1.1,0.7,5,0.3221913399428637,0.14036814275504672
11,tweedie_direct_multilead_regression,full,1.1,0.73,5,0.32223630249652724,0.14077605785479452
11,tweedie_direct_multilead_regression,full,1.05,0.7,5,0.32227594998076725,0.14160474844631601
11,tweedie_direct_multilead_regression,full,1.1,0.75,5,0.32227725916969313,0.14105598592480903
11,tweedie_direct_multilead_regression,full,1.2,0.78,5,0.322285671834072,0.1390576835920431
11,tweedie_direct_multilead_regression,full,1.2,0.8,5,0.3222891839179537,0.13928845786107213
11,tweedie_direct_multilead_regression,full,1.2,0.75,5,0.3222894634071297,0.13870864951295758
11,tweedie_direct_multilead_regression,full,1.1,0.8,5,0.32229167360025446,0.14153884172824424
11,tweedie_direct_multilead_regression,full,1.2,0.73,5,0.3222992767488712,0.13847646130786595
11,tweedie_direct_multilead_regression,full,1.05,0.73,5,0.3223031626150156,0.14186684765195268
11,tweedie_direct_multilead_regression,full,1.2,0.7,5,0.32233329165667846,0.1381211567561713
11,tweedie_direct_multilead_regression,full,1.1,0.78,5,0.3223630185396079,0.14147158756714126
11,tweedie_direct_multilead_regression,full,1.05,0.75,5,0.32238772728445786,0.14216808528602612
11,tweedie_direct_multilead_regression,full,1.2,0.9,5,0.3224031427019659,0.1404436172441134
11,tweedie_direct_multilead_regression,full,1.2,1.0,5,0.32251878869959333,0.14145464801395433
11,tweedie_direct_multilead_regression,full,1.05,0.78,5,0.3225227638044687,0.14261801225831955
11,tweedie_direct_multilead_regression,full,1.3,1.0,5,0.3225349847768855,0.13906224963715003
11,tweedie_direct_multilead_regression,full,1.05,0.8,5,0.3225951357212361,0.1428823849368629
11,tweedie_direct_multilead_regression,full,1.3,0.9,5,0.3226017140320268,0.13813716249248867
11,tweedie_direct_multilead_regression,full,1.2,0.6,5,0.32262166504240086,0.13693377682755034
11,tweedie_direct_multilead_regression,reduced,1.1,1.0,5,0.32269076206143565,0.145760644434092
11,tweedie_direct_multilead_regression,full,1.1,0.9,5,0.3226907814258264,0.14290044191956303
11,tweedie_direct_multilead_regression,full,1.1,0.4,5,0.32269675779542967,0.13580050934850557
11,tweedie_direct_multilead_regression,full,1.3,0.8,5,0.3227961871283898,0.1371748172847886
11,tweedie_direct_multilead_regression,full,1.3,0.78,5,0.3228523691376555,0.13698139675227058
11,tweedie_direct_multilead_regression,reduced,1.05,0.9,5,0.3229339411816837,0.14579343725418087
11,tweedie_direct_multilead_regression,full,1.3,0.75,5,0.3229524767351622,0.13668589233629333
11,tweedie_direct_multilead_regression,full,1.3,0.73,5,0.3230093747959502,0.13647509307400932
11,tweedie_direct_multilead_regression,reduced,1.2,0.1,5,0.3230211298122896,0.1338942419954085
11,tweedie_direct_multilead_regression,full,1.05,0.9,5,0.3230309081346292,0.1441845168961151
11,tweedie_direct_multilead_regression,full,1.1,1.0,5,0.32308123234164265,0.14405784691861398
11,tweedie_direct_multilead_regression,full,1.2,0.5,5,0.323135236567465,0.13564058080876046
11,tweedie_direct_multilead_regression,full,1.3,0.7,5,0.323145088561815,0.136171815990649
11,tweedie_direct_multilead_regression,full,1.05,0.3,5,0.3231650545554018,0.13481787808625995
11,tweedie_direct_multilead_regression,full,1.05,1.0,5,0.3234640348040734,0.14528663829995475
11,tweedie_direct_multilead_regression,full,1.3,0.6,5,0.3238231769882333,0.13518558280156365
11,tweedie_direct_multilead_regression,full,1.1,0.3,5,0.324162702291203,0.1342602404917387
11,tweedie_direct_multilead_regression,reduced,1.05,1.0,5,0.32420415405057745,0.14662125864556963
11,tweedie_direct_multilead_regression,full,1.2,0.4,5,0.3242655338805085,0.1343812508446146
11,tweedie_direct_multilead_regression,reduced,1.9,0.6,5,0.3244333464333696,0.12794093780023413
11,tweedie_direct_multilead_regression,full,1.5,1.0,5,0.32449031189867916,0.13492671833632697
11,tweedie_direct_multilead_regression,reduced,1.5,0.2,5,0.324725446104274,0.13151237153682427
11,tweedie_direct_multilead_regression,full,1.3,0.5,5,0.3248840751860321,0.13417873244747364
11,tweedie_direct_multilead_regression,full,1.5,0.9,5,0.3251151696589262,0.13426440009881538
11,tweedie_direct_multilead_regression,full,1.05,0.2,5,0.3259197409199194,0.1332102332436587
11,tweedie_direct_multilead_regression,full,1.5,0.8,5,0.32594627015022953,0.13360710216191005
11,tweedie_direct_multilead_regression,full,1.5,0.78,5,0.3261556930944325,0.13349285660743926
11,tweedie_direct_multilead_regression,full,1.2,0.3,5,0.3264340969284362,0.13313095269857175
11,tweedie_direct_multilead_regression,full,1.5,0.75,5,0.32647666314882373,0.1332982612476676
11,tweedie_direct_multilead_regression,full,1.3,0.4,5,0.32663180991478974,0.1331651620557098
11,tweedie_direct_multilead_regression,full,1.5,0.73,5,0.32671208440294497,0.1331631811132563
11,tweedie_direct_multilead_regression,full,1.5,0.7,5,0.32708942910971694,0.13297498618647216
11,tweedie_direct_multilead_regression,full,1.1,0.2,5,0.32737899956260225,0.13286379635824044
11,tweedie_direct_multilead_regression,reduced,1.7,0.3,5,0.3280150878255532,0.13020105762010978
11,tweedie_direct_multilead_regression,reduced,1.3,0.1,5,0.32821798999162094,0.13335654372083705
11,tweedie_direct_multilead_regression,reduced,1.9,0.5,5,0.32863604703026705,0.1275465895052679
11,tweedie_direct_multilead_regression,full,1.5,0.6,5,0.3286490299898909,0.13236232136006387
11,tweedie_direct_multilead_regression,full,1.3,0.3,5,0.32966393098066554,0.13236430074727631
11,tweedie_direct_multilead_regression,full,1.7,1.0,5,0.3299141080980138,0.13170151857924986
11,tweedie_direct_multilead_regression,full,1.5,0.5,5,0.33087091209500696,0.131859695015528
11,tweedie_direct_multilead_regression,full,1.2,0.2,5,0.3310645341430918,0.13249134610311328
11,tweedie_direct_multilead_regression,full,1.7,0.9,5,0.33127348325840084,0.13131192869110203
11,tweedie_direct_multilead_regression,full,1.7,0.8,5,0.33294065481563545,0.13095297830676247
11,tweedie_direct_multilead_regression,full,1.7,0.78,5,0.33329756864507487,0.13089345797663332
11,tweedie_direct_multilead_regression,full,1.7,0.75,5,0.33388397287295,0.13078835056641142
11,tweedie_direct_multilead_regression,full,1.5,0.4,5,0.33412627998298267,0.1315545035995211
11,tweedie_direct_multilead_regression,full,1.7,0.73,5,0.3343157848328621,0.13074062909105308
11,tweedie_direct_multilead_regression,reduced,1.9,0.4,5,0.33468429600323824,0.12734074749993882
11,tweedie_direct_multilead_regression,full,1.05,0.1,5,0.3348412875425829,0.13303763851122463
11,tweedie_direct_multilead_regression,full,1.7,0.7,5,0.3349726608993536,0.13067350191767513
11,tweedie_direct_multilead_regression,full,1.3,0.2,5,0.3356348122016163,0.13229889388340363
11,tweedie_direct_multilead_regression,full,1.1,0.1,5,0.33728545008282756,0.1331944483564775
11,tweedie_direct_multilead_regression,full,1.7,0.6,5,0.3375834842381698,0.13046855841501726
11,tweedie_direct_multilead_regression,full,1.5,0.3,5,0.3390927409922411,0.1315000316631254
11,tweedie_direct_multilead_regression,reduced,1.7,0.2,5,0.3395285688076948,0.1312412259147922
11,tweedie_direct_multilead_regression,full,1.9,1.0,5,0.339657606181362,0.129093973030636
11,tweedie_direct_multilead_regression,full,1.7,0.5,5,0.34110824825314434,0.13042710881891567
11,tweedie_direct_multilead_regression,full,1.9,0.9,5,0.3417621357863624,0.1290019432270619
11,tweedie_direct_multilead_regression,full,1.2,0.1,5,0.34305635658332206,0.1337071418955794
11,tweedie_direct_multilead_regression,reduced,1.9,0.3,5,0.3441483155588421,0.12788011884997383
11,tweedie_direct_multilead_regression,full,1.9,0.8,5,0.34426079996725617,0.12897716354971478
11,tweedie_direct_multilead_regression,full,1.9,0.78,5,0.3448174716969513,0.1289847526196711
11,tweedie_direct_multilead_regression,reduced,1.5,0.1,5,0.34514752305097485,0.13590110526863652
11,tweedie_direct_multilead_regression,full,1.9,0.75,5,0.3456902842884226,0.12900824792876697
11,tweedie_direct_multilead_regression,full,1.7,0.4,5,0.34581489656391656,0.1306883583266669
11,tweedie_direct_multilead_regression,full,1.9,0.73,5,0.3463021601301472,0.12903354009501974
11,tweedie_direct_multilead_regression,full,1.9,0.7,5,0.3472602917142375,0.1290743278309155
11,tweedie_direct_multilead_regression,full,1.5,0.2,5,0.34776354498190576,0.1326117634804207
11,tweedie_direct_multilead_regression,full,1.3,0.1,5,0.3499565961038519,0.13456014616322415
11,tweedie_direct_multilead_regression,full,1.9,0.6,5,0.350942254622882,0.12924271414433788
11,tweedie_direct_multilead_regression,full,1.7,0.3,5,0.35282097170190296,0.13151190398217946
11,tweedie_direct_multilead_regression,full,1.9,0.5,5,0.3557809874323291,0.12975990265954124
11,tweedie_direct_multilead_regression,reduced,1.9,0.2,5,0.36048076114942973,0.13071486214793604
11,tweedie_direct_multilead_regression,full,1.9,0.4,5,0.3621469822568383,0.13064618402522774
11,tweedie_direct_multilead_regression,full,1.7,0.2,5,0.3642854618397585,0.13339526683949776
11,tweedie_direct_multilead_regression,full,1.5,0.1,5,0.36671384726657025,0.13616789169690602
11,tweedie_direct_multilead_regression,reduced,1.7,0.1,5,0.3675858755551201,0.13903160476092633
11,tweedie_direct_multilead_regression,full,1.9,0.3,5,0.3714373819378796,0.13248012138834245
11,tweedie_direct_multilead_regression,full,1.9,0.2,5,0.3868657159188554,0.13652404949789143
11,tweedie_direct_multilead_regression,full,1.7,0.1,5,0.3899254782572784,0.14015785957320365
11,tweedie_direct_multilead_regression,reduced,1.9,0.1,5,0.3952116427378175,0.14264702891318135
11,tweedie_direct_multilead_regression,reduced,1.05,0.01,5,0.39784952291116527,0.1752139802756614
11,tweedie_direct_multilead_regression,full,1.05,0.01,5,0.4030523817660857,0.1525064320651573
11,tweedie_direct_multilead_regression,reduced,1.1,0.01,5,0.40724998757493996,0.18059590807698025
11,tweedie_direct_multilead_regression,full,1.1,0.01,5,0.41171588907295853,0.15472613664873275
11,tweedie_direct_multilead_regression,full,1.9,0.1,5,0.4216093663974402,0.14771886398118625
11,tweedie_direct_multilead_regression,reduced,1.2,0.01,5,0.4245643780120355,0.1916059035891626
11,tweedie_direct_multilead_regression,full,1.2,0.01,5,0.4317509361826076,0.16161916290181585
11,tweedie_direct_multilead_regression,reduced,1.3,0.01,5,0.4400162291268378,0.2024954489905546
11,tweedie_direct_multilead_regression,full,1.3,0.01,5,0.45457290322972527,0.16814229834777936
11,tweedie_direct_multilead_regression,reduced,1.5,0.01,5,0.4764102479407559,0.22663407651750728
11,tweedie_direct_multilead_regression,full,1.5,0.01,5,0.5059103474506447,0.18823024222220555
11,tweedie_direct_multilead_regression,reduced,1.7,0.01,5,0.5113582605793371,0.24933335389860364
11,tweedie_direct_multilead_regression,reduced,1.9,0.01,5,0.5447780176141382,0.26586372104018685
11,tweedie_direct_multilead_regression,reduced,1.05,0.001,5,0.5481205351770916,0.32439476880629
11,tweedie_direct_multilead_regression,reduced,1.1,0.001,5,0.557719882472214,0.33342701401539426
11,tweedie_direct_multilead_regression,full,1.7,0.01,5,0.5656466562466991,0.2152070610255811
11,tweedie_direct_multilead_regression,reduced,1.2,0.001,5,0.5725385889412243,0.3464006693649498
11,tweedie_direct_multilead_regression,reduced,1.3,0.001,5,0.5837389675115197,0.35091983108239133
11,tweedie_direct_multilead_regression,full,1.05,0.001,5,0.590996774769042,0.2326705961141701
11,tweedie_direct_multilead_regression,full,1.1,0.001,5,0.6003746718428593,0.2384015496622317
11,tweedie_direct_multilead_regression,reduced,1.5,0.001,5,0.6116539405457948,0.35210336067676
11,tweedie_direct_multilead_regression,full,1.2,0.001,5,0.6390095522315693,0.2619018866461356
11,tweedie_direct_multilead_regression,full,1.9,0.01,5,0.6443604699310053,0.24451113970091182
11,tweedie_direct_multilead_regression,reduced,1.7,0.001,5,0.6505803601439617,0.3327984975074514
11,tweedie_direct_multilead_regression,reduced,1.1,0.0,5,0.6548360737078339,0.41130494350413954
11,tweedie_direct_multilead_regression,full,1.3,0.001,5,0.6788855151895861,0.27587183949520316
11,tweedie_direct_multilead_regression,reduced,1.05,0.0,5,0.683945819880422,0.4051429197498594
11,tweedie_direct_multilead_regression,reduced,1.9,0.001,5,0.7211096007745954,0.3388715589589642
11,tweedie_direct_multilead_regression,reduced,1.2,0.0,5,0.7284993801068398,0.4021817118837122
11,tweedie_direct_multilead_regression,reduced,1.3,0.0,5,0.7323439148599558,0.39766954391744586
11,tweedie_direct_multilead_regression,full,1.5,0.001,5,0.7770728079564013,0.3130415971098535
11,tweedie_direct_multilead_regression,full,1.05,0.0,5,0.8126966905443632,0.3766489321784259
11,tweedie_direct_multilead_regression,full,1.1,0.0,5,0.8596474515511116,0.40370388442926336
11,tweedie_direct_multilead_regression,full,1.7,0.001,5,0.8628690694947243,0.33665037187254804
11,tweedie_direct_multilead_regression,full,1.2,0.0,5,0.9164471381395025,0.4190468268335574
11,tweedie_direct_multilead_regression,reduced,1.5,0.0,5,0.9213771743384209,0.6188477453314285
11,tweedie_direct_multilead_regression,reduced,1.9,0.0,5,0.9230541874611783,0.6223058808146341
11,tweedie_direct_multilead_regression,reduced,1.7,0.0,5,0.9243577624534514,0.6279091415961688
11,tweedie_direct_multilead_regression,full,1.3,0.0,5,0.9531025424667711,0.44939868994229976
11,tweedie_direct_multilead_regression,full,1.9,0.001,5,0.9812180334589055,0.393335635053635
11,tweedie_direct_multilead_regression,full,1.5,0.0,5,1.1347601800204523,0.5696043442472187
11,tweedie_direct_multilead_regression,full,1.7,0.0,5,1.2788122567299163,0.5802130574958071
11,tweedie_direct_multilead_regression,full,1.9,0.0,5,1.461613882344291,0.3834648253380394
12,tweedie_direct_multilead_regression,reduced,1.05,1.0,5,1.1366810150108644,0.07134460900207293
12,tweedie_direct_multilead_regression,reduced,1.05,0.9,5,1.136737877145751,0.07136378842593251
12,tweedie_direct_multilead_regression,reduced,1.05,0.8,5,1.1368079869688912,0.07138780781776652
12,tweedie_direct_multilead_regression,reduced,1.05,0.78,5,1.136823962306297,0.0713934048822283
12,tweedie_direct_multilead_regression,reduced,1.1,1.0,5,1.1368328354635084,0.07139331542215055
12,tweedie_direct_multilead_regression,reduced,1.05,0.75,5,1.136849385232156,0.07140237909692136
12,tweedie_direct_multilead_regression,reduced,1.05,0.73,5,1.1368674146905804,0.07140875978805922
12,tweedie_direct_multilead_regression,reduced,1.05,0.7,5,1.1368961836444074,0.07141907128829633
12,tweedie_direct_multilead_regression,reduced,1.1,0.9,5,1.1369012974485866,0.07141591080531631
12,tweedie_direct_multilead_regression,reduced,1.1,0.8,5,1.1369897772438184,0.07144718441978785
12,tweedie_direct_multilead_regression,reduced,1.1,0.78,5,1.1370094799520465,0.07145439921026031
12,tweedie_direct_multilead_regression,reduced,1.05,0.6,5,1.1370212762968603,0.07144903241864338
12,tweedie_direct_multilead_regression,reduced,1.1,0.75,5,1.1370408159334287,0.07146592632898481
12,tweedie_direct_multilead_regression,reduced,1.1,0.73,5,1.137062968455956,0.07147415745480172
12,tweedie_direct_multilead_regression,reduced,1.1,0.7,5,1.1370766701957626,0.07144240709544156
12,tweedie_direct_multilead_regression,reduced,1.05,0.5,5,1.137164845266215,0.07151569297813272
12,tweedie_direct_multilead_regression,reduced,1.1,0.6,5,1.1372094975079512,0.07148302978444182
12,tweedie_direct_multilead_regression,reduced,1.2,1.0,5,1.1372140588213135,0.07148388717649312
12,tweedie_direct_multilead_regression,reduced,1.2,0.9,5,1.137313052154072,0.07151567210044711
12,tweedie_direct_multilead_regression,reduced,1.05,0.4,5,1.137349554374236,0.07152837392754335
12,tweedie_direct_multilead_regression,reduced,1.1,0.5,5,1.1373885998841644,0.07153745769692053
12,tweedie_direct_multilead_regression,reduced,1.2,0.8,5,1.1374357291894917,0.07155235321730323
12,tweedie_direct_multilead_regression,reduced,1.2,0.78,5,1.137464042316229,0.07156017064878593
12,tweedie_direct_multilead_regression,reduced,1.2,0.75,5,1.1375089856745677,0.07157249462251868
12,tweedie_direct_multilead_regression,reduced,1.2,0.73,5,1.1375410019257504,0.07158094522996224
12,tweedie_direct_multilead_regression,reduced,1.2,0.7,5,1.1375930281997595,0.07159361874423986
12,tweedie_direct_multilead_regression,full,1.05,1.0,5,1.1375987842642759,0.07276813682461923
12,tweedie_direct_multilead_regression,reduced,1.1,0.4,5,1.1376572391611468,0.07160321001916933
12,tweedie_direct_multilead_regression,full,1.05,0.9,5,1.1376831648560108,0.0728995387424383
12,tweedie_direct_multilead_regression,reduced,1.05,0.3,5,1.137698142836774,0.07161140343551148
12,tweedie_direct_multilead_regression,full,1.05,0.8,5,1.1377782214520964,0.07305404352157699
12,tweedie_direct_multilead_regression,full,1.05,0.78,5,1.1377990263684825,0.0730881390699233
12,tweedie_direct_multilead_regression,full,1.1,1.0,5,1.137799542071567,0.07310540534998448
12,tweedie_direct_multilead_regression,reduced,1.2,0.6,5,1.1378024481765225,0.0716379924850143
12,tweedie_direct_multilead_regression,full,1.05,0.75,5,1.1378314617106298,0.07314157022571102
12,tweedie_direct_multilead_regression,full,1.05,0.73,5,1.1378541861200386,0.07317871977719356
12,tweedie_direct_multilead_regression,full,1.1,0.9,5,1.1378865821990296,0.07325145190420397
12,tweedie_direct_multilead_regression,full,1.05,0.7,5,1.1378902941374363,0.07323681682831647
12,tweedie_direct_multilead_regression,full,1.1,0.78,5,1.1379735454053423,0.07347974801979026
12,tweedie_direct_multilead_regression,full,1.1,0.8,5,1.1379879796875907,0.07341969007387923
12,tweedie_direct_multilead_regression,full,1.1,0.75,5,1.1380034920438984,0.07354010206450656
12,tweedie_direct_multilead_regression,full,1.05,0.6,5,1.1380130664593162,0.07346165119836416
12,tweedie_direct_multilead_regression,full,1.1,0.73,5,1.1380241774977364,0.07358213954215875
12,tweedie_direct_multilead_regression,full,1.1,0.7,5,1.1380566954534794,0.07364799507501116
12,tweedie_direct_multilead_regression,reduced,1.1,0.3,5,1.138072447367946,0.07168881996191984
12,tweedie_direct_multilead_regression,reduced,1.2,0.5,5,1.1380909934825005,0.07168506865985437
12,tweedie_direct_multilead_regression,full,1.05,0.5,5,1.1381122081544004,0.0737725141076235
12,tweedie_direct_multilead_regression,full,1.1,0.5,5,1.1381353062550263,0.0741439827078269
12,tweedie_direct_multilead_regression,full,1.1,0.6,5,1.1381746286716503,0.07389764532545381
12,tweedie_direct_multilead_regression,full,1.05,0.4,5,1.1382599415825654,0.07415257953628826
12,tweedie_direct_multilead_regression,reduced,1.05,0.2,5,1.138322833058734,0.0717314835164541
12,tweedie_direct_multilead_regression,full,1.05,0.3,5,1.1383462124152568,0.07453675143871516
12,tweedie_direct_multilead_regression,full,1.1,0.4,5,1.1383630305198824,0.07447450907527005
12,tweedie_direct_multilead_regression,full,1.05,0.2,5,1.138398019692202,0.0751250934496291
12,tweedie_direct_multilead_regression,full,1.2,1.0,5,1.1383985889950374,0.07387924819863698
12,tweedie_direct_multilead_regression,full,1.1,0.3,5,1.1384594597350675,0.07490022755100555
12,tweedie_direct_multilead_regression,reduced,1.2,0.4,5,1.13851008987013,0.07174584981796782
12,tweedie_direct_multilead_regression,reduced,1.3,1.0,5,1.1385197568106658,0.07153256953328752
12,tweedie_direct_multilead_regression,reduced,1.3,0.9,5,1.1388121257916621,0.07168070052276436
12,tweedie_direct_multilead_regression,reduced,1.1,0.2,5,1.1388410603666268,0.07179756484554191
12,tweedie_direct_multilead_regression,full,1.2,0.9,5,1.13894001988585,0.07379853677678933
12,tweedie_direct_multilead_regression,reduced,1.3,0.8,5,1.1391382574561675,0.0717042813606852
12,tweedie_direct_multilead_regression,reduced,1.3,0.78,5,1.1392051709308164,0.07171260412166197
12,tweedie_direct_multilead_regression,full,1.2,0.8,5,1.1392348249051836,0.07409212867284845
12,tweedie_direct_multilead_regression,reduced,1.3,0.73,5,1.1393084968248404,0.07177554613387661
12,tweedie_direct_multilead_regression,reduced,1.3,0.75,5,1.139315004350291,0.07172381515569508
12,tweedie_direct_multilead_regression,reduced,1.3,0.7,5,1.1395586466824394,0.07174816781406829
12,tweedie_direct_multilead_regression,full,1.2,0.75,5,1.1395709799240437,0.07417040345942341
12,tweedie_direct_multilead_regression,full,1.2,0.78,5,1.1395860107463394,0.07411934626493412
12,tweedie_direct_multilead_regression,full,1.2,0.73,5,1.1396128701074457,0.07420642589628136
12,tweedie_direct_multilead_regression,full,1.1,0.2,5,1.1396759632900557,0.07554883422694371
12,tweedie_direct_multilead_regression,full,1.2,0.7,5,1.1396826199985302,0.07426285624394126
12,tweedie_direct_multilead_regression,reduced,1.2,0.3,5,1.1397019514754827,0.07173200145000808
12,tweedie_direct_multilead_regression,reduced,1.05,0.1,5,1.1399421575849973,0.07188818459911218
12,tweedie_direct_multilead_regression,full,1.2,0.6,5,1.1400069144506904,0.07446381288424718
12,tweedie_direct_multilead_regression,reduced,1.3,0.6,5,1.1400466408354117,0.07180883783927658
12,tweedie_direct_multilead_regression,full,1.05,0.1,5,1.1402007490928454,0.0755009408217982
12,tweedie_direct_multilead_regression,full,1.2,0.5,5,1.1403509187753123,0.07467536363784646
12,tweedie_direct_multilead_regression,full,1.3,1.0,5,1.1406852917372832,0.07471548828122533
12,tweedie_direct_multilead_regression,reduced,1.3,0.5,5,1.1406949798701687,0.07186612664113753
12,tweedie_direct_multilead_regression,full,1.2,0.4,5,1.1408896427424484,0.07514536970115455
12,tweedie_direct_multilead_regression,full,1.3,0.9,5,1.1409293755047685,0.07486467854121413
12,tweedie_direct_multilead_regression,full,1.3,0.8,5,1.1411587811112212,0.07505540912467373
12,tweedie_direct_multilead_regression,full,1.3,0.78,5,1.1412253941744819,0.07508474758350352
12,tweedie_direct_multilead_regression,reduced,1.1,0.1,5,1.1412426407277345,0.07186181554164651
12,tweedie_direct_multilead_regression,full,1.3,0.75,5,1.1413263094404495,0.07514272637699415
12,tweedie_direct_multilead_regression,full,1.3,0.73,5,1.141388977617456,0.07518296390463733
12,tweedie_direct_multilead_regression,reduced,1.2,0.2,5,1.141475540743547,0.07186817341376092
12,tweedie_direct_multilead_regression,full,1.3,0.7,5,1.1414947292960895,0.07523572963527193
12,tweedie_direct_multilead_regression,reduced,1.3,0.4,5,1.1417263066768824,0.07191279357756454
12,tweedie_direct_multilead_regression,full,1.2,0.3,5,1.1418431800215392,0.07546960443635341
12,tweedie_direct_multilead_regression,full,1.3,0.6,5,1.1419769421801063,0.07535193988442229
12,tweedie_direct_multilead_regression,full,1.1,0.1,5,1.142024411748564,0.07584633960754916
12,tweedie_direct_multilead_regression,full,1.3,0.5,5,1.1423769251905969,0.07545217716754124
12,tweedie_direct_multilead_regression,full,1.2,0.2,5,1.1429349195161742,0.07595834109587388
12,tweedie_direct_multilead_regression,full,1.3,0.4,5,1.1433350266349478,0.07575398008033382
12,tweedie_direct_multilead_regression,reduced,1.5,1.0,5,1.1434061119762315,0.07210559925199692
12,tweedie_direct_multilead_regression,reduced,1.3,0.3,5,1.1434583879299682,0.07200856556768005
12,tweedie_direct_multilead_regression,reduced,1.5,0.9,5,1.1441019665681569,0.07213802238348054
12,tweedie_direct_multilead_regression,full,1.3,0.3,5,1.1446734076375533,0.07593096865062027
12,tweedie_direct_multilead_regression,reduced,1.5,0.8,5,1.14496725745967,0.07218178601997256
12,tweedie_direct_multilead_regression,reduced,1.5,0.78,5,1.1451659024936012,0.07219400536430041
12,tweedie_direct_multilead_regression,reduced,1.5,0.75,5,1.14546925137642,0.07222451824444734
12,tweedie_direct_multilead_regression,full,1.5,1.0,5,1.1456186902208967,0.07564567653858298
12,tweedie_direct_multilead_regression,reduced,1.5,0.73,5,1.1456930967437025,0.07224075605569857
12,tweedie_direct_multilead_regression,reduced,1.5,0.7,5,1.1460497674430339,0.07226645218404953
12,tweedie_direct_multilead_regression,full,1.5,0.9,5,1.1463493880113136,0.07568290430984433
12,tweedie_direct_multilead_regression,reduced,1.3,0.2,5,1.1469686762588849,0.07223524677531977
12,tweedie_direct_multilead_regression,full,1.5,0.8,5,1.1472127187518568,0.07571963011216123
12,tweedie_direct_multilead_regression,full,1.5,0.78,5,1.1474139377980765,0.07572567918047947
12,tweedie_direct_multilead_regression,reduced,1.5,0.6,5,1.1475051551574025,0.07236020655720132
12,tweedie_direct_multilead_regression,full,1.3,0.2,5,1.1476901287170982,0.07611262387786638
12,tweedie_direct_multilead_regression,full,1.5,0.75,5,1.1477255533837463,0.07573628406087127
12,tweedie_direct_multilead_regression,reduced,1.2,0.1,5,1.1477260808359833,0.07235098803523254
12,tweedie_direct_multilead_regression,full,1.5,0.73,5,1.1478846628624495,0.07579982350064704
12,tweedie_direct_multilead_regression,full,1.2,0.1,5,1.148115496009232,0.0764938825918107
12,tweedie_direct_multilead_regression,full,1.5,0.7,5,1.148250962393456,0.07580859372808509
12,tweedie_direct_multilead_regression,reduced,1.5,0.5,5,1.1495633556283507,0.07244339107921563
12,tweedie_direct_multilead_regression,full,1.5,0.6,5,1.1498104758155443,0.07583318267831002
12,tweedie_direct_multilead_regression,full,1.5,0.5,5,1.1519219098715487,0.07581436347520565
12,tweedie_direct_multilead_regression,reduced,1.5,0.4,5,1.152615296448855,0.07251618473139272
12,tweedie_direct_multilead_regression,full,1.5,0.4,5,1.1549403149229494,0.07598343103155182
12,tweedie_direct_multilead_regression,reduced,1.3,0.1,5,1.1556916566362054,0.07253737645300576
12,tweedie_direct_multilead_regression,full,1.3,0.1,5,1.156026285147773,0.07654314628924483
12,tweedie_direct_multilead_regression,reduced,1.7,1.0,5,1.1566844671718166,0.0728243023082715
12,tweedie_direct_multilead_regression,reduced,1.5,0.3,5,1.1571634816795708,0.072655572069251
12,tweedie_direct_multilead_regression,reduced,1.7,0.9,5,1.1586192377837585,0.07292455287424655
12,tweedie_direct_multilead_regression,full,1.5,0.3,5,1.1596019324333042,0.07663187942040597
12,tweedie_direct_multilead_regression,reduced,1.7,0.8,5,1.1609956044540444,0.0730436678645634
12,tweedie_direct_multilead_regression,reduced,1.7,0.78,5,1.1615413116697713,0.07306869193459606
12,tweedie_direct_multilead_regression,full,1.7,1.0,5,1.161686706576963,0.07635035446670467
12,tweedie_direct_multilead_regression,reduced,1.7,0.75,5,1.1624235718492515,0.07309813081156487
12,tweedie_direct_multilead_regression,reduced,1.7,0.73,5,1.1630371286324601,0.07312943568797725
12,tweedie_direct_multilead_regression,full,1.7,0.9,5,1.1638045299793964,0.07688471896408026
12,tweedie_direct_multilead_regression,reduced,1.7,0.7,5,1.1640113940414984,0.0731756015268794
12,tweedie_direct_multilead_regression,reduced,1.5,0.2,5,1.1652611862612174,0.07291552656807351
12,tweedie_direct_multilead_regression,full,1.05,0.01,5,1.1656369859077782,0.08038913954504259
12,tweedie_direct_multilead_regression,full,1.7,0.8,5,1.1664240158924069,0.07770106863366555
12,tweedie_direct_multilead_regression,full,1.7,0.78,5,1.167012761827798,0.07791080213589063
12,tweedie_direct_multilead_regression,full,1.5,0.2,5,1.1676602765870816,0.0793277177253985
12,tweedie_direct_multilead_regression,reduced,1.7,0.6,5,1.1679434388438197,0.07343747150959377
12,tweedie_direct_multilead_regression,full,1.7,0.75,5,1.1679448182791536,0.07826678099954902
12,tweedie_direct_multilead_regression,full,1.7,0.73,5,1.1686216201135398,0.07852317536880485
12,tweedie_direct_multilead_regression,full,1.7,0.7,5,1.1696541118211716,0.07895235920815014
12,tweedie_direct_multilead_regression,reduced,1.05,0.01,5,1.171074654889086,0.07299397707482899
12,tweedie_direct_multilead_regression,reduced,1.7,0.5,5,1.1733454636647784,0.07397931200578861
12,tweedie_direct_multilead_regression,full,1.7,0.6,5,1.1739544857995015,0.08124502688654925
12,tweedie_direct_multilead_regression,full,1.1,0.01,5,1.174502785051725,0.08542047890456528
12,tweedie_direct_multilead_regression,full,1.7,0.5,5,1.1794320339351492,0.08491708945931632
12,tweedie_direct_multilead_regression,reduced,1.1,0.01,5,1.1796844905757027,0.07510227480659644
12,tweedie_direct_multilead_regression,reduced,1.7,0.4,5,1.1811594321523955,0.07544237652839222
12,tweedie_direct_multilead_regression,reduced,1.5,0.1,5,1.1862732910138185,0.07671115522582106
12,tweedie_direct_multilead_regression,full,1.5,0.1,5,1.1866785694105055,0.09401629605217907
12,tweedie_direct_multilead_regression,full,1.7,0.4,5,1.1869083425291582,0.09162139776334953
12,tweedie_direct_multilead_regression,full,1.9,0.1,5,1.186995358809828,0.06508563749683428
12,tweedie_direct_multilead_regression,reduced,1.7,0.3,5,1.1928046441714353,0.07925741246273385
12,tweedie_direct_multilead_regression,full,1.2,0.01,5,1.193265247267282,0.1049823157925395
12,tweedie_direct_multilead_regression,reduced,1.9,1.0,5,1.1950790695681706,0.08040470095056775
12,tweedie_direct_multilead_regression,full,1.7,0.3,5,1.1983829354866724,0.10458243947168777
12,tweedie_direct_multilead_regression,reduced,1.9,0.9,5,1.2006086205682944,0.08326856204833401
12,tweedie_direct_multilead_regression,reduced,1.2,0.01,5,1.2033574710946688,0.08312619302177814
12,tweedie_direct_multilead_regression,reduced,1.9,0.8,5,1.207357771544149,0.08757535384145561
12,tweedie_direct_multilead_regression,reduced,1.9,0.78,5,1.2089037882822675,0.08868105871243956
12,tweedie_direct_multilead_regression,full,1.9,1.0,5,1.2089130631970766,0.11456101042192877
12,tweedie_direct_multilead_regression,full,1.7,0.01,5,1.211299602421277,0.05023516429898506
12,tweedie_direct_multilead_regression,reduced,1.9,0.75,5,1.2113574915998127,0.09053660751652928
12,tweedie_direct_multilead_regression,reduced,1.7,0.2,5,1.2125544217154485,0.09119964720235677
12,tweedie_direct_multilead_regression,reduced,1.9,0.73,5,1.2130787193165558,0.09190720448503174
12,tweedie_direct_multilead_regression,full,1.9,0.9,5,1.2148835672808418,0.12288069874010296
12,tweedie_direct_multilead_regression,reduced,1.9,0.1,5,1.2152501087673264,0.07630577228381344
12,tweedie_direct_multilead_regression,reduced,1.9,0.7,5,1.2157840801917636,0.09417294480576736
12,tweedie_direct_multilead_regression,full,1.7,0.2,5,1.2171504644226747,0.131271895461409
12,tweedie_direct_multilead_regression,full,1.3,0.01,5,1.2171729581456918,0.1416395380378727
12,tweedie_direct_multilead_regression,reduced,1.7,0.01,5,1.21788993737059,0.07403441300210319
12,tweedie_direct_multilead_regression,full,1.9,0.2,5,1.219791139815131,0.11108732792721152
12,tweedie_direct_multilead_regression,full,1.9,0.8,5,1.222000994354192,0.13346690381170961
12,tweedie_direct_multilead_regression,full,1.9,0.78,5,1.2236170529581523,0.13598264619406877
12,tweedie_direct_multilead_regression,full,1.9,0.75,5,1.226101009986428,0.13987258479166043
12,tweedie_direct_multilead_regression,reduced,1.9,0.6,5,1.2262658966660378,0.10416379864076804
12,tweedie_direct_multilead_regression,full,1.9,0.73,5,1.227811180287905,0.14258633770219475
12,tweedie_direct_multilead_regression,reduced,1.3,0.01,5,1.2288523105693892,0.1038897501214765
12,tweedie_direct_multilead_regression,full,1.9,0.7,5,1.2305409888945966,0.14700371252845035
12,tweedie_direct_multilead_regression,reduced,1.9,0.01,5,1.230708567171126,0.08795724372948562
12,tweedie_direct_multilead_regression,full,1.5,0.01,5,1.2340190145441483,0.17252897692358385
12,tweedie_direct_multilead_regression,full,1.1,0.001,5,1.2343217143914478,0.17459737672192116
12,tweedie_direct_multilead_regression,full,1.3,0.001,5,1.2344716489337137,0.10713433241641548
12,tweedie_direct_multilead_regression,full,1.05,0.001,5,1.237365185665635,0.15683859749290638
12,tweedie_direct_multilead_regression,reduced,1.9,0.5,5,1.2397947137672307,0.11991845139774368
12,tweedie_direct_multilead_regression,full,1.9,0.6,5,1.2406925777314317,0.16380666066782645
12,tweedie_direct_multilead_regression,reduced,1.5,0.001,5,1.245311775550903,0.08902206593533743
12,tweedie_direct_multilead_regression,full,1.7,0.1,5,1.247215839169787,0.18387181530975608
12,tweedie_direct_multilead_regression,reduced,1.3,0.001,5,1.2472836365368185,0.10492155583094262
12,tweedie_direct_multilead_regression,full,1.2,0.001,5,1.249168366318901,0.19084045548407344
12,tweedie_direct_multilead_regression,full,1.9,0.5,5,1.2503481012629447,0.17975946689663239
12,tweedie_direct_multilead_regression,full,1.9,0.3,5,1.25082551839294,0.1741215178190271
12,tweedie_direct_multilead_regression,reduced,1.05,0.0,5,1.253364295242608,0.089024251253642
12,tweedie_direct_multilead_regression,reduced,1.7,0.1,5,1.2540273558019244,0.1394606079721036
12,tweedie_direct_multilead_regression,reduced,1.05,0.001,5,1.2569415413195226,0.1280228066488686
12,tweedie_direct_multilead_regression,full,1.9,0.4,5,1.2572377385889606,0.19035835182459973
12,tweedie_direct_multilead_regression,reduced,1.9,0.4,5,1.2579247938484415,0.14525163978543168
12,tweedie_direct_multilead_regression,reduced,1.7,0.001,5,1.2621998910923569,0.10295864532140953
12,tweedie_direct_multilead_regression,reduced,1.1,0.001,5,1.2622477964134695,0.159479902439258
12,tweedie_direct_multilead_regression,reduced,1.1,0.0,5,1.2632119532062078,0.08594250084778163
12,tweedie_direct_multilead_regression,reduced,1.9,0.2,5,1.2648566191910613,0.14648008242758156
12,tweedie_direct_multilead_regression,full,1.5,0.001,5,1.267504041153396,0.08087473457672836
12,tweedie_direct_multilead_regression,reduced,1.2,0.001,5,1.267658735513618,0.17140063990908014
12,tweedie_direct_multilead_regression,reduced,1.2,0.0,5,1.269095808506059,0.11185221372280342
12,tweedie_direct_multilead_regression,reduced,1.5,0.01,5,1.2707871867796623,0.17547412490533573
12,tweedie_direct_multilead_regression,reduced,1.7,0.0,5,1.2766256147956447,0.10093261615133528
12,tweedie_direct_multilead_regression,reduced,1.3,0.0,5,1.2768572932573394,0.11046079836224716
12,tweedie_direct_multilead_regression,reduced,1.9,0.001,5,1.2794357738226025,0.10759987756322097
12,tweedie_direct_multilead_regression,reduced,1.9,0.3,5,1.2814978640448516,0.18348957407708386
12,tweedie_direct_multilead_regression,reduced,1.9,0.0,5,1.284593763877004,0.1016490663836996
12,tweedie_direct_multilead_regression,full,1.05,0.0,5,1.2875932527903253,0.16397264203918793
12,tweedie_direct_multilead_regression,reduced,1.5,0.0,5,1.2881758266489187,0.13719971118393046
12,tweedie_direct_multilead_regression,full,1.2,0.0,5,1.2955868213181583,0.08887462266122559
12,tweedie_direct_multilead_regression,full,1.1,0.0,5,1.2959027917536217,0.1572980968872951
12,tweedie_direct_multilead_regression,full,1.9,0.01,5,1.2972682566676863,0.09660231335529983
12,tweedie_direct_multilead_regression,full,1.5,0.0,5,1.3090429954586065,0.07221295805871535
12,tweedie_direct_multilead_regression,full,1.7,0.0,5,1.3208665280303664,0.20724139040758444
12,tweedie_direct_multilead_regression,full,1.3,0.0,5,1.3343086276489509,0.1245826386674549
12,tweedie_direct_multilead_regression,full,1.7,0.001,5,1.33534859711731,0.12715637753499986
12,tweedie_direct_multilead_regression,full,1.9,0.001,5,1.3623494477455314,0.12358877973556932
12,tweedie_direct_multilead_regression,full,1.9,0.0,5,1.4303935525722395,0.3190922811659231
13,tweedie_direct_multilead_regression,reduced,1.05,0.5,5,1.3462726648655594,0.3858703614063135
13,tweedie_direct_multilead_regression,reduced,1.05,0.4,5,1.346629067496133,0.38705998417117055
13,tweedie_direct_multilead_regression,reduced,1.1,0.6,5,1.3466684631275438,0.38566146603669554
13,tweedie_direct_multilead_regression,reduced,1.1,0.5,5,1.3467426491572438,0.38677701921849306
13,tweedie_direct_multilead_regression,reduced,1.05,0.6,5,1.3468510715419488,0.3845656890394334
13,tweedie_direct_multilead_regression,reduced,1.1,0.7,5,1.3472167129077486,0.3844638035061145
13,tweedie_direct_multilead_regression,reduced,1.2,0.75,5,1.3473384643844786,0.38624504699511275
13,tweedie_direct_multilead_regression,reduced,1.2,0.78,5,1.3473488845680777,0.3859624240173692
13,tweedie_direct_multilead_regression,reduced,1.2,0.73,5,1.3473689344999307,0.3864399303517894
13,tweedie_direct_multilead_regression,reduced,1.2,0.8,5,1.3473761780889835,0.3857679189573995
13,tweedie_direct_multilead_regression,reduced,1.2,0.7,5,1.3474332186658524,0.38670600310705483
13,tweedie_direct_multilead_regression,reduced,1.1,0.73,5,1.347472413879757,0.3840848787569076
13,tweedie_direct_multilead_regression,reduced,1.1,0.75,5,1.3476623869143969,0.3838263534460349
13,tweedie_direct_multilead_regression,reduced,1.2,0.9,5,1.3476919836624552,0.38481505825675055
13,tweedie_direct_multilead_regression,reduced,1.1,0.4,5,1.3478760233170402,0.38783338793848887
13,tweedie_direct_multilead_regression,reduced,1.1,0.78,5,1.347975775920949,0.3834295227363844
13,tweedie_direct_multilead_regression,reduced,1.05,0.7,5,1.347982279178159,0.3830979492583654
13,tweedie_direct_multilead_regression,reduced,1.2,0.6,5,1.3480235817889903,0.3875549690033203
13,tweedie_direct_multilead_regression,reduced,1.3,1.0,5,1.3481341899650334,0.3864303224843072
13,tweedie_direct_multilead_regression,reduced,1.1,0.8,5,1.3481979506361625,0.3831608208371365
13,tweedie_direct_multilead_regression,reduced,1.2,1.0,5,1.3482734756546728,0.3838372657189056
13,tweedie_direct_multilead_regression,reduced,1.3,0.9,5,1.3483732039247847,0.38715583857094643
13,tweedie_direct_multilead_regression,reduced,1.05,0.73,5,1.3483900417478492,0.38264749637180323
13,tweedie_direct_multilead_regression,reduced,1.05,0.3,5,1.3486074188087869,0.3882844910042443
13,tweedie_direct_multilead_regression,reduced,1.05,0.75,5,1.3486755313488807,0.3823438694468614
13,tweedie_direct_multilead_regression,reduced,1.3,0.8,5,1.3488907311501066,0.38781409642564
13,tweedie_direct_multilead_regression,reduced,1.3,0.78,5,1.3490485147027247,0.38794993914000947
13,tweedie_direct_multilead_regression,reduced,1.05,0.78,5,1.3491225598223866,0.3818787163523336
13,tweedie_direct_multilead_regression,reduced,1.3,0.75,5,1.3493147942700183,0.388157728952645
13,tweedie_direct_multilead_regression,reduced,1.2,0.5,5,1.3493212158488295,0.3884594168401049
13,tweedie_direct_multilead_regression,reduced,1.1,0.9,5,1.3493662801018929,0.38187097417352894
13,tweedie_direct_multilead_regression,reduced,1.05,0.8,5,1.3494262965890296,0.3815665792117743
13,tweedie_direct_multilead_regression,reduced,1.3,0.73,5,1.3495069813265919,0.38830145371129815
13,tweedie_direct_multilead_regression,reduced,1.3,0.7,5,1.3498279341379587,0.3885236089655746
13,tweedie_direct_multilead_regression,reduced,1.1,0.3,5,1.350626105503337,0.3889817422118881
13,tweedie_direct_multilead_regression,reduced,1.1,1.0,5,1.3507245360112696,0.3804895249268617
13,tweedie_direct_multilead_regression,reduced,1.05,0.9,5,1.3509852532672193,0.3800717021777667
13,tweedie_direct_multilead_regression,reduced,1.3,0.6,5,1.3512790964478227,0.38923883544055254
13,tweedie_direct_multilead_regression,full,1.05,0.75,5,1.3513313219509855,0.3927413833960482
13,tweedie_direct_multilead_regression,full,1.05,0.73,5,1.3513402320962782,0.3930107912564769
13,tweedie_direct_multilead_regression,full,1.05,0.78,5,1.3513485753198737,0.39232957756301373
13,tweedie_direct_multilead_regression,full,1.05,0.7,5,1.351375509815061,0.39342139666499637
13,tweedie_direct_multilead_regression,full,1.05,0.8,5,1.3513805155769936,0.39204455395919474
13,tweedie_direct_multilead_regression,reduced,1.2,0.4,5,1.3516586764620981,0.38938697339948125
13,tweedie_direct_multilead_regression,full,1.05,0.6,5,1.3516810778332795,0.39489028792274516
13,tweedie_direct_multilead_regression,full,1.05,0.9,5,1.3516842439762762,0.39066385198742865
13,tweedie_direct_multilead_regression,full,1.1,0.8,5,1.3517987029742193,0.39365153039575157
13,tweedie_direct_multilead_regression,full,1.1,0.9,5,1.3518358364443324,0.3924798505544911
13,tweedie_direct_multilead_regression,full,1.1,0.78,5,1.3518430750851635,0.3938963034334003
13,tweedie_direct_multilead_regression,full,1.1,0.75,5,1.3519517698017498,0.394266373243247
13,tweedie_direct_multilead_regression,full,1.1,1.0,5,1.3520312247733481,0.3912147455483389
13,tweedie_direct_multilead_regression,full,1.1,0.73,5,1.3520494705827661,0.39453066212293253
13,tweedie_direct_multilead_regression,full,1.05,1.0,5,1.3521107450557328,0.38926735175490673
13,tweedie_direct_multilead_regression,full,1.1,0.7,5,1.3521351524887382,0.3949645205547054
13,tweedie_direct_multilead_regression,full,1.05,0.5,5,1.3526161612643741,0.3962790965188136
13,tweedie_direct_multilead_regression,reduced,1.05,1.0,5,1.352694475641281,0.37852547536629755
13,tweedie_direct_multilead_regression,full,1.1,0.6,5,1.3527961587908102,0.3962124014799691
13,tweedie_direct_multilead_regression,full,1.2,1.0,5,1.3528561037147082,0.3946704566967034
13,tweedie_direct_multilead_regression,full,1.2,0.9,5,1.3531305011287704,0.3956698790470881
13,tweedie_direct_multilead_regression,reduced,1.3,0.5,5,1.3535794113623418,0.3900052656835399
13,tweedie_direct_multilead_regression,full,1.2,0.8,5,1.3536633535657476,0.3966150453357531
13,tweedie_direct_multilead_regression,full,1.2,0.78,5,1.3537908906081868,0.396807020104173
13,tweedie_direct_multilead_regression,reduced,1.05,0.2,5,1.3538389017507708,0.3897124994135241
13,tweedie_direct_multilead_regression,full,1.2,0.75,5,1.3540042125061893,0.39710357126102386
13,tweedie_direct_multilead_regression,full,1.1,0.5,5,1.3540118821148561,0.3974335493759688
13,tweedie_direct_multilead_regression,full,1.2,0.73,5,1.3542237162659625,0.3973313826507791
13,tweedie_direct_multilead_regression,full,1.05,0.4,5,1.3543554457033022,0.3977183026786089
13,tweedie_direct_multilead_regression,reduced,1.5,1.0,5,1.354405479346947,0.39033032951286256
13,tweedie_direct_multilead_regression,full,1.2,0.7,5,1.3544579882938463,0.39757027331447203
13,tweedie_direct_multilead_regression,full,1.3,1.0,5,1.3548476954468218,0.39752996410323693
13,tweedie_direct_multilead_regression,full,1.3,0.9,5,1.3555130861952065,0.3982475714177531
13,tweedie_direct_multilead_regression,full,1.2,0.6,5,1.3556226611092086,0.3985218773560044
13,tweedie_direct_multilead_regression,reduced,1.2,0.3,5,1.3559199461334916,0.39043608671960345
13,tweedie_direct_multilead_regression,reduced,1.5,0.9,5,1.355961272686402,0.3907933419946851
13,tweedie_direct_multilead_regression,full,1.1,0.4,5,1.3559990660803423,0.3987757139171017
13,tweedie_direct_multilead_regression,full,1.3,0.8,5,1.3564197302683705,0.3989314099357887
13,tweedie_direct_multilead_regression,full,1.3,0.78,5,1.356630063642862,0.3990750061003994
13,tweedie_direct_multilead_regression,reduced,1.1,0.2,5,1.3568566352476243,0.39047130795858476
13,tweedie_direct_multilead_regression,full,1.3,0.75,5,1.3569621559870568,0.39929586502251063
13,tweedie_direct_multilead_regression,full,1.05,0.3,5,1.3571726945796452,0.399380784709494
13,tweedie_direct_multilead_regression,reduced,1.3,0.4,5,1.3571892627633007,0.3909028177990679
13,tweedie_direct_multilead_regression,full,1.3,0.73,5,1.3571958309025294,0.39944564396614585
13,tweedie_direct_multilead_regression,full,1.2,0.5,5,1.3573082224686694,0.39956382593722667
13,tweedie_direct_multilead_regression,full,1.3,0.7,5,1.3575688431094999,0.3996696618948827
13,tweedie_direct_multilead_regression,reduced,1.5,0.8,5,1.3579112145469068,0.39129920677265395
13,tweedie_direct_multilead_regression,reduced,1.5,0.78,5,1.358358096508083,0.39141037145787294
13,tweedie_direct_multilead_regression,reduced,1.5,0.75,5,1.3590680690219503,0.3915797972749081
13,tweedie_direct_multilead_regression,full,1.1,0.3,5,1.3590787762521674,0.40024185526907885
13,tweedie_direct_multilead_regression,full,1.3,0.6,5,1.3591027304503132,0.4004657627403338
13,tweedie_direct_multilead_regression,reduced,1.5,0.73,5,1.3595683777819654,0.39169294380366554
13,tweedie_direct_multilead_regression,full,1.2,0.4,5,1.3596872254924615,0.4006277406401359
13,tweedie_direct_multilead_regression,reduced,1.5,0.7,5,1.3603666547732547,0.3918696719175916
13,tweedie_direct_multilead_regression,full,1.3,0.5,5,1.3612154990331067,0.40116954145354794
13,tweedie_direct_multilead_regression,full,1.5,1.0,5,1.361604182639687,0.4007234545286685
13,tweedie_direct_multilead_regression,full,1.05,0.2,5,1.362123456586512,0.4011777890833814
13,tweedie_direct_multilead_regression,reduced,1.3,0.3,5,1.3627960768574,0.39207556879384176
13,tweedie_direct_multilead_regression,full,1.5,0.9,5,1.3629570779227074,0.4008928740286329
13,tweedie_direct_multilead_regression,full,1.2,0.3,5,1.3633237207785316,0.4018051599652048
13,tweedie_direct_multilead_regression,reduced,1.5,0.6,5,1.3635673494650735,0.3924903166259203
13,tweedie_direct_multilead_regression,reduced,1.2,0.2,5,1.3637887061305112,0.39198953749640353
13,tweedie_direct_multilead_regression,full,1.3,0.4,5,1.3641392863021777,0.40194691205454897
13,tweedie_direct_multilead_regression,full,1.1,0.2,5,1.3642722299322527,0.4018720367328141
13,tweedie_direct_multilead_regression,full,1.5,0.8,5,1.3645873262559003,0.4010643153081233
13,tweedie_direct_multilead_regression,full,1.5,0.78,5,1.3649544090881771,0.4010963838665891
13,tweedie_direct_multilead_regression,full,1.5,0.75,5,1.3655368939173906,0.4011374883042072
13,tweedie_direct_multilead_regression,full,1.5,0.73,5,1.3659376757482922,0.40117849173789893
13,tweedie_direct_multilead_regression,full,1.5,0.7,5,1.3665913542263228,0.4012164806844514
13,tweedie_direct_multilead_regression,reduced,1.05,0.1,5,1.3677598651106213,0.3923043273029897
13,tweedie_direct_multilead_regression,reduced,1.5,0.5,5,1.3678137679125508,0.3931802791492233
13,tweedie_direct_multilead_regression,full,1.3,0.3,5,1.368454727281361,0.4027412940704781
13,tweedie_direct_multilead_regression,full,1.5,0.6,5,1.369184527748199,0.4013231156172864
13,tweedie_direct_multilead_regression,full,1.2,0.2,5,1.3693509753072282,0.4031159790997297
13,tweedie_direct_multilead_regression,reduced,1.7,1.0,5,1.369932396415047,0.393429093578764
13,tweedie_direct_multilead_regression,reduced,1.1,0.1,5,1.3718645679034276,0.39311981472829205
13,tweedie_direct_multilead_regression,reduced,1.3,0.2,5,1.372203579359142,0.3936085668710209
13,tweedie_direct_multilead_regression,full,1.05,0.1,5,1.3723654759084256,0.4034928615612542
13,tweedie_direct_multilead_regression,full,1.5,0.5,5,1.3723689237870875,0.4013075943896988
13,tweedie_direct_multilead_regression,reduced,1.7,0.9,5,1.372899036186495,0.3937578789595685
13,tweedie_direct_multilead_regression,reduced,1.5,0.4,5,1.3735689031854208,0.3939881305079975
13,tweedie_direct_multilead_regression,full,1.1,0.1,5,1.3748595612951278,0.40380980616190953
13,tweedie_direct_multilead_regression,full,1.3,0.2,5,1.37530438726945,0.4033986195876079
13,tweedie_direct_multilead_regression,full,1.7,1.0,5,1.3756878993280157,0.3970844870878708
13,tweedie_direct_multilead_regression,reduced,1.7,0.8,5,1.3765032036961002,0.39410255859944043
13,tweedie_direct_multilead_regression,full,1.5,0.4,5,1.376688679438686,0.40104963035952346
13,tweedie_direct_multilead_regression,reduced,1.7,0.78,5,1.3773031173845005,0.3941630576164071
13,tweedie_direct_multilead_regression,full,1.7,0.9,5,1.3783996338715216,0.3964946195708592
13,tweedie_direct_multilead_regression,reduced,1.7,0.75,5,1.3785827782660662,0.3942536594682282
13,tweedie_direct_multilead_regression,reduced,1.7,0.73,5,1.379518245787623,0.3943283678801685
13,tweedie_direct_multilead_regression,reduced,1.2,0.1,5,1.3808823727984447,0.39461934216995925
13,tweedie_direct_multilead_regression,reduced,1.7,0.7,5,1.3809591656256153,0.3944214836808533
13,tweedie_direct_multilead_regression,full,1.2,0.1,5,1.3811722432819966,0.4040131733140877
13,tweedie_direct_multilead_regression,full,1.7,0.8,5,1.3816218018770048,0.3957526648254356
13,tweedie_direct_multilead_regression,reduced,1.5,0.3,5,1.3819729357379775,0.3948676647736651
13,tweedie_direct_multilead_regression,full,1.7,0.78,5,1.382334711638685,0.3955840199606993
13,tweedie_direct_multilead_regression,full,1.5,0.3,5,1.3828967392710543,0.40021571093615804
13,tweedie_direct_multilead_regression,full,1.7,0.75,5,1.3834608331087304,0.3953103360701825
13,tweedie_direct_multilead_regression,full,1.7,0.73,5,1.3842596642981762,0.3951152455356067
13,tweedie_direct_multilead_regression,full,1.7,0.7,5,1.385516189898703,0.3947851434547959
13,tweedie_direct_multilead_regression,reduced,1.7,0.6,5,1.3863586485841881,0.39448477245249963
13,tweedie_direct_multilead_regression,full,1.3,0.1,5,1.3885394842600869,0.40246462097790847
13,tweedie_direct_multilead_regression,reduced,1.9,1.0,5,1.389026890991713,0.38149638593219476
13,tweedie_direct_multilead_regression,full,1.7,0.6,5,1.3903282164888693,0.3933028587808939
13,tweedie_direct_multilead_regression,reduced,1.9,0.9,5,1.3908881375503097,0.37859298864141927
13,tweedie_direct_multilead_regression,reduced,1.3,0.1,5,1.3913038534238855,0.3952906220568811
13,tweedie_direct_multilead_regression,reduced,1.7,0.5,5,1.3917715758955382,0.3932501971815868
13,tweedie_direct_multilead_regression,full,1.5,0.2,5,1.3929077834938437,0.39819188956522195
13,tweedie_direct_multilead_regression,reduced,1.9,0.8,5,1.3939066222399272,0.3754559195933557
13,tweedie_direct_multilead_regression,reduced,1.9,0.78,5,1.394605297498323,0.37478486399929406
13,tweedie_direct_multilead_regression,reduced,1.5,0.2,5,1.3949442856994896,0.39499835488356916
13,tweedie_direct_multilead_regression,reduced,1.9,0.75,5,1.395723250107503,0.37374276949793545
13,tweedie_direct_multilead_regression,full,1.7,0.5,5,1.3963560700289581,0.3912299484978018
13,tweedie_direct_multilead_regression,reduced,1.7,0.4,5,1.3964323768991755,0.38957520761007636
13,tweedie_direct_multilead_regression,reduced,1.9,0.73,5,1.3965628386055107,0.37302937088487675
13,tweedie_direct_multilead_regression,reduced,1.9,0.7,5,1.397973927579422,0.3718981271354256
13,tweedie_direct_multilead_regression,reduced,1.7,0.3,5,1.4016552062788095,0.3828293822468086
13,tweedie_direct_multilead_regression,reduced,1.9,0.6,5,1.4032899968386938,0.3673310357985626
13,tweedie_direct_multilead_regression,full,1.7,0.4,5,1.4040749142935876,0.3881028546611181
13,tweedie_direct_multilead_regression,reduced,1.9,0.5,5,1.4093814326165208,0.36134694578204557
13,tweedie_direct_multilead_regression,reduced,1.7,0.2,5,1.4112450885052477,0.3722417970107567
13,tweedie_direct_multilead_regression,reduced,1.5,0.1,5,1.4114793652910254,0.3844225387930913
13,tweedie_direct_multilead_regression,full,1.5,0.1,5,1.4132247539077922,0.3922624952581555
13,tweedie_direct_multilead_regression,full,1.9,1.0,5,1.4142483672075445,0.36512405682777543
13,tweedie_direct_multilead_regression,full,1.7,0.3,5,1.4146401540775266,0.38271430480970037
13,tweedie_direct_multilead_regression,reduced,1.9,0.4,5,1.414688682166147,0.35333475269909775
13,tweedie_direct_multilead_regression,full,1.9,0.9,5,1.4180960540464922,0.35985604521889963
13,tweedie_direct_multilead_regression,full,1.05,0.01,5,1.4198858451713117,0.3990800683751766
13,tweedie_direct_multilead_regression,full,1.9,0.8,5,1.4224552737023402,0.35362203315375274
13,tweedie_direct_multilead_regression,reduced,1.9,0.3,5,1.4226328111098687,0.34445926872022975
13,tweedie_direct_multilead_regression,full,1.9,0.78,5,1.4234298890033341,0.3522730337281845
13,tweedie_direct_multilead_regression,full,1.9,0.75,5,1.424974417212629,0.3501713690245599
13,tweedie_direct_multilead_regression,full,1.1,0.01,5,1.4251557874637666,0.39702059275863183
13,tweedie_direct_multilead_regression,full,1.9,0.73,5,1.4261098700440424,0.3486814387103308
13,tweedie_direct_multilead_regression,full,1.7,0.2,5,1.427177775471895,0.3714847419396106
13,tweedie_direct_multilead_regression,full,1.9,0.7,5,1.4279927918000863,0.34636180937274075
13,tweedie_direct_multilead_regression,reduced,1.7,0.1,5,1.4322499194693665,0.3537522954116395
13,tweedie_direct_multilead_regression,full,1.2,0.01,5,1.434525975117334,0.39065127736296534
13,tweedie_direct_multilead_regression,full,1.9,0.6,5,1.4355105503696974,0.3377468092402855
13,tweedie_direct_multilead_regression,reduced,1.05,0.01,5,1.4367367296362707,0.37986330201470214
13,tweedie_direct_multilead_regression,reduced,1.9,0.2,5,1.4394010343969739,0.33566494243667233
13,tweedie_direct_multilead_regression,reduced,1.1,0.01,5,1.442230682443373,0.3743524144761863
13,tweedie_direct_multilead_regression,full,1.3,0.01,5,1.4435062774528031,0.3791185957481271
13,tweedie_direct_multilead_regression,full,1.9,0.5,5,1.445305200146688,0.3277332879933692
13,tweedie_direct_multilead_regression,reduced,1.05,0.0,5,1.4478267004745875,0.4466869791460647
13,tweedie_direct_multilead_regression,full,1.7,0.1,5,1.449264451651361,0.3486173546844469
13,tweedie_direct_multilead_regression,reduced,1.2,0.01,5,1.45491595746913,0.3625244681327353
13,tweedie_direct_multilead_regression,full,1.9,0.4,5,1.4571269781785443,0.3163884425854459
13,tweedie_direct_multilead_regression,reduced,1.1,0.0,5,1.4571927253135184,0.4356296912510427
13,tweedie_direct_multilead_regression,reduced,1.3,0.01,5,1.4701720057399394,0.35089333968740816
13,tweedie_direct_multilead_regression,full,1.9,0.3,5,1.4724246765765063,0.30369847047919113
13,tweedie_direct_multilead_regression,full,1.5,0.01,5,1.4746271259880133,0.34237676955628404
13,tweedie_direct_multilead_regression,reduced,1.2,0.0,5,1.4756856324224499,0.4609065699815616
13,tweedie_direct_multilead_regression,full,1.05,0.001,5,1.4781028909997447,0.3688485469519125
13,tweedie_direct_multilead_regression,reduced,1.5,0.0,5,1.4806935702141844,0.48292644249136235
13,tweedie_direct_multilead_regression,full,1.1,0.001,5,1.4826411254124163,0.3635474759125611
13,tweedie_direct_multilead_regression,reduced,1.9,0.1,5,1.4835758266181824,0.3283020166598472
13,tweedie_direct_multilead_regression,full,1.2,0.001,5,1.4874187487093908,0.3485742482626923
13,tweedie_direct_multilead_regression,reduced,1.7,0.0,5,1.4884930260560512,0.5076183633236157
13,tweedie_direct_multilead_regression,full,1.9,0.2,5,1.4920971293047054,0.28757832344431006
13,tweedie_direct_multilead_regression,reduced,1.9,0.0,5,1.4943073106446227,0.5370278533042745
13,tweedie_direct_multilead_regression,reduced,1.3,0.0,5,1.4999170935469592,0.462695060041585
13,tweedie_direct_multilead_regression,full,1.3,0.001,5,1.5009408509904167,0.32997180602484405
13,tweedie_direct_multilead_regression,reduced,1.5,0.01,5,1.504775335663394,0.34003508980175207
13,tweedie_direct_multilead_regression,full,1.9,0.1,5,1.5166137344489419,0.26646859725672817
13,tweedie_direct_multilead_regression,full,1.2,0.0,5,1.5183509284865395,0.30632715317862225
13,tweedie_direct_multilead_regression,full,1.05,0.0,5,1.5219871588139269,0.2706461196524775
13,tweedie_direct_multilead_regression,full,1.7,0.01,5,1.5237787022415155,0.27306140736549467
13,tweedie_direct_multilead_regression,full,1.1,0.0,5,1.525982411488276,0.2781854235741076
13,tweedie_direct_multilead_regression,reduced,1.05,0.001,5,1.5402957955038774,0.30548123525436516
13,tweedie_direct_multilead_regression,reduced,1.1,0.001,5,1.5468036412622796,0.30282907473785015
13,tweedie_direct_multilead_regression,reduced,1.7,0.01,5,1.5488830317044615,0.32672106706944365
13,tweedie_direct_multilead_regression,reduced,1.2,0.001,5,1.5591113526590201,0.2959166928591484
13,tweedie_direct_multilead_regression,full,1.5,0.001,5,1.5593402374067722,0.25842053970563983
13,tweedie_direct_multilead_regression,full,1.3,0.0,5,1.5602612961276234,0.3070318926393674
13,tweedie_direct_multilead_regression,reduced,1.3,0.001,5,1.574546753822954,0.2858133662097736
13,tweedie_direct_multilead_regression,full,1.9,0.01,5,1.5856718998693902,0.2497682800289869
13,tweedie_direct_multilead_regression,full,1.5,0.0,5,1.5929694223492155,0.287973104149256
13,tweedie_direct_multilead_regression,reduced,1.5,0.001,5,1.615162112408838,0.2722930792239844
13,tweedie_direct_multilead_regression,full,1.9,0.0,5,1.63225685285195,0.3667026241904513
13,tweedie_direct_multilead_regression,full,1.7,0.0,5,1.637266112927911,0.2725343122322357
13,tweedie_direct_multilead_regression,full,1.7,0.001,5,1.6428592397607051,0.22266120707902137
13,tweedie_direct_multilead_regression,reduced,1.9,0.001,5,1.646086081729275,0.30962094192338496
13,tweedie_direct_multilead_regression,reduced,1.9,0.01,5,1.650405243875785,0.2803578492279263
13,tweedie_direct_multilead_regression,full,1.9,0.001,5,1.6570378062834692,0.2246185153493679
13,tweedie_direct_multilead_regression,reduced,1.7,0.001,5,1.6604896712990072,0.29144575012075946
2,tweedie_direct_multilead_regression,reduced,1.05,0.3,5,0.16816407298651595,0.03973070323863246
2,tweedie_direct_multilead_regression,reduced,1.1,0.3,5,0.16818050999737463,0.04013880535961875
2,tweedie_direct_multilead_regression,reduced,1.05,0.2,5,0.16824795294961886,0.041249805810738165
2,tweedie_direct_multilead_regression,reduced,1.2,0.3,5,0.16829119144108054,0.04119293939201427
2,tweedie_direct_multilead_regression,reduced,1.2,0.4,5,0.16829913760874374,0.040150235316540606
2,tweedie_direct_multilead_regression,reduced,1.3,0.4,5,0.16833112839183154,0.04117737679137827
2,tweedie_direct_multilead_regression,reduced,1.3,0.5,5,0.16833695066645363,0.0402977103234205
2,tweedie_direct_multilead_regression,reduced,1.1,0.4,5,0.16835777826889017,0.03932854469786916
2,tweedie_direct_multilead_regression,reduced,1.2,0.5,5,0.16837722529836072,0.03945322380941867
2,tweedie_direct_multilead_regression,reduced,1.1,0.2,5,0.16838652361503326,0.04181991693205421
2,tweedie_direct_multilead_regression,reduced,1.3,0.6,5,0.16843648162408903,0.039725681682117056
2,tweedie_direct_multilead_regression,reduced,1.05,0.4,5,0.16848467913002355,0.03896957718413927
2,tweedie_direct_multilead_regression,reduced,1.5,0.8,5,0.16850526048251513,0.04060794479674736
2,tweedie_direct_multilead_regression,reduced,1.5,0.75,5,0.16851219057786956,0.040856438573692394
2,tweedie_direct_multilead_regression,reduced,1.5,0.73,5,0.16851344462327722,0.040954938061609034
2,tweedie_direct_multilead_regression,reduced,1.5,0.78,5,0.16851407155911638,0.040717505975219635
2,tweedie_direct_multilead_regression,reduced,1.5,0.7,5,0.16851956682530264,0.041110873468042645
2,tweedie_direct_multilead_regression,reduced,1.5,0.9,5,0.16855624731183871,0.040222949952272345
2,tweedie_direct_multilead_regression,reduced,1.5,0.6,5,0.16858293437699906,0.041730382358979454
2,tweedie_direct_multilead_regression,reduced,1.3,0.7,5,0.1686194499969334,0.039320569467243084
2,tweedie_direct_multilead_regression,reduced,1.3,0.3,5,0.16863149146848,0.04249277563652916
2,tweedie_direct_multilead_regression,reduced,1.5,1.0,5,0.16863921508494942,0.03990667526647489
2,tweedie_direct_multilead_regression,reduced,1.2,0.6,5,0.16864839783947344,0.038993182906497094
2,tweedie_direct_multilead_regression,reduced,1.3,0.73,5,0.16869890067877868,0.03919938403991059
2,tweedie_direct_multilead_regression,reduced,1.1,0.5,5,0.16870773435803385,0.038785420063932624
2,tweedie_direct_multilead_regression,reduced,1.3,0.75,5,0.1687409829494256,0.03913117596794125
2,tweedie_direct_multilead_regression,reduced,1.7,1.0,5,0.16876771436274118,0.041846357459176586
2,tweedie_direct_multilead_regression,reduced,1.5,0.5,5,0.16878117836430906,0.04252436379651074
2,tweedie_direct_multilead_regression,reduced,1.3,0.78,5,0.16880818127685204,0.039034799658605956
2,tweedie_direct_multilead_regression,reduced,1.2,0.2,5,0.16882300263727762,0.043273095269968836
2,tweedie_direct_multilead_regression,reduced,1.3,0.8,5,0.16885539393107898,0.038975129452515946
2,tweedie_direct_multilead_regression,reduced,1.7,0.9,5,0.16885750325191684,0.04230430809946212
2,tweedie_direct_multilead_regression,reduced,1.05,0.5,5,0.16893700639025128,0.03847152197314363
2,tweedie_direct_multilead_regression,reduced,1.7,0.8,5,0.16899638082322163,0.04283372108969909
2,tweedie_direct_multilead_regression,reduced,1.7,0.78,5,0.16902995705251744,0.04294768615027743
2,tweedie_direct_multilead_regression,reduced,1.2,0.7,5,0.16903806963868123,0.03868748230381196
2,tweedie_direct_multilead_regression,reduced,1.7,0.75,5,0.1691097171880977,0.04317131784038111
2,tweedie_direct_multilead_regression,reduced,1.3,0.9,5,0.1691176695321263,0.03870452184463466
2,tweedie_direct_multilead_regression,reduced,1.1,0.6,5,0.1691183930142014,0.03836215428363824
2,tweedie_direct_multilead_regression,reduced,1.2,0.73,5,0.16913816681822338,0.038589944253874284
2,tweedie_direct_multilead_regression,reduced,1.7,0.73,5,0.169157140672171,0.043309380455649284
2,tweedie_direct_multilead_regression,reduced,1.5,0.4,5,0.16919613638274886,0.043750497336186696
2,tweedie_direct_multilead_regression,reduced,1.2,0.75,5,0.16920435659025326,0.03852669620468319
2,tweedie_direct_multilead_regression,reduced,1.7,0.7,5,0.16923563857653973,0.04352845143726325
2,tweedie_direct_multilead_regression,reduced,1.2,0.78,5,0.16930307672753225,0.038434560077522176
2,tweedie_direct_multilead_regression,reduced,1.05,0.6,5,0.16936152988796332,0.03810059098018965
2,tweedie_direct_multilead_regression,reduced,1.2,0.8,5,0.16936872012334375,0.03837496240973124
2,tweedie_direct_multilead_regression,reduced,1.3,1.0,5,0.16939337563097256,0.03847151139937748
2,tweedie_direct_multilead_regression,full,1.05,0.8,5,0.16946347342711882,0.03572047045933382
2,tweedie_direct_multilead_regression,full,1.05,0.78,5,0.16946744002481476,0.035678586116966955
2,tweedie_direct_multilead_regression,full,1.1,1.0,5,0.1694696395714888,0.03602013323477669
2,tweedie_direct_multilead_regression,full,1.05,0.9,5,0.16948122118732395,0.035957842073130915
2,tweedie_direct_multilead_regression,full,1.1,0.78,5,0.16948402223728998,0.035562176432377336
2,tweedie_direct_multilead_regression,full,1.1,0.8,5,0.16949582484897602,0.03562184340289482
2,tweedie_direct_multilead_regression,reduced,1.3,0.2,5,0.16950644769645484,0.04500518038866234
2,tweedie_direct_multilead_regression,full,1.1,0.9,5,0.16951473479954815,0.035798424192681325
2,tweedie_direct_multilead_regression,full,1.1,0.73,5,0.1695222140715063,0.03554295638545983
2,tweedie_direct_multilead_regression,full,1.05,0.75,5,0.16952477338672686,0.03557022730768695
2,tweedie_direct_multilead_regression,full,1.2,1.0,5,0.1695251482915674,0.035796443943743
2,tweedie_direct_multilead_regression,full,1.1,0.75,5,0.16953148754750366,0.03555876152753838
2,tweedie_direct_multilead_regression,full,1.05,1.0,5,0.1695413719031867,0.036001446371182994
2,tweedie_direct_multilead_regression,full,1.05,0.73,5,0.16954377597639542,0.035496264802411234
2,tweedie_direct_multilead_regression,reduced,1.7,0.6,5,0.1695675618314716,0.044394324722528966
2,tweedie_direct_multilead_regression,full,1.05,0.7,5,0.16956815451919532,0.035476756931125966
2,tweedie_direct_multilead_regression,full,1.2,0.9,5,0.16957310110126225,0.035659430180922144
2,tweedie_direct_multilead_regression,reduced,1.1,0.7,5,0.16957479804895068,0.03805176809119368
2,tweedie_direct_multilead_regression,full,1.1,0.7,5,0.16962928973967165,0.03546475035523675
2,tweedie_direct_multilead_regression,reduced,1.2,0.9,5,0.16969221347278068,0.03808740543338334
2,tweedie_direct_multilead_regression,reduced,1.9,1.0,5,0.1697034721655609,0.0444052797104002
2,tweedie_direct_multilead_regression,reduced,1.1,0.73,5,0.16970433551743042,0.03796029126493394
2,tweedie_direct_multilead_regression,reduced,1.05,0.1,5,0.16970682953807373,0.0456081780321056
2,tweedie_direct_multilead_regression,full,1.3,1.0,5,0.16974687847137107,0.03577280779823169
2,tweedie_direct_multilead_regression,full,1.2,0.8,5,0.16975963194553947,0.03561197310093369
2,tweedie_direct_multilead_regression,reduced,1.1,0.75,5,0.16979055654274489,0.03790169796875968
2,tweedie_direct_multilead_regression,full,1.05,0.6,5,0.16980481812961035,0.035151968612098704
2,tweedie_direct_multilead_regression,full,1.2,0.78,5,0.16980600666439408,0.03560526417332862
2,tweedie_direct_multilead_regression,reduced,1.1,0.78,5,0.16985288661682652,0.03783960644583511
2,tweedie_direct_multilead_regression,reduced,1.05,0.7,5,0.16986197125846494,0.03777637555694139
2,tweedie_direct_multilead_regression,full,1.2,0.75,5,0.16988327733577915,0.03560875024143737
2,tweedie_direct_multilead_regression,reduced,1.9,0.9,5,0.1699211860350251,0.044998507964485936
2,tweedie_direct_multilead_regression,reduced,1.1,0.8,5,0.16994154058954095,0.037786484827433464
2,tweedie_direct_multilead_regression,full,1.2,0.73,5,0.16994259997342606,0.03561001120692823
2,tweedie_direct_multilead_regression,reduced,1.5,0.3,5,0.16994906337689103,0.04570549106327868
2,tweedie_direct_multilead_regression,full,1.1,0.6,5,0.1699673689632713,0.03536917149761084
2,tweedie_direct_multilead_regression,full,1.3,0.9,5,0.1699830238762634,0.03571696709063293
2,tweedie_direct_multilead_regression,reduced,1.05,0.73,5,0.17001309591900968,0.037693183944193694
2,tweedie_direct_multilead_regression,full,1.2,0.7,5,0.17003148363179937,0.03559912293636047
2,tweedie_direct_multilead_regression,reduced,1.2,1.0,5,0.17003500844815003,0.0378542883809453
2,tweedie_direct_multilead_regression,reduced,1.7,0.5,5,0.17004621524992286,0.045588038564249526
2,tweedie_direct_multilead_regression,reduced,1.05,0.75,5,0.1701125090894139,0.037641396477972135
2,tweedie_direct_multilead_regression,full,1.05,0.5,5,0.1701190834425878,0.03520193079805485
2,tweedie_direct_multilead_regression,reduced,1.1,0.1,5,0.17017604732712605,0.0466968427918017
2,tweedie_direct_multilead_regression,reduced,1.9,0.8,5,0.17024469416161464,0.04576028815811667
2,tweedie_direct_multilead_regression,reduced,1.05,0.78,5,0.17025961001115952,0.03757052053386532
2,tweedie_direct_multilead_regression,full,1.3,0.8,5,0.17029859686252788,0.03573911155088038
2,tweedie_direct_multilead_regression,reduced,1.05,0.8,5,0.1703227662926497,0.03750825692709825
2,tweedie_direct_multilead_regression,reduced,1.9,0.78,5,0.17032810421377298,0.045948134179671835
2,tweedie_direct_multilead_regression,full,1.3,0.78,5,0.17036775918990163,0.035747621409641946
2,tweedie_direct_multilead_regression,full,1.1,0.5,5,0.1703704028352568,0.035387546733784775
2,tweedie_direct_multilead_regression,reduced,1.1,0.9,5,0.17037722808463612,0.03756024026413533
2,tweedie_direct_multilead_regression,reduced,1.9,0.75,5,0.17044316379621488,0.04622766691726026
2,tweedie_direct_multilead_regression,full,1.3,0.75,5,0.17048381505214003,0.035769896743109174
2,tweedie_direct_multilead_regression,reduced,1.9,0.73,5,0.17052640123404908,0.04641938406782614
2,tweedie_direct_multilead_regression,full,1.2,0.6,5,0.1705575011633848,0.03565215200006541
2,tweedie_direct_multilead_regression,full,1.3,0.73,5,0.17059711822407636,0.03583051086403754
2,tweedie_direct_multilead_regression,reduced,1.9,0.7,5,0.1706613658763686,0.04672485434334077
2,tweedie_direct_multilead_regression,full,1.05,0.4,5,0.17068985905824824,0.03540888656836827
2,tweedie_direct_multilead_regression,full,1.3,0.7,5,0.17076550111681932,0.0359385169848461
2,tweedie_direct_multilead_regression,reduced,1.7,0.4,5,0.17077942960440892,0.047285064842348734
2,tweedie_direct_multilead_regression,reduced,1.05,0.9,5,0.17078862247690232,0.037357450785754455
2,tweedie_direct_multilead_regression,reduced,1.1,1.0,5,0.17081065797994743,0.037397758841414455
2,tweedie_direct_multilead_regression,reduced,1.2,0.1,5,0.17113876869981975,0.04893445516566101
2,tweedie_direct_multilead_regression,reduced,1.9,0.6,5,0.1711865869851155,0.047898441784935325
2,tweedie_direct_multilead_regression,full,1.5,1.0,5,0.17118815699486775,0.03642174941097308
2,tweedie_direct_multilead_regression,full,1.1,0.4,5,0.17121068999389427,0.03566329486537727
2,tweedie_direct_multilead_regression,full,1.2,0.5,5,0.17126277008338264,0.03591449442257437
2,tweedie_direct_multilead_regression,reduced,1.05,1.0,5,0.17129162403801504,0.03723200045187975
2,tweedie_direct_multilead_regression,reduced,1.5,0.2,5,0.17138077595459023,0.04912039524201505
2,tweedie_direct_multilead_regression,full,1.3,0.6,5,0.17148058341589476,0.036137728800932946
2,tweedie_direct_multilead_regression,full,1.5,0.9,5,0.1716922957147476,0.036645753739042934
2,tweedie_direct_multilead_regression,reduced,1.7,0.3,5,0.17178856943493384,0.04968785126415242
2,tweedie_direct_multilead_regression,reduced,1.9,0.5,5,0.17188157953729571,0.04936329334720263
2,tweedie_direct_multilead_regression,full,1.05,0.3,5,0.17202075447631496,0.03594444126639075
2,tweedie_direct_multilead_regression,reduced,1.3,0.1,5,0.17209484318637097,0.05107884085273083
2,tweedie_direct_multilead_regression,full,1.5,0.8,5,0.1722696929567395,0.03702409120582913
2,tweedie_direct_multilead_regression,full,1.2,0.4,5,0.17232417505230083,0.03645494151442008
2,tweedie_direct_multilead_regression,full,1.3,0.5,5,0.17237983792155856,0.03663610052772609
2,tweedie_direct_multilead_regression,full,1.5,0.78,5,0.1724353769950347,0.03707118468101583
2,tweedie_direct_multilead_regression,full,1.1,0.3,5,0.17262517386459258,0.03651207161450585
2,tweedie_direct_multilead_regression,full,1.5,0.75,5,0.17271428606066838,0.03714327434559555
2,tweedie_direct_multilead_regression,reduced,1.9,0.4,5,0.17276819414257338,0.05116895449216825
2,tweedie_direct_multilead_regression,full,1.5,0.73,5,0.17284360644730715,0.037194931761181944
2,tweedie_direct_multilead_regression,full,1.5,0.7,5,0.17309513484622036,0.03735264548858843
2,tweedie_direct_multilead_regression,reduced,1.7,0.2,5,0.1735710488799481,0.05320061566410529
2,tweedie_direct_multilead_regression,full,1.3,0.4,5,0.17370789266170344,0.03749519777702928
2,tweedie_direct_multilead_regression,full,1.7,1.0,5,0.173762941908157,0.03811950750508068
2,tweedie_direct_multilead_regression,reduced,1.9,0.3,5,0.1740551174345814,0.05353732040205352
2,tweedie_direct_multilead_regression,full,1.5,0.6,5,0.17409692339948243,0.038021152518194844
2,tweedie_direct_multilead_regression,full,1.2,0.3,5,0.174146658560957,0.037660267171735144
2,tweedie_direct_multilead_regression,full,1.7,0.9,5,0.17452258497000134,0.03867546960927214
2,tweedie_direct_multilead_regression,reduced,1.5,0.1,5,0.17456225329145564,0.0555134873319737
2,tweedie_direct_multilead_regression,full,1.05,0.2,5,0.17457652053131698,0.037909240457099265
2,tweedie_direct_multilead_regression,full,1.7,0.8,5,0.17540022385151682,0.03931675575872633
2,tweedie_direct_multilead_regression,full,1.5,0.5,5,0.17550465222815953,0.0391039788051692
2,tweedie_direct_multilead_regression,full,1.1,0.2,5,0.17551489532825185,0.03872867176000708
2,tweedie_direct_multilead_regression,full,1.7,0.78,5,0.17560165246452278,0.039451330656470066
2,tweedie_direct_multilead_regression,full,1.3,0.3,5,0.1758633833220607,0.03928592925537415
2,tweedie_direct_multilead_regression,full,1.7,0.75,5,0.17593533241781684,0.03972157339750018
2,tweedie_direct_multilead_regression,reduced,1.9,0.2,5,0.17603971335564544,0.05701451342567324
2,tweedie_direct_multilead_regression,full,1.7,0.73,5,0.17609285307176278,0.03989602008480014
2,tweedie_direct_multilead_regression,full,1.7,0.7,5,0.17645532716525913,0.04020154969378961
2,tweedie_direct_multilead_regression,reduced,1.7,0.1,5,0.17734420451918906,0.059325416782892076
2,tweedie_direct_multilead_regression,full,1.9,1.0,5,0.17735695566260676,0.041177188983035094
2,tweedie_direct_multilead_regression,full,1.5,0.4,5,0.1774236333674117,0.04076986674610181
2,tweedie_direct_multilead_regression,full,1.2,0.2,5,0.17751468038647852,0.04052318746946759
2,tweedie_direct_multilead_regression,full,1.7,0.6,5,0.17781198480546292,0.04135614392898552
2,tweedie_direct_multilead_regression,full,1.9,0.9,5,0.17833055194860759,0.04198707642778992
2,tweedie_direct_multilead_regression,full,1.9,0.8,5,0.179472783716631,0.042961482636880835
2,tweedie_direct_multilead_regression,full,1.7,0.5,5,0.17958218947082186,0.042866959684551495
2,tweedie_direct_multilead_regression,full,1.3,0.2,5,0.17969548098479748,0.04266414728172474
2,tweedie_direct_multilead_regression,full,1.9,0.78,5,0.1797257560670695,0.043181041974671625
2,tweedie_direct_multilead_regression,full,1.9,0.75,5,0.180113070646376,0.04350327484513686
2,tweedie_direct_multilead_regression,full,1.5,0.3,5,0.1801481937283739,0.043106967905652924
2,tweedie_direct_multilead_regression,full,1.9,0.73,5,0.18039335647388793,0.04374838896547414
2,tweedie_direct_multilead_regression,reduced,1.9,0.1,5,0.1805840792345846,0.063212214049929
2,tweedie_direct_multilead_regression,full,1.9,0.7,5,0.18083783324036556,0.04411694862493726
2,tweedie_direct_multilead_regression,full,1.05,0.1,5,0.18094205377928954,0.043860625243944656
2,tweedie_direct_multilead_regression,full,1.7,0.4,5,0.18191064259621373,0.04482235205886734
2,tweedie_direct_multilead_regression,full,1.1,0.1,5,0.1821957510444221,0.04505320882015936
2,tweedie_direct_multilead_regression,full,1.9,0.6,5,0.18247428470670002,0.045526482513853404
2,tweedie_direct_multilead_regression,reduced,1.05,0.01,5,0.18391916063764996,0.06735134893387669
2,tweedie_direct_multilead_regression,reduced,1.1,0.01,5,0.1843368188466377,0.06805291838798644
2,tweedie_direct_multilead_regression,full,1.9,0.5,5,0.18455954362748955,0.047183892571416815
2,tweedie_direct_multilead_regression,full,1.5,0.2,5,0.1846258958268888,0.046976302418702424
2,tweedie_direct_multilead_regression,full,1.2,0.1,5,0.18483737704070674,0.047392779993246856
2,tweedie_direct_multilead_regression,full,1.7,0.3,5,0.18517633833218752,0.04761896504650352
2,tweedie_direct_multilead_regression,reduced,1.2,0.01,5,0.1871068394463003,0.06945651645937571
2,tweedie_direct_multilead_regression,full,1.9,0.4,5,0.18723773852271267,0.04923355571095975
2,tweedie_direct_multilead_regression,full,1.3,0.1,5,0.18766731102635256,0.0498280886411305
2,tweedie_direct_multilead_regression,full,1.7,0.2,5,0.19032906618700934,0.051431501261400614
2,tweedie_direct_multilead_regression,full,1.9,0.3,5,0.19095090463546285,0.05178317251097026
2,tweedie_direct_multilead_regression,reduced,1.3,0.01,5,0.19140668578846004,0.07304573392431718
2,tweedie_direct_multilead_regression,full,1.5,0.1,5,0.1936346321244728,0.053661391563730676
2,tweedie_direct_multilead_regression,full,1.9,0.2,5,0.19627124172185573,0.05456382631861922
2,tweedie_direct_multilead_regression,full,1.7,0.1,5,0.1998455319669162,0.056091471366301285
2,tweedie_direct_multilead_regression,reduced,1.5,0.01,5,0.2029890547503644,0.0791279769904057
2,tweedie_direct_multilead_regression,full,1.9,0.1,5,0.2068508860394153,0.057702839899440146
2,tweedie_direct_multilead_regression,full,1.05,0.01,5,0.21374845691436262,0.0612342356297999
2,tweedie_direct_multilead_regression,full,1.1,0.01,5,0.21530504122463467,0.0608617774268489
2,tweedie_direct_multilead_regression,reduced,1.7,0.01,5,0.21685776918879235,0.08778677337194732
2,tweedie_direct_multilead_regression,full,1.2,0.01,5,0.2185460576528575,0.06011737608838285
2,tweedie_direct_multilead_regression,full,1.3,0.01,5,0.22449336704463252,0.05885520636993971
2,tweedie_direct_multilead_regression,reduced,1.9,0.01,5,0.23558179377709454,0.10105964728595757
2,tweedie_direct_multilead_regression,full,1.5,0.01,5,0.23625822951748887,0.05422604952080592
2,tweedie_direct_multilead_regression,reduced,1.05,0.001,5,0.24309877031924404,0.11323844996722823
2,tweedie_direct_multilead_regression,reduced,1.1,0.001,5,0.24621225522457219,0.11571369606777844
2,tweedie_direct_multilead_regression,full,1.7,0.01,5,0.25088841007401197,0.05352026787777791
2,tweedie_direct_multilead_regression,reduced,1.2,0.001,5,0.2564738957126334,0.12512130897110793
2,tweedie_direct_multilead_regression,reduced,1.3,0.001,5,0.2650814879262415,0.1337528300459459
2,tweedie_direct_multilead_regression,full,1.05,0.001,5,0.2686046733516091,0.053928659265523614
2,tweedie_direct_multilead_regression,full,1.9,0.01,5,0.2708350055707992,0.05764885666710396
2,tweedie_direct_multilead_regression,full,1.1,0.001,5,0.2762027072046804,0.0550805399830306
2,tweedie_direct_multilead_regression,reduced,1.5,0.001,5,0.2867549365856713,0.15218002990414595
2,tweedie_direct_multilead_regression,full,1.2,0.001,5,0.2885707129941995,0.060501411717758774
2,tweedie_direct_multilead_regression,full,1.3,0.001,5,0.30017789250032934,0.07178629842816601
2,tweedie_direct_multilead_regression,reduced,1.7,0.001,5,0.3078816805063178,0.1691204114383946
2,tweedie_direct_multilead_regression,reduced,1.9,0.001,5,0.32764211404841137,0.19928365439007084
2,tweedie_direct_multilead_regression,full,1.5,0.001,5,0.3365348424745088,0.10172701927222888
2,tweedie_direct_multilead_regression,reduced,1.05,0.0,5,0.36062713477280006,0.2978076441215759
2,tweedie_direct_multilead_regression,full,1.1,0.0,5,0.3623552253840888,0.11582457197488047
2,tweedie_direct_multilead_regression,full,1.05,0.0,5,0.3640774532886476,0.124710431137051
2,tweedie_direct_multilead_regression,full,1.7,0.001,5,0.37474269542184413,0.1526296612878781
2,tweedie_direct_multilead_regression,reduced,1.1,0.0,5,0.3817682608115022,0.33531730105105434
2,tweedie_direct_multilead_regression,reduced,1.2,0.0,5,0.3919446700970789,0.3417257991497423
2,tweedie_direct_multilead_regression,reduced,1.3,0.0,5,0.3970521608155143,0.3290800708603486
2,tweedie_direct_multilead_regression,full,1.9,0.001,5,0.3986626854174674,0.18287891470678938
2,tweedie_direct_multilead_regression,full,1.2,0.0,5,0.4050730946295479,0.17318701740928888
2,tweedie_direct_multilead_regression,reduced,1.5,0.0,5,0.4316718158353338,0.3945622612679366
2,tweedie_direct_multilead_regression,full,1.3,0.0,5,0.4370559100845762,0.2300592355133983
2,tweedie_direct_multilead_regression,reduced,1.7,0.0,5,0.4423794589656568,0.41011185481633905
2,tweedie_direct_multilead_regression,reduced,1.9,0.0,5,0.4456908338291016,0.40335151013005427
2,tweedie_direct_multilead_regression,full,1.5,0.0,5,0.5644805710255031,0.34851560063891257
2,tweedie_direct_multilead_regression,full,1.7,0.0,5,0.6764264085941418,0.280733679787089
2,tweedie_direct_multilead_regression,full,1.9,0.0,5,0.7442636786617619,0.2742087421260719
3,tweedie_direct_multilead_regression,full,1.05,1.0,5,0.1672370954584062,0.013423278031846581
3,tweedie_direct_multilead_regression,full,1.05,0.9,5,0.1675323617331207,0.013963342978362148
3,tweedie_direct_multilead_regression,full,1.1,1.0,5,0.16754439885598255,0.013984473875992618
3,tweedie_direct_multilead_regression,full,1.1,0.9,5,0.1679242317453919,0.014648215631672944
3,tweedie_direct_multilead_regression,full,1.05,0.8,5,0.1679780247797004,0.014710214554171942
3,tweedie_direct_multilead_regression,full,1.05,0.78,5,0.16807801594023858,0.014879378535719908
3,tweedie_direct_multilead_regression,full,1.05,0.75,5,0.16823931648861815,0.01515059013150437
3,tweedie_direct_multilead_regression,full,1.2,1.0,5,0.16826362648904944,0.015340250007335264
3,tweedie_direct_multilead_regression,full,1.05,0.73,5,0.16835709378965003,0.01534813103932526
3,tweedie_direct_multilead_regression,full,1.1,0.8,5,0.16841575470064163,0.015470031699457213
3,tweedie_direct_multilead_regression,full,1.1,0.78,5,0.16853169947023375,0.01566283083380629
3,tweedie_direct_multilead_regression,full,1.05,0.7,5,0.16854801537214298,0.01566699064981433
3,tweedie_direct_multilead_regression,full,1.1,0.75,5,0.16869999364171862,0.015987735472580502
3,tweedie_direct_multilead_regression,full,1.2,0.9,5,0.16875076716646062,0.01617450160326528
3,tweedie_direct_multilead_regression,full,1.1,0.73,5,0.16879185679859926,0.016126984520054007
3,tweedie_direct_multilead_regression,full,1.1,0.7,5,0.16900636870104818,0.01648598022386419
3,tweedie_direct_multilead_regression,full,1.3,1.0,5,0.16927540480627612,0.017158004181788634
3,tweedie_direct_multilead_regression,full,1.05,0.6,5,0.169331128876047,0.016981822217646783
3,tweedie_direct_multilead_regression,full,1.2,0.8,5,0.16941492649908232,0.017213239123840877
3,tweedie_direct_multilead_regression,full,1.2,0.78,5,0.16955802863645444,0.017448137271514442
3,tweedie_direct_multilead_regression,reduced,1.05,1.0,5,0.1696996998994341,0.010242508412337026
3,tweedie_direct_multilead_regression,full,1.2,0.75,5,0.16972208404549843,0.017852667268880993
3,tweedie_direct_multilead_regression,reduced,1.1,1.0,5,0.1697415914223785,0.010425851841345412
3,tweedie_direct_multilead_regression,reduced,1.05,0.9,5,0.16974194571358153,0.01041900370451043
3,tweedie_direct_multilead_regression,reduced,1.1,0.9,5,0.16982604232580423,0.0106231785486169
3,tweedie_direct_multilead_regression,reduced,1.05,0.8,5,0.16983694742212005,0.010641211355575123
3,tweedie_direct_multilead_regression,full,1.1,0.6,5,0.1698548281816273,0.017905338153201257
3,tweedie_direct_multilead_regression,reduced,1.05,0.78,5,0.16986453000179483,0.01069389709496131
3,tweedie_direct_multilead_regression,full,1.2,0.73,5,0.16988045987579747,0.01807584253022491
3,tweedie_direct_multilead_regression,full,1.3,0.9,5,0.16988232990023616,0.01813015198288526
3,tweedie_direct_multilead_regression,reduced,1.2,1.0,5,0.169900488553814,0.010825216350135478
3,tweedie_direct_multilead_regression,reduced,1.05,0.75,5,0.16991217189590166,0.010779985210950423
3,tweedie_direct_multilead_regression,reduced,1.05,0.73,5,0.1699482791620114,0.01084187231561081
3,tweedie_direct_multilead_regression,reduced,1.1,0.8,5,0.16998730548440885,0.010909773397071465
3,tweedie_direct_multilead_regression,reduced,1.05,0.7,5,0.1700108255585922,0.010943817169702245
3,tweedie_direct_multilead_regression,reduced,1.1,0.78,5,0.17002748097992235,0.010974634514117218
3,tweedie_direct_multilead_regression,reduced,1.2,0.9,5,0.17004381755404904,0.011114202540266356
3,tweedie_direct_multilead_regression,reduced,1.1,0.75,5,0.17009447833130387,0.011080029792026398
3,tweedie_direct_multilead_regression,reduced,1.1,0.73,5,0.17014328372869345,0.01115608670862533
3,tweedie_direct_multilead_regression,full,1.2,0.7,5,0.17014869156615137,0.018471144406842038
3,tweedie_direct_multilead_regression,reduced,1.1,0.7,5,0.17015253230735516,0.011280420642764884
3,tweedie_direct_multilead_regression,reduced,1.3,1.0,5,0.17020847122196459,0.01143893925187368
3,tweedie_direct_multilead_regression,reduced,1.2,0.8,5,0.17027729408311046,0.011472089890196071
3,tweedie_direct_multilead_regression,reduced,1.05,0.6,5,0.17031830526180594,0.011421604144059383
3,tweedie_direct_multilead_regression,full,1.05,0.5,5,0.17032915721707217,0.018664610818847786
3,tweedie_direct_multilead_regression,reduced,1.2,0.78,5,0.17033622565507944,0.011560313950352117
3,tweedie_direct_multilead_regression,reduced,1.2,0.75,5,0.1704341660955789,0.01170652142062611
3,tweedie_direct_multilead_regression,reduced,1.3,0.9,5,0.17047764039863528,0.011820661092672668
3,tweedie_direct_multilead_regression,reduced,1.1,0.6,5,0.1704865580808641,0.011814992924430032
3,tweedie_direct_multilead_regression,reduced,1.2,0.73,5,0.17050515025745758,0.011810530484663661
3,tweedie_direct_multilead_regression,full,1.3,0.8,5,0.17052418559588092,0.019320656265784032
3,tweedie_direct_multilead_regression,reduced,1.2,0.7,5,0.17062487512271918,0.011985663088103051
3,tweedie_direct_multilead_regression,full,1.3,0.78,5,0.17068489995668423,0.01957837679378107
3,tweedie_direct_multilead_regression,reduced,1.05,0.5,5,0.17069297680155704,0.01213166076860861
3,tweedie_direct_multilead_regression,reduced,1.3,0.8,5,0.1708491234015619,0.012330848051059294
3,tweedie_direct_multilead_regression,full,1.1,0.5,5,0.17086175500113437,0.019812832429038935
3,tweedie_direct_multilead_regression,full,1.3,0.75,5,0.17093754938552416,0.019983897662655244
3,tweedie_direct_multilead_regression,reduced,1.3,0.78,5,0.17093812512503898,0.012452905221070907
3,tweedie_direct_multilead_regression,reduced,1.3,0.75,5,0.17108179632174494,0.012650523902268755
3,tweedie_direct_multilead_regression,reduced,1.1,0.5,5,0.17111018789956964,0.012593623148325609
3,tweedie_direct_multilead_regression,full,1.3,0.73,5,0.17111610564301652,0.020263420043474888
3,tweedie_direct_multilead_regression,full,1.2,0.6,5,0.17112218560000106,0.020050339754334328
3,tweedie_direct_multilead_regression,reduced,1.2,0.6,5,0.17114984347328424,0.012732242374223322
3,tweedie_direct_multilead_regression,reduced,1.3,0.73,5,0.1711860682838603,0.012793599036881364
3,tweedie_direct_multilead_regression,reduced,1.3,0.7,5,0.17135544962410285,0.013024045744191817
3,tweedie_direct_multilead_regression,full,1.3,0.7,5,0.17138923199480324,0.020699636806310488
3,tweedie_direct_multilead_regression,reduced,1.05,0.4,5,0.1715253433022018,0.013262143784994867
3,tweedie_direct_multilead_regression,reduced,1.5,1.0,5,0.1715442532027312,0.013412222861622776
3,tweedie_direct_multilead_regression,full,1.05,0.4,5,0.17164952167535957,0.021084900873084466
3,tweedie_direct_multilead_regression,full,1.5,1.0,5,0.17175186631314254,0.021386212134434188
3,tweedie_direct_multilead_regression,reduced,1.2,0.5,5,0.17194397473861672,0.013838809029931284
3,tweedie_direct_multilead_regression,reduced,1.1,0.4,5,0.1720201541089464,0.01396877042203137
3,tweedie_direct_multilead_regression,reduced,1.3,0.6,5,0.17204598763459394,0.013964495889975361
3,tweedie_direct_multilead_regression,reduced,1.5,0.9,5,0.17206866115593394,0.014075744515943709
3,tweedie_direct_multilead_regression,full,1.2,0.5,5,0.17226126698502264,0.022057962026073664
3,tweedie_direct_multilead_regression,full,1.1,0.4,5,0.17239135118145596,0.022195961925930405
3,tweedie_direct_multilead_regression,full,1.3,0.6,5,0.1724042550808923,0.02238104409835335
3,tweedie_direct_multilead_regression,full,1.5,0.9,5,0.1724372370791851,0.022555513534154508
3,tweedie_direct_multilead_regression,reduced,1.5,0.8,5,0.1727388903893334,0.014898018628978818
3,tweedie_direct_multilead_regression,reduced,1.5,0.78,5,0.17289214246880016,0.015082144282036778
3,tweedie_direct_multilead_regression,reduced,1.05,0.3,5,0.17300360940292753,0.01534468106585718
3,tweedie_direct_multilead_regression,reduced,1.3,0.5,5,0.1730527823495547,0.015275145152119059
3,tweedie_direct_multilead_regression,reduced,1.5,0.75,5,0.17312226873635014,0.01535055314559099
3,tweedie_direct_multilead_regression,reduced,1.2,0.4,5,0.17318657020626005,0.015491003801536594
3,tweedie_direct_multilead_regression,full,1.5,0.8,5,0.17324463330264275,0.023829618561375332
3,tweedie_direct_multilead_regression,reduced,1.5,0.73,5,0.17329418741798688,0.01555785018896856
3,tweedie_direct_multilead_regression,full,1.5,0.78,5,0.1734114550981945,0.024101526701338822
3,tweedie_direct_multilead_regression,reduced,1.5,0.7,5,0.1735693354041408,0.01588740784481614
3,tweedie_direct_multilead_regression,full,1.3,0.5,5,0.17363183921171238,0.02441580311963341
3,tweedie_direct_multilead_regression,full,1.05,0.3,5,0.17364310383059606,0.024270477321538645
3,tweedie_direct_multilead_regression,full,1.5,0.75,5,0.17368190791828625,0.024526154914300755
3,tweedie_direct_multilead_regression,full,1.2,0.4,5,0.17374078829693035,0.024596584583733323
3,tweedie_direct_multilead_regression,reduced,1.1,0.3,5,0.17375358316615935,0.016184859913930743
3,tweedie_direct_multilead_regression,full,1.5,0.73,5,0.17387163459299063,0.024819294462107677
3,tweedie_direct_multilead_regression,reduced,1.7,1.0,5,0.1739588497959778,0.016375072867911632
3,tweedie_direct_multilead_regression,full,1.5,0.7,5,0.17415648613861812,0.025280363260848822
3,tweedie_direct_multilead_regression,full,1.1,0.3,5,0.17432376490941462,0.025446696558760987
3,tweedie_direct_multilead_regression,reduced,1.3,0.4,5,0.17454402270716682,0.017091939284583545
3,tweedie_direct_multilead_regression,full,1.7,1.0,5,0.17454525231726284,0.025913465559554018
3,tweedie_direct_multilead_regression,reduced,1.5,0.6,5,0.17460018136142647,0.017163467982225025
3,tweedie_direct_multilead_regression,reduced,1.7,0.9,5,0.17470696568572824,0.017271000196136404
3,tweedie_direct_multilead_regression,reduced,1.2,0.3,5,0.17516351225304114,0.018047500324769986
3,tweedie_direct_multilead_regression,full,1.3,0.4,5,0.17519829007059506,0.026875439148748702
3,tweedie_direct_multilead_regression,full,1.5,0.6,5,0.1752749322967392,0.026975494793151627
3,tweedie_direct_multilead_regression,full,1.7,0.9,5,0.1752874545186647,0.027028493724922675
3,tweedie_direct_multilead_regression,reduced,1.7,0.8,5,0.17562776411033837,0.018326972486825587
3,tweedie_direct_multilead_regression,full,1.2,0.3,5,0.17572509157776084,0.027737030468856196
3,tweedie_direct_multilead_regression,reduced,1.7,0.78,5,0.175836757788569,0.01856242262972274
3,tweedie_direct_multilead_regression,reduced,1.05,0.2,5,0.1760263446367408,0.019017725611189664
3,tweedie_direct_multilead_regression,reduced,1.5,0.5,5,0.17607210421745828,0.01878906742508725
3,tweedie_direct_multilead_regression,full,1.7,0.8,5,0.17613747840237606,0.0282714616923318
3,tweedie_direct_multilead_regression,reduced,1.7,0.75,5,0.1761690359056402,0.01893579346543453
3,tweedie_direct_multilead_regression,full,1.7,0.78,5,0.17630802163865839,0.028533881762582453
3,tweedie_direct_multilead_regression,reduced,1.7,0.73,5,0.17640343307680692,0.019198847268467368
3,tweedie_direct_multilead_regression,full,1.05,0.2,5,0.17644408986133087,0.02875370036347582
3,tweedie_direct_multilead_regression,full,1.5,0.5,5,0.1765688937590686,0.028941467966586885
3,tweedie_direct_multilead_regression,full,1.7,0.75,5,0.17660568232180446,0.028910446964398213
3,tweedie_direct_multilead_regression,reduced,1.7,0.7,5,0.17677540631737018,0.019614431822392808
3,tweedie_direct_multilead_regression,reduced,1.1,0.2,5,0.17677670023060504,0.020097280819856823
3,tweedie_direct_multilead_regression,full,1.7,0.73,5,0.17678255218064037,0.029163333389726234
3,tweedie_direct_multilead_regression,reduced,1.3,0.3,5,0.17684246828153227,0.019744756327476475
3,tweedie_direct_multilead_regression,full,1.7,0.7,5,0.17708206543259725,0.02961675973165274
3,tweedie_direct_multilead_regression,full,1.1,0.2,5,0.1771465390210736,0.02980004295894951
3,tweedie_direct_multilead_regression,full,1.3,0.3,5,0.1772640094401456,0.02992772314854523
3,tweedie_direct_multilead_regression,reduced,1.9,1.0,5,0.17742347741149128,0.020231574718812703
3,tweedie_direct_multilead_regression,full,1.9,1.0,5,0.17753514837430817,0.030158215491298573
3,tweedie_direct_multilead_regression,reduced,1.5,0.4,5,0.1780514200300946,0.021081766540285662
3,tweedie_direct_multilead_regression,full,1.5,0.4,5,0.17820710832155282,0.031199407034533427
3,tweedie_direct_multilead_regression,reduced,1.7,0.6,5,0.17823195416082888,0.021217702203640613
3,tweedie_direct_multilead_regression,full,1.7,0.6,5,0.17823930575108132,0.03112439642681523
3,tweedie_direct_multilead_regression,full,1.9,0.9,5,0.17830873945650846,0.031154209611525676
3,tweedie_direct_multilead_regression,reduced,1.9,0.9,5,0.1784508930189122,0.021354916792648622
3,tweedie_direct_multilead_regression,full,1.2,0.2,5,0.17867277751703395,0.03182671293422526
3,tweedie_direct_multilead_regression,reduced,1.2,0.2,5,0.17869721334727048,0.021884992205607554
3,tweedie_direct_multilead_regression,full,1.9,0.8,5,0.1792309311746193,0.032265534395534076
3,tweedie_direct_multilead_regression,full,1.9,0.78,5,0.17943627003628135,0.032491459373964186
3,tweedie_direct_multilead_regression,full,1.7,0.5,5,0.17960374382929048,0.03279083067321077
3,tweedie_direct_multilead_regression,reduced,1.9,0.8,5,0.17965719170736288,0.022662214016309263
3,tweedie_direct_multilead_regression,full,1.9,0.75,5,0.17974269488603967,0.03285678490174154
3,tweedie_direct_multilead_regression,reduced,1.9,0.78,5,0.17992603797850307,0.022956552721221404
3,tweedie_direct_multilead_regression,full,1.9,0.73,5,0.17997252935587588,0.033094936157479694
3,tweedie_direct_multilead_regression,reduced,1.7,0.5,5,0.1800950292722417,0.023263186611022044
3,tweedie_direct_multilead_regression,full,1.3,0.2,5,0.18012207716784942,0.03372053486194568
3,tweedie_direct_multilead_regression,full,1.9,0.7,5,0.18031748937333208,0.03347205799574091
3,tweedie_direct_multilead_regression,reduced,1.9,0.75,5,0.180348462902847,0.023413598131485764
3,tweedie_direct_multilead_regression,full,1.5,0.3,5,0.18035760549122587,0.03385794347597355
3,tweedie_direct_multilead_regression,reduced,1.9,0.73,5,0.18064378973016484,0.023730037245894457
3,tweedie_direct_multilead_regression,reduced,1.3,0.2,5,0.18095247160876843,0.02424497858871007
3,tweedie_direct_multilead_regression,reduced,1.5,0.3,5,0.18100646286904237,0.024357054378537274
3,tweedie_direct_multilead_regression,full,1.05,0.1,5,0.1810391644008368,0.03491485699553125
3,tweedie_direct_multilead_regression,reduced,1.9,0.7,5,0.1811103891088763,0.024223945224412936
3,tweedie_direct_multilead_regression,full,1.7,0.4,5,0.1812962097771214,0.034728198886982586
3,tweedie_direct_multilead_regression,full,1.9,0.6,5,0.18159127573862005,0.03481323607028765
3,tweedie_direct_multilead_regression,full,1.1,0.1,5,0.18216685461918994,0.035926214228402184
3,tweedie_direct_multilead_regression,reduced,1.7,0.4,5,0.1825885445936767,0.025914325733903124
3,tweedie_direct_multilead_regression,reduced,1.05,0.1,5,0.1828039887942037,0.026371498703612474
3,tweedie_direct_multilead_regression,reduced,1.9,0.6,5,0.1828993743469495,0.026067586773532787
3,tweedie_direct_multilead_regression,full,1.9,0.5,5,0.1831962936793817,0.036375467947219214
3,tweedie_direct_multilead_regression,full,1.5,0.2,5,0.1835388637718637,0.03707196963340173
3,tweedie_direct_multilead_regression,full,1.2,0.1,5,0.18374328123185685,0.03726123026210358
3,tweedie_direct_multilead_regression,full,1.7,0.3,5,0.18393377180985185,0.037150939821908834
3,tweedie_direct_multilead_regression,reduced,1.1,0.1,5,0.18407569081561342,0.027583810742108285
3,tweedie_direct_multilead_regression,reduced,1.9,0.5,5,0.18526700630946527,0.028447020875948543
3,tweedie_direct_multilead_regression,full,1.9,0.4,5,0.18551071936052405,0.038436009369270156
3,tweedie_direct_multilead_regression,reduced,1.5,0.2,5,0.1857521053876951,0.029235281642206887
3,tweedie_direct_multilead_regression,full,1.3,0.1,5,0.18584336270434837,0.03910609997537824
3,tweedie_direct_multilead_regression,reduced,1.7,0.3,5,0.18625504333059034,0.029570126393616825
3,tweedie_direct_multilead_regression,reduced,1.2,0.1,5,0.18633623501233862,0.0300503644655652
3,tweedie_direct_multilead_regression,full,1.7,0.2,5,0.18835681230428966,0.040990343239527736
3,tweedie_direct_multilead_regression,reduced,1.9,0.4,5,0.1884295649708994,0.03156661907399353
3,tweedie_direct_multilead_regression,full,1.9,0.3,5,0.18883610675779175,0.041111209916894015
3,tweedie_direct_multilead_regression,reduced,1.3,0.1,5,0.18923260547876297,0.03267940459735362
3,tweedie_direct_multilead_regression,full,1.5,0.1,5,0.19147306557749527,0.043516938573148006
3,tweedie_direct_multilead_regression,reduced,1.7,0.2,5,0.19244699415034355,0.035459963531049896
3,tweedie_direct_multilead_regression,reduced,1.9,0.3,5,0.19316298166570137,0.03606898965556276
3,tweedie_direct_multilead_regression,full,1.9,0.2,5,0.1943747047563528,0.04561557875365651
3,tweedie_direct_multilead_regression,reduced,1.5,0.1,5,0.19694508964795593,0.03971139486236779
3,tweedie_direct_multilead_regression,full,1.7,0.1,5,0.19834025407852127,0.048997185654826796
3,tweedie_direct_multilead_regression,reduced,1.9,0.2,5,0.2007124775007652,0.043453439029330194
3,tweedie_direct_multilead_regression,reduced,1.7,0.1,5,0.20632179289364244,0.049079103321606296
3,tweedie_direct_multilead_regression,full,1.9,0.1,5,0.2078359311091058,0.058111465324444896
3,tweedie_direct_multilead_regression,full,1.05,0.01,5,0.21191678804014985,0.06113448568957836
3,tweedie_direct_multilead_regression,full,1.1,0.01,5,0.2152564616709499,0.06373513789575447
3,tweedie_direct_multilead_regression,reduced,1.9,0.1,5,0.2197006664763106,0.06419883063543141
3,tweedie_direct_multilead_regression,full,1.2,0.01,5,0.2239219742523409,0.07294398282019339
3,tweedie_direct_multilead_regression,reduced,1.05,0.01,5,0.22750538654308236,0.0735863241494712
3,tweedie_direct_multilead_regression,full,1.3,0.01,5,0.23167220822090492,0.08109240468286473
3,tweedie_direct_multilead_regression,reduced,1.1,0.01,5,0.231701359688791,0.07897161615229797
3,tweedie_direct_multilead_regression,reduced,1.2,0.01,5,0.2402833697920046,0.08907278922673138
3,tweedie_direct_multilead_regression,full,1.5,0.01,5,0.24947973029122003,0.10519925309814543
3,tweedie_direct_multilead_regression,reduced,1.3,0.01,5,0.2557732731504353,0.11194685557694904
3,tweedie_direct_multilead_regression,full,1.7,0.01,5,0.2708720612363711,0.13662173940922365
3,tweedie_direct_multilead_regression,reduced,1.5,0.01,5,0.2853264468739349,0.15563223195871806
3,tweedie_direct_multilead_regression,full,1.05,0.001,5,0.2854465132858378,0.14198815799084588
3,tweedie_direct_multilead_regression,full,1.1,0.001,5,0.28923371450519986,0.1496275717058926
3,tweedie_direct_multilead_regression,full,1.9,0.01,5,0.29962917966697605,0.1680127533696614
3,tweedie_direct_multilead_regression,full,1.2,0.001,5,0.30742378656243174,0.18174570326656572
3,tweedie_direct_multilead_regression,reduced,1.7,0.01,5,0.3156173720095227,0.19310091311712882
3,tweedie_direct_multilead_regression,full,1.3,0.001,5,0.32414301482809865,0.20345603425655617
3,tweedie_direct_multilead_regression,full,1.05,0.0,5,0.3276607375359988,0.17801077490886982
3,tweedie_direct_multilead_regression,reduced,1.9,0.01,5,0.3519338455814976,0.2320191993799812
3,tweedie_direct_multilead_regression,reduced,1.05,0.001,5,0.35603979076744974,0.24816276286285865
3,tweedie_direct_multilead_regression,reduced,1.1,0.001,5,0.36269241492881144,0.2528211254923188
3,tweedie_direct_multilead_regression,full,1.5,0.001,5,0.38103589749775313,0.2484059592849682
3,tweedie_direct_multilead_regression,reduced,1.2,0.001,5,0.3817461810551285,0.27522523730494625
3,tweedie_direct_multilead_regression,reduced,1.3,0.001,5,0.41198953685189543,0.2958768969852702
3,tweedie_direct_multilead_regression,full,1.7,0.001,5,0.44665637724481017,0.29518867993378994
3,tweedie_direct_multilead_regression,full,1.1,0.0,5,0.47449875640031036,0.338304352971207
3,tweedie_direct_multilead_regression,reduced,1.5,0.001,5,0.4777063142294614,0.35382733307775077
3,tweedie_direct_multilead_regression,full,1.9,0.001,5,0.4915760398332941,0.30599691975279053
3,tweedie_direct_multilead_regression,reduced,1.05,0.0,5,0.5138441797046788,0.3782137209341254
3,tweedie_direct_multilead_regression,full,1.2,0.0,5,0.5322262341923605,0.38611218085798354
3,tweedie_direct_multilead_regression,reduced,1.7,0.001,5,0.5401136086058294,0.4299353715241421
3,tweedie_direct_multilead_regression,full,1.3,0.0,5,0.60149204663442,0.437663725581305
3,tweedie_direct_multilead_regression,reduced,1.9,0.001,5,0.6087668418395081,0.5386949653596808
3,tweedie_direct_multilead_regression,full,1.5,0.0,5,0.6564626573317991,0.46436814286673167
3,tweedie_direct_multilead_regression,reduced,1.1,0.0,5,0.6983031143655769,0.6765222057855251
3,tweedie_direct_multilead_regression,full,1.7,0.0,5,0.6986751216108998,0.5196107816174913
3,tweedie_direct_multilead_regression,reduced,1.2,0.0,5,0.7251872434776314,0.721228042083156
3,tweedie_direct_multilead_regression,reduced,1.7,0.0,5,0.7266727982625925,0.7362776289519435
3,tweedie_direct_multilead_regression,reduced,1.5,0.0,5,0.7274573165682583,0.7296687800472889
3,tweedie_direct_multilead_regression,reduced,1.9,0.0,5,0.7274805521123364,0.740368596160837
3,tweedie_direct_multilead_regression,reduced,1.3,0.0,5,0.7282885900000973,0.7298809768483937
3,tweedie_direct_multilead_regression,full,1.9,0.0,5,0.7631455757089739,0.5340050173909408
4,tweedie_direct_multilead_regression,full,1.3,1.0,5,0.19523075905047554,0.025358990468264696
4,tweedie_direct_multilead_regression,full,1.3,0.9,5,0.1953317024517087,0.02572375724198231
4,tweedie_direct_multilead_regression,full,1.3,0.8,5,0.1954698428917642,0.026310736117608195
4,tweedie_direct_multilead_regression,full,1.3,0.75,5,0.195517638811816,0.026605912025223825
4,tweedie_direct_multilead_regression,full,1.3,0.78,5,0.19552829231377686,0.026436069529621714
4,tweedie_direct_multilead_regression,full,1.2,0.8,5,0.19553829243918952,0.025288462963949803
4,tweedie_direct_multilead_regression,full,1.2,0.78,5,0.19554227346379097,0.02538810924967484
4,tweedie_direct_multilead_regression,full,1.2,0.9,5,0.19554930808682966,0.02487270100911927
4,tweedie_direct_multilead_regression,full,1.2,0.75,5,0.19555795009517363,0.025555656418020503
4,tweedie_direct_multilead_regression,full,1.2,0.73,5,0.19557504643876572,0.025679501137573692
4,tweedie_direct_multilead_regression,full,1.3,0.73,5,0.19557568014560817,0.026731488542367655
4,tweedie_direct_multilead_regression,full,1.2,0.7,5,0.1956105498306416,0.02587794139641806
4,tweedie_direct_multilead_regression,full,1.2,1.0,5,0.19562405448859604,0.024582240343276912
4,tweedie_direct_multilead_regression,full,1.5,1.0,5,0.19566544150170934,0.02743803158482297
4,tweedie_direct_multilead_regression,full,1.3,0.7,5,0.19572433134445247,0.026979876419265043
4,tweedie_direct_multilead_regression,full,1.1,0.7,5,0.19580213648595543,0.0250411306914907
4,tweedie_direct_multilead_regression,full,1.2,0.6,5,0.195818572977898,0.026623748532348123
4,tweedie_direct_multilead_regression,full,1.1,0.6,5,0.19585408871317225,0.025669724329719316
4,tweedie_direct_multilead_regression,full,1.1,0.73,5,0.19587418798603382,0.024816507622174716
4,tweedie_direct_multilead_regression,full,1.05,0.5,5,0.1959333607369412,0.02592187928882554
4,tweedie_direct_multilead_regression,full,1.1,0.5,5,0.1959952353357505,0.02642583028137857
4,tweedie_direct_multilead_regression,full,1.1,0.75,5,0.19603058150083608,0.02494363489318516
4,tweedie_direct_multilead_regression,full,1.1,0.78,5,0.1960631379891185,0.024814608061116107
4,tweedie_direct_multilead_regression,full,1.1,0.8,5,0.19607408695976397,0.024745936923181878
4,tweedie_direct_multilead_regression,full,1.05,0.6,5,0.19607498148675967,0.025187427043942317
4,tweedie_direct_multilead_regression,full,1.5,0.9,5,0.19612464208481986,0.028100447686834912
4,tweedie_direct_multilead_regression,full,1.1,0.9,5,0.19614693891635132,0.024467416421880613
4,tweedie_direct_multilead_regression,full,1.3,0.6,5,0.19616105908661186,0.027955787916364515
4,tweedie_direct_multilead_regression,full,1.05,0.4,5,0.19624012678677177,0.02700494453791829
4,tweedie_direct_multilead_regression,full,1.1,1.0,5,0.19625223778779172,0.02427802470383101
4,tweedie_direct_multilead_regression,full,1.05,0.75,5,0.19625277134245359,0.024719664792143877
4,tweedie_direct_multilead_regression,full,1.05,0.7,5,0.19625389380962316,0.02490842293171379
4,tweedie_direct_multilead_regression,full,1.05,0.73,5,0.1962645086636292,0.02478538664368481
4,tweedie_direct_multilead_regression,full,1.05,0.78,5,0.19627864753360483,0.024624327802997444
4,tweedie_direct_multilead_regression,full,1.2,0.5,5,0.1962931559692239,0.02798898827882471
4,tweedie_direct_multilead_regression,full,1.05,0.8,5,0.19634931420366217,0.024499432335008443
4,tweedie_direct_multilead_regression,full,1.1,0.4,5,0.19647597384099608,0.0278410276895438
4,tweedie_direct_multilead_regression,full,1.05,0.9,5,0.19647831062405732,0.024281530738277782
4,tweedie_direct_multilead_regression,full,1.5,0.8,5,0.1966936400946559,0.0288568931053292
4,tweedie_direct_multilead_regression,full,1.5,0.78,5,0.19681845747168886,0.029025772464240297
4,tweedie_direct_multilead_regression,full,1.05,1.0,5,0.19686533146294075,0.024515224791103293
4,tweedie_direct_multilead_regression,full,1.3,0.5,5,0.1969235138254058,0.029072513547512484
4,tweedie_direct_multilead_regression,full,1.5,0.75,5,0.19701703495816247,0.02928490219011734
4,tweedie_direct_multilead_regression,full,1.2,0.4,5,0.19706737103931554,0.029173703478361682
4,tweedie_direct_multilead_regression,full,1.5,0.73,5,0.19717944641801854,0.029488178123611992
4,tweedie_direct_multilead_regression,full,1.05,0.3,5,0.19719228453536813,0.028977063558927162
4,tweedie_direct_multilead_regression,full,1.5,0.7,5,0.19748016926542747,0.029772438105549002
4,tweedie_direct_multilead_regression,full,1.1,0.3,5,0.19753492654633717,0.029571253158040683
4,tweedie_direct_multilead_regression,full,1.7,1.0,5,0.19818682086295003,0.03038001279841702
4,tweedie_direct_multilead_regression,full,1.3,0.4,5,0.19831464419816333,0.030686820767066518
4,tweedie_direct_multilead_regression,full,1.5,0.6,5,0.19859023955977412,0.03092548672057282
4,tweedie_direct_multilead_regression,full,1.2,0.3,5,0.19890733104616268,0.03136864413687071
4,tweedie_direct_multilead_regression,full,1.7,0.9,5,0.19904182348068464,0.03117667565966987
4,tweedie_direct_multilead_regression,full,1.05,0.2,5,0.1995004129631876,0.032020956902278006
4,tweedie_direct_multilead_regression,reduced,1.3,1.0,5,0.19998134327661216,0.024474003153664572
4,tweedie_direct_multilead_regression,reduced,1.3,0.9,5,0.2000092595311152,0.024420734927480058
4,tweedie_direct_multilead_regression,full,1.7,0.8,5,0.20010816078642582,0.032123903673847785
4,tweedie_direct_multilead_regression,reduced,1.2,1.0,5,0.20012675899960972,0.02503129801879351
4,tweedie_direct_multilead_regression,reduced,1.2,0.9,5,0.20014520729733318,0.02480620349086784
4,tweedie_direct_multilead_regression,full,1.5,0.5,5,0.20014585531656187,0.03235835908923806
4,tweedie_direct_multilead_regression,reduced,1.3,0.8,5,0.20015569374933753,0.024341946427040947
4,tweedie_direct_multilead_regression,reduced,1.3,0.78,5,0.20019669424731207,0.0243333900502373
4,tweedie_direct_multilead_regression,reduced,1.2,0.8,5,0.2002029011421977,0.02458755649308654
4,tweedie_direct_multilead_regression,reduced,1.2,0.78,5,0.20020916899970737,0.024524628397731008
4,tweedie_direct_multilead_regression,reduced,1.2,0.75,5,0.20023915993277522,0.024464197932287334
4,tweedie_direct_multilead_regression,reduced,1.2,0.73,5,0.20026262220145422,0.024425294992998885
4,tweedie_direct_multilead_regression,reduced,1.1,0.8,5,0.20026302130219262,0.025107351005596062
4,tweedie_direct_multilead_regression,reduced,1.1,0.9,5,0.20026461148751512,0.025386720083950258
4,tweedie_direct_multilead_regression,reduced,1.05,0.75,5,0.20026522367010363,0.025269940568048738
4,tweedie_direct_multilead_regression,reduced,1.1,0.78,5,0.20026616712961162,0.025049297171456143
4,tweedie_direct_multilead_regression,reduced,1.3,0.75,5,0.20026665703971344,0.02432724556413414
4,tweedie_direct_multilead_regression,reduced,1.1,0.75,5,0.20027360403684152,0.024961450788249837
4,tweedie_direct_multilead_regression,reduced,1.05,0.78,5,0.2002785905562321,0.02536500752926973
4,tweedie_direct_multilead_regression,reduced,1.1,0.73,5,0.20028097504426637,0.024902455837557444
4,tweedie_direct_multilead_regression,reduced,1.05,0.8,5,0.20028232883027813,0.025426515378421825
4,tweedie_direct_multilead_regression,reduced,1.05,0.73,5,0.20028412447948646,0.02519966790725088
4,tweedie_direct_multilead_regression,reduced,1.05,0.7,5,0.20028731840181643,0.02510156248826631
4,tweedie_direct_multilead_regression,reduced,1.1,0.7,5,0.2002961469567063,0.024813731644236316
4,tweedie_direct_multilead_regression,reduced,1.1,1.0,5,0.20030199209127503,0.025644753356502244
4,tweedie_direct_multilead_regression,reduced,1.2,0.7,5,0.20030637965032616,0.024368803570310443
4,tweedie_direct_multilead_regression,reduced,1.05,0.9,5,0.20031311873823748,0.025717271377041315
4,tweedie_direct_multilead_regression,reduced,1.3,0.73,5,0.20031915649605608,0.024328071919952572
4,tweedie_direct_multilead_regression,reduced,1.05,0.6,5,0.20033643546751115,0.02476347760809229
4,tweedie_direct_multilead_regression,reduced,1.5,1.0,5,0.20033789946719854,0.02434093072248264
4,tweedie_direct_multilead_regression,full,1.7,0.78,5,0.20035239607825836,0.032335134926231954
4,tweedie_direct_multilead_regression,reduced,1.05,1.0,5,0.2003588981158777,0.025978603374830614
4,tweedie_direct_multilead_regression,reduced,1.1,0.6,5,0.20037151521793647,0.02452441750697814
4,tweedie_direct_multilead_regression,reduced,1.3,0.7,5,0.20040751400406215,0.024338237383853194
4,tweedie_direct_multilead_regression,full,1.1,0.2,5,0.20041125496513557,0.03289711368893251
4,tweedie_direct_multilead_regression,reduced,1.05,0.5,5,0.20042739888331526,0.024502905163358842
4,tweedie_direct_multilead_regression,reduced,1.2,0.6,5,0.20043584434780248,0.024294113746445273
4,tweedie_direct_multilead_regression,reduced,1.1,0.5,5,0.20053128711622348,0.02435355599339546
4,tweedie_direct_multilead_regression,reduced,1.5,0.9,5,0.20061925517323784,0.024602566664938038
4,tweedie_direct_multilead_regression,full,1.3,0.3,5,0.20064505768050872,0.033046423687809516
4,tweedie_direct_multilead_regression,full,1.7,0.75,5,0.20074869927719113,0.03266427879504756
4,tweedie_direct_multilead_regression,reduced,1.05,0.4,5,0.2007585269279833,0.024301254741760578
4,tweedie_direct_multilead_regression,reduced,1.3,0.6,5,0.20079527209423853,0.024490437024949286
4,tweedie_direct_multilead_regression,reduced,1.2,0.5,5,0.2008129009989001,0.024276276526917075
4,tweedie_direct_multilead_regression,reduced,1.1,0.4,5,0.20100886402640575,0.024311385710631954
4,tweedie_direct_multilead_regression,reduced,1.5,0.8,5,0.20101409836158135,0.0250096004291957
4,tweedie_direct_multilead_regression,full,1.7,0.73,5,0.20102845369104178,0.03288835289461955
4,tweedie_direct_multilead_regression,reduced,1.5,0.78,5,0.20110971354934928,0.025116749455934572
4,tweedie_direct_multilead_regression,reduced,1.5,0.75,5,0.20121960259599964,0.02530692327096324
4,tweedie_direct_multilead_regression,reduced,1.5,0.73,5,0.20129967896704168,0.02538041096706516
4,tweedie_direct_multilead_regression,reduced,1.3,0.5,5,0.20139517625366726,0.024960882314804242
4,tweedie_direct_multilead_regression,full,1.7,0.7,5,0.2014668200020358,0.033252887315699926
4,tweedie_direct_multilead_regression,reduced,1.5,0.7,5,0.2014999596602352,0.02561663165654742
4,tweedie_direct_multilead_regression,reduced,1.2,0.4,5,0.2015042055364303,0.024820688155360725
4,tweedie_direct_multilead_regression,reduced,1.05,0.3,5,0.20152561393507024,0.024514535014522366
4,tweedie_direct_multilead_regression,reduced,1.7,1.0,5,0.20185116124674654,0.02672292251188424
4,tweedie_direct_multilead_regression,reduced,1.1,0.3,5,0.20191832107985394,0.02482110908556133
4,tweedie_direct_multilead_regression,reduced,1.5,0.6,5,0.20229295049105805,0.026710485710001595
4,tweedie_direct_multilead_regression,reduced,1.3,0.4,5,0.20230943826831832,0.02613838549747747
4,tweedie_direct_multilead_regression,full,1.5,0.4,5,0.20243811394623185,0.03431335480553882
4,tweedie_direct_multilead_regression,reduced,1.7,0.9,5,0.20245447325544083,0.02755901052824568
4,tweedie_direct_multilead_regression,full,1.2,0.2,5,0.2025035466536779,0.03480483892893195
4,tweedie_direct_multilead_regression,full,1.9,1.0,5,0.20274245550525158,0.034004193898638305
4,tweedie_direct_multilead_regression,reduced,1.2,0.3,5,0.202800519047448,0.026297364810614825
4,tweedie_direct_multilead_regression,full,1.7,0.6,5,0.20313666634189334,0.03460158766688791
4,tweedie_direct_multilead_regression,reduced,1.7,0.8,5,0.2032166959225757,0.028629538499206963
4,tweedie_direct_multilead_regression,reduced,1.7,0.78,5,0.2033943172856147,0.028876876725173663
4,tweedie_direct_multilead_regression,reduced,1.5,0.5,5,0.20346949792423868,0.02832103398721831
4,tweedie_direct_multilead_regression,reduced,1.05,0.2,5,0.20351055172641094,0.02623830202348196
4,tweedie_direct_multilead_regression,reduced,1.7,0.75,5,0.20365646043447377,0.02927408701666069
4,tweedie_direct_multilead_regression,reduced,1.7,0.73,5,0.20385738455261251,0.02955643425026682
4,tweedie_direct_multilead_regression,full,1.9,0.9,5,0.20394010574701546,0.03493181615842369
4,tweedie_direct_multilead_regression,reduced,1.1,0.2,5,0.20394588919403991,0.02755973950491617
4,tweedie_direct_multilead_regression,reduced,1.3,0.3,5,0.20412447273962386,0.02847692349460752
4,tweedie_direct_multilead_regression,reduced,1.7,0.7,5,0.204179474442389,0.030008988269775258
4,tweedie_direct_multilead_regression,reduced,1.9,1.0,5,0.2048530829854136,0.03157976410151452
4,tweedie_direct_multilead_regression,reduced,1.5,0.4,5,0.20514850366473084,0.030704853999062472
4,tweedie_direct_multilead_regression,full,1.3,0.2,5,0.2051516967426398,0.03681953445274916
4,tweedie_direct_multilead_regression,full,1.7,0.5,5,0.20534995716221688,0.03627541688318722
4,tweedie_direct_multilead_regression,full,1.9,0.8,5,0.20540480761475863,0.03600600842514578
4,tweedie_direct_multilead_regression,reduced,1.7,0.6,5,0.20549050338791122,0.03179901684209814
4,tweedie_direct_multilead_regression,reduced,1.2,0.2,5,0.20557776633358166,0.030201175040207882
4,tweedie_direct_multilead_regression,full,1.9,0.78,5,0.2057302465997501,0.03623913829052235
4,tweedie_direct_multilead_regression,reduced,1.9,0.9,5,0.20579284276833026,0.03282591023551399
4,tweedie_direct_multilead_regression,full,1.5,0.3,5,0.20586401463678214,0.03701775382567991
4,tweedie_direct_multilead_regression,full,1.9,0.75,5,0.20620783183178726,0.036561787112067756
4,tweedie_direct_multilead_regression,full,1.9,0.73,5,0.20656160088920233,0.03682100163882005
4,tweedie_direct_multilead_regression,reduced,1.9,0.8,5,0.20694620645650072,0.03428971768619962
4,tweedie_direct_multilead_regression,full,1.05,0.1,5,0.20698426449739618,0.03870833086335819
4,tweedie_direct_multilead_regression,full,1.9,0.7,5,0.20716253107068247,0.037237020279369905
4,tweedie_direct_multilead_regression,reduced,1.9,0.78,5,0.20720627048830836,0.034610569040808364
4,tweedie_direct_multilead_regression,reduced,1.7,0.5,5,0.20724431429954127,0.03409666347264367
4,tweedie_direct_multilead_regression,reduced,1.9,0.75,5,0.20762231141045118,0.035117879497714076
4,tweedie_direct_multilead_regression,reduced,1.3,0.2,5,0.20770461792139416,0.03342959401416287
4,tweedie_direct_multilead_regression,reduced,1.9,0.73,5,0.20793462595106482,0.03546793039463782
4,tweedie_direct_multilead_regression,reduced,1.5,0.3,5,0.2079770438907867,0.034493977072495276
4,tweedie_direct_multilead_regression,full,1.7,0.4,5,0.20833895770068317,0.038395176186509006
4,tweedie_direct_multilead_regression,reduced,1.9,0.7,5,0.2084021046768043,0.0360331177842681
4,tweedie_direct_multilead_regression,full,1.1,0.1,5,0.20841296728064074,0.039673714851950904
4,tweedie_direct_multilead_regression,reduced,1.05,0.1,5,0.20920867273206087,0.03480421190216223
4,tweedie_direct_multilead_regression,full,1.9,0.6,5,0.2092954195524685,0.03863469309307102
4,tweedie_direct_multilead_regression,reduced,1.7,0.4,5,0.20980686608533822,0.037231453997940485
4,tweedie_direct_multilead_regression,reduced,1.9,0.6,5,0.21025608116763045,0.038191276983410696
4,tweedie_direct_multilead_regression,reduced,1.1,0.1,5,0.21066704740672132,0.03677371224650974
4,tweedie_direct_multilead_regression,full,1.5,0.2,5,0.21169035986692625,0.04096309101726922
4,tweedie_direct_multilead_regression,full,1.2,0.1,5,0.2118742784668731,0.041793285350540804
4,tweedie_direct_multilead_regression,full,1.9,0.5,5,0.21202394470919486,0.040307824920818164
4,tweedie_direct_multilead_regression,full,1.7,0.3,5,0.2126852807049185,0.04111208328676046
4,tweedie_direct_multilead_regression,reduced,1.9,0.5,5,0.21276645932028576,0.04083324776339984
4,tweedie_direct_multilead_regression,reduced,1.5,0.2,5,0.21322854266743546,0.04087914935752376
4,tweedie_direct_multilead_regression,reduced,1.2,0.1,5,0.21373296139651893,0.040940513061421324
4,tweedie_direct_multilead_regression,reduced,1.7,0.3,5,0.2138060558634976,0.0417127544320147
4,tweedie_direct_multilead_regression,full,1.3,0.1,5,0.2156741592190749,0.04378856745265155
4,tweedie_direct_multilead_regression,full,1.9,0.4,5,0.215682036566069,0.042467099741550225
4,tweedie_direct_multilead_regression,reduced,1.9,0.4,5,0.21633603705057936,0.04425820935321732
4,tweedie_direct_multilead_regression,reduced,1.3,0.1,5,0.21739185376869258,0.045235024070048035
4,tweedie_direct_multilead_regression,full,1.7,0.2,5,0.21953233153332982,0.045036839309960296
4,tweedie_direct_multilead_regression,full,1.9,0.3,5,0.220746044928971,0.04540388773643935
4,tweedie_direct_multilead_regression,reduced,1.7,0.2,5,0.22107209612274553,0.048488713466467256
4,tweedie_direct_multilead_regression,reduced,1.9,0.3,5,0.22177160891488965,0.04875046927771779
4,tweedie_direct_multilead_regression,full,1.5,0.1,5,0.22403743546790006,0.047978134236309575
4,tweedie_direct_multilead_regression,reduced,1.5,0.1,5,0.22685567504701615,0.05357125697142505
4,tweedie_direct_multilead_regression,full,1.9,0.2,5,0.22842322329561285,0.049800066245190074
4,tweedie_direct_multilead_regression,reduced,1.9,0.2,5,0.23097755120811114,0.0550965554082214
4,tweedie_direct_multilead_regression,full,1.7,0.1,5,0.2329677138589795,0.052798958353839874
4,tweedie_direct_multilead_regression,reduced,1.7,0.1,5,0.23835855576349774,0.060363445101975416
4,tweedie_direct_multilead_regression,full,1.9,0.1,5,0.24271491948300244,0.05820963114778438
4,tweedie_direct_multilead_regression,full,1.05,0.01,5,0.25094741186874325,0.06414877707476906
4,tweedie_direct_multilead_regression,reduced,1.9,0.1,5,0.2526623656700508,0.06747510644802789
4,tweedie_direct_multilead_regression,full,1.1,0.01,5,0.25286588018073297,0.06528540002178276
4,tweedie_direct_multilead_regression,full,1.2,0.01,5,0.2569169807250822,0.06635962477780413
4,tweedie_direct_multilead_regression,full,1.3,0.01,5,0.2629151462650669,0.06968698677278957
4,tweedie_direct_multilead_regression,full,1.5,0.01,5,0.27571666029163855,0.07607340737163398
4,tweedie_direct_multilead_regression,reduced,1.05,0.01,5,0.27677255924867294,0.0883085018170963
4,tweedie_direct_multilead_regression,reduced,1.1,0.01,5,0.28131989176976296,0.09107851728762026
4,tweedie_direct_multilead_regression,reduced,1.2,0.01,5,0.28991158843108555,0.09637370402254893
4,tweedie_direct_multilead_regression,full,1.7,0.01,5,0.29163537060818634,0.08598696743941148
4,tweedie_direct_multilead_regression,reduced,1.3,0.01,5,0.30172521196185814,0.10730556581771734
4,tweedie_direct_multilead_regression,full,1.05,0.001,5,0.311620285967792,0.09296816420047654
4,tweedie_direct_multilead_regression,full,1.1,0.001,5,0.31308207826604684,0.09198590044797919
4,tweedie_direct_multilead_regression,full,1.9,0.01,5,0.31439158026835,0.10557933786944844
4,tweedie_direct_multilead_regression,reduced,1.5,0.01,5,0.3265903333409721,0.1422835207302299
4,tweedie_direct_multilead_regression,full,1.2,0.001,5,0.332665113831536,0.1129329141502199
4,tweedie_direct_multilead_regression,full,1.3,0.001,5,0.3454648216351154,0.13413050301130375
4,tweedie_direct_multilead_regression,reduced,1.7,0.01,5,0.3567067700332257,0.19302808365417887
4,tweedie_direct_multilead_regression,full,1.5,0.001,5,0.37610469535186636,0.1764558649538445
4,tweedie_direct_multilead_regression,full,1.05,0.0,5,0.3792218382430026,0.1871966666070572
4,tweedie_direct_multilead_regression,reduced,1.9,0.01,5,0.3884131765276534,0.2538462102352233
4,tweedie_direct_multilead_regression,full,1.7,0.001,5,0.40548091713459355,0.20604032307326997
4,tweedie_direct_multilead_regression,reduced,1.05,0.001,5,0.4232546666717766,0.269115155151606
4,tweedie_direct_multilead_regression,reduced,1.1,0.001,5,0.4352656790570645,0.28485944836426325
4,tweedie_direct_multilead_regression,full,1.1,0.0,5,0.44063601057399193,0.2881084005371712
4,tweedie_direct_multilead_regression,full,1.9,0.001,5,0.44414045427143056,0.23750774136806424
4,tweedie_direct_multilead_regression,full,1.2,0.0,5,0.4457923815097833,0.29394643415534455
4,tweedie_direct_multilead_regression,reduced,1.2,0.001,5,0.45565568778146365,0.3252783016653388
4,tweedie_direct_multilead_regression,full,1.3,0.0,5,0.45876589425161274,0.2961224793475265
4,tweedie_direct_multilead_regression,reduced,1.3,0.001,5,0.4700294975268582,0.3498267271181147
4,tweedie_direct_multilead_regression,reduced,1.5,0.001,5,0.5056453231781446,0.4168273717797897
4,tweedie_direct_multilead_regression,reduced,1.7,0.001,5,0.5354074097986847,0.4620074372820616
4,tweedie_direct_multilead_regression,reduced,1.9,0.001,5,0.5613734836407639,0.49674839906940954
4,tweedie_direct_multilead_regression,reduced,1.1,0.0,5,0.674748086306179,0.5011229657832406
4,tweedie_direct_multilead_regression,reduced,1.2,0.0,5,0.6820622527571093,0.4995290972820777
4,tweedie_direct_multilead_regression,reduced,1.05,0.0,5,0.6851743201853765,0.49350165038352584
4,tweedie_direct_multilead_regression,full,1.5,0.0,5,0.6971900520436358,0.7045695276702495
4,tweedie_direct_multilead_regression,reduced,1.3,0.0,5,0.7212854982062453,0.5345107160481447
4,tweedie_direct_multilead_regression,full,1.7,0.0,5,0.7900029604024356,0.6920257702926835
4,tweedie_direct_multilead_regression,full,1.9,0.0,5,0.8020678554973489,0.7006844276015043
4,tweedie_direct_multilead_regression,reduced,1.5,0.0,5,0.8364916529509463,0.6467394857488667
4,tweedie_direct_multilead_regression,reduced,1.9,0.0,5,0.8681810709688834,0.6961366580731752
4,tweedie_direct_multilead_regression,reduced,1.7,0.0,5,0.8826121218499642,0.7061007466445524
5,tweedie_direct_multilead_regression,reduced,1.05,1.0,5,0.13674478679567945,0.025238793860775845
5,tweedie_direct_multilead_regression,reduced,1.1,1.0,5,0.13694696180104668,0.025553090239392
5,tweedie_direct_multilead_regression,reduced,1.05,0.9,5,0.13695737404586433,0.02554588598703831
5,tweedie_direct_multilead_regression,reduced,1.1,0.9,5,0.13719956573173597,0.0258647932494386
5,tweedie_direct_multilead_regression,reduced,1.05,0.8,5,0.1372488186031759,0.02589594488794959
5,tweedie_direct_multilead_regression,reduced,1.05,0.78,5,0.1373205861549493,0.02597191968036453
5,tweedie_direct_multilead_regression,reduced,1.2,1.0,5,0.13741834120963528,0.02612517389343174
5,tweedie_direct_multilead_regression,reduced,1.05,0.75,5,0.137435933395148,0.026089981288870513
5,tweedie_direct_multilead_regression,reduced,1.05,0.73,5,0.13751968927649158,0.026171440840010177
5,tweedie_direct_multilead_regression,reduced,1.1,0.8,5,0.13754309440327886,0.026216752089866308
5,tweedie_direct_multilead_regression,reduced,1.1,0.78,5,0.13762458866024785,0.026292282239123277
5,tweedie_direct_multilead_regression,reduced,1.05,0.7,5,0.13764281984106178,0.026295102472516253
5,tweedie_direct_multilead_regression,reduced,1.1,0.75,5,0.13771267300217324,0.02633086227080934
5,tweedie_direct_multilead_regression,reduced,1.2,0.9,5,0.13776300828254212,0.026406164802808666
5,tweedie_direct_multilead_regression,reduced,1.1,0.73,5,0.1377730201089746,0.026404523699700037
5,tweedie_direct_multilead_regression,reduced,1.1,0.7,5,0.13791972170810102,0.026522603040654385
5,tweedie_direct_multilead_regression,reduced,1.3,1.0,5,0.13810451307398605,0.026642515374908558
5,tweedie_direct_multilead_regression,reduced,1.05,0.6,5,0.13815082884693258,0.02665914548027776
5,tweedie_direct_multilead_regression,reduced,1.2,0.8,5,0.13818334593721168,0.026735895364596682
5,tweedie_direct_multilead_regression,reduced,1.2,0.78,5,0.13828220327974533,0.026807488754311475
5,tweedie_direct_multilead_regression,full,1.05,1.0,5,0.13836876536666556,0.02620400805557687
5,tweedie_direct_multilead_regression,full,1.05,0.9,5,0.13842293765496702,0.02632907234163531
5,tweedie_direct_multilead_regression,reduced,1.2,0.75,5,0.13844101203059528,0.02692054258186719
5,tweedie_direct_multilead_regression,full,1.1,1.0,5,0.13847795402181212,0.02633984293393681
5,tweedie_direct_multilead_regression,reduced,1.3,0.9,5,0.13851720802084638,0.026916582524049888
5,tweedie_direct_multilead_regression,reduced,1.1,0.6,5,0.13854800748170062,0.026957654578759798
5,tweedie_direct_multilead_regression,reduced,1.2,0.73,5,0.1385535691794987,0.02699854632951233
5,tweedie_direct_multilead_regression,full,1.1,0.9,5,0.13867402377326976,0.026533224160044937
5,tweedie_direct_multilead_regression,full,1.05,0.8,5,0.13868247002336206,0.026571235394262444
5,tweedie_direct_multilead_regression,reduced,1.2,0.7,5,0.13873275756358433,0.02712139590189865
5,tweedie_direct_multilead_regression,full,1.05,0.78,5,0.13873769408473183,0.02662572191367514
5,tweedie_direct_multilead_regression,full,1.05,0.75,5,0.13882641804127158,0.026700538795657543
5,tweedie_direct_multilead_regression,full,1.05,0.73,5,0.13888782127214616,0.02675965063905167
5,tweedie_direct_multilead_regression,reduced,1.05,0.5,5,0.1389213356992905,0.027192126083884556
5,tweedie_direct_multilead_regression,full,1.1,0.8,5,0.13894250697206492,0.026789560074971592
5,tweedie_direct_multilead_regression,full,1.2,1.0,5,0.13897078270649682,0.02672440253426111
5,tweedie_direct_multilead_regression,full,1.1,0.78,5,0.1389818315808708,0.0268169310118114
5,tweedie_direct_multilead_regression,full,1.05,0.7,5,0.13898754724349122,0.02684529018549445
5,tweedie_direct_multilead_regression,reduced,1.3,0.8,5,0.13902399308724145,0.027225967220958748
5,tweedie_direct_multilead_regression,full,1.1,0.75,5,0.1390804386372212,0.026909832610917325
5,tweedie_direct_multilead_regression,reduced,1.3,0.78,5,0.13913934040574383,0.027292486511283513
5,tweedie_direct_multilead_regression,full,1.1,0.73,5,0.13915098534526665,0.026975885479505884
5,tweedie_direct_multilead_regression,full,1.1,0.7,5,0.13923044247676922,0.027054520134919092
5,tweedie_direct_multilead_regression,full,1.2,0.9,5,0.13927054950272252,0.026977672662785685
5,tweedie_direct_multilead_regression,reduced,1.3,0.75,5,0.13932206430769595,0.02739658968653971
5,tweedie_direct_multilead_regression,full,1.05,0.6,5,0.1394093188244699,0.027234027974014908
5,tweedie_direct_multilead_regression,reduced,1.1,0.5,5,0.13941274151196542,0.027522561839197015
5,tweedie_direct_multilead_regression,reduced,1.2,0.6,5,0.13944734519304572,0.02745493938820297
5,tweedie_direct_multilead_regression,reduced,1.3,0.73,5,0.1394513116331131,0.02746948508991437
5,tweedie_direct_multilead_regression,full,1.3,1.0,5,0.13955006376103846,0.027269826284544597
5,tweedie_direct_multilead_regression,full,1.2,0.8,5,0.1395792477333282,0.02727421581139508
5,tweedie_direct_multilead_regression,full,1.2,0.78,5,0.13965200209672513,0.02734315027899712
5,tweedie_direct_multilead_regression,reduced,1.3,0.7,5,0.1396565534841859,0.02758421939780933
5,tweedie_direct_multilead_regression,full,1.1,0.6,5,0.1396889150869526,0.027475503234123025
5,tweedie_direct_multilead_regression,full,1.2,0.75,5,0.13977051776336785,0.027454739720147503
5,tweedie_direct_multilead_regression,reduced,1.5,1.0,5,0.1398018544520653,0.027697505784397662
5,tweedie_direct_multilead_regression,full,1.2,0.73,5,0.1398091232023651,0.02748786972135179
5,tweedie_direct_multilead_regression,full,1.3,0.9,5,0.13994120494992188,0.02757230086474383
5,tweedie_direct_multilead_regression,full,1.2,0.7,5,0.13996044691303292,0.02762351761235085
5,tweedie_direct_multilead_regression,full,1.05,0.5,5,0.14002834205971704,0.027762173822933594
5,tweedie_direct_multilead_regression,reduced,1.05,0.4,5,0.14008572216662474,0.027941245947627907
5,tweedie_direct_multilead_regression,full,1.3,0.8,5,0.14033419717921405,0.027875188881176287
5,tweedie_direct_multilead_regression,reduced,1.2,0.5,5,0.14034313416495275,0.027969875166144076
5,tweedie_direct_multilead_regression,reduced,1.5,0.9,5,0.1403615541346923,0.027988118253354025
5,tweedie_direct_multilead_regression,full,1.1,0.5,5,0.14042960698060242,0.028053229397007884
5,tweedie_direct_multilead_regression,full,1.3,0.78,5,0.1404544271505253,0.027942262316158376
5,tweedie_direct_multilead_regression,reduced,1.3,0.6,5,0.14048677419714883,0.028042410227362168
5,tweedie_direct_multilead_regression,full,1.2,0.6,5,0.1405818949230852,0.028155364551032017
5,tweedie_direct_multilead_regression,reduced,1.1,0.4,5,0.14058575949551416,0.028101689240186828
5,tweedie_direct_multilead_regression,full,1.3,0.75,5,0.140627176465149,0.02809727334582829
5,tweedie_direct_multilead_regression,full,1.3,0.73,5,0.14074650449200993,0.028200405854498355
5,tweedie_direct_multilead_regression,full,1.3,0.7,5,0.14094029408678424,0.028361429284435573
5,tweedie_direct_multilead_regression,full,1.05,0.4,5,0.14101147481089282,0.02855173029002066
5,tweedie_direct_multilead_regression,reduced,1.5,0.8,5,0.1410164178869374,0.028335068943065637
5,tweedie_direct_multilead_regression,reduced,1.5,0.78,5,0.14115859606516512,0.02841268809308177
5,tweedie_direct_multilead_regression,full,1.5,1.0,5,0.14136344638430257,0.028570281351018946
5,tweedie_direct_multilead_regression,reduced,1.5,0.75,5,0.1413798112071912,0.02853578586709592
5,tweedie_direct_multilead_regression,reduced,1.3,0.5,5,0.14148908587519798,0.028615529064177803
5,tweedie_direct_multilead_regression,full,1.2,0.5,5,0.14152451678461409,0.028857675702847235
5,tweedie_direct_multilead_regression,reduced,1.5,0.73,5,0.14152547554843964,0.02863591862963198
5,tweedie_direct_multilead_regression,full,1.1,0.4,5,0.141525774726323,0.02890269878148916
5,tweedie_direct_multilead_regression,reduced,1.2,0.4,5,0.1416368375453292,0.028755434743443702
5,tweedie_direct_multilead_regression,full,1.3,0.6,5,0.14168182003089788,0.02889037752183873
5,tweedie_direct_multilead_regression,reduced,1.05,0.3,5,0.14172565715167593,0.02885313588187523
5,tweedie_direct_multilead_regression,reduced,1.5,0.7,5,0.14176506347608092,0.028774171783272913
5,tweedie_direct_multilead_regression,reduced,1.7,1.0,5,0.14190562825128553,0.028801744724605758
5,tweedie_direct_multilead_regression,full,1.5,0.9,5,0.14192218865255943,0.028993437735500466
5,tweedie_direct_multilead_regression,reduced,1.1,0.3,5,0.14231558644421827,0.029261718582787085
5,tweedie_direct_multilead_regression,reduced,1.7,0.9,5,0.14247798639602838,0.029125697487507766
5,tweedie_direct_multilead_regression,reduced,1.5,0.6,5,0.1426527375087227,0.02931700246017787
5,tweedie_direct_multilead_regression,full,1.5,0.8,5,0.14266049288416527,0.029497589830990066
5,tweedie_direct_multilead_regression,reduced,1.3,0.4,5,0.1427818396452723,0.029484520132627035
5,tweedie_direct_multilead_regression,full,1.05,0.3,5,0.14283325007530379,0.029756964796225933
5,tweedie_direct_multilead_regression,full,1.5,0.78,5,0.14283938822403647,0.029614475043286813
5,tweedie_direct_multilead_regression,full,1.3,0.5,5,0.14292864285884674,0.02973600427962128
5,tweedie_direct_multilead_regression,full,1.2,0.4,5,0.14301864507486656,0.029797233313102137
5,tweedie_direct_multilead_regression,reduced,1.7,0.8,5,0.14308618559643935,0.029499206637576082
5,tweedie_direct_multilead_regression,full,1.5,0.75,5,0.1431148438761509,0.02980270938386179
5,tweedie_direct_multilead_regression,reduced,1.7,0.78,5,0.14322263789849712,0.029590437432515097
5,tweedie_direct_multilead_regression,full,1.5,0.73,5,0.14331464724467655,0.029932975780950662
5,tweedie_direct_multilead_regression,reduced,1.7,0.75,5,0.14343339343526387,0.02973597375451333
5,tweedie_direct_multilead_regression,reduced,1.2,0.3,5,0.14346879860000367,0.03013245622788305
5,tweedie_direct_multilead_regression,reduced,1.7,0.73,5,0.143579959025273,0.029841918989489152
5,tweedie_direct_multilead_regression,full,1.5,0.7,5,0.1436398234438976,0.030129873815840428
5,tweedie_direct_multilead_regression,full,1.1,0.3,5,0.1436462076689146,0.030155810847636577
5,tweedie_direct_multilead_regression,reduced,1.5,0.5,5,0.14366076521107382,0.030030230545051752
5,tweedie_direct_multilead_regression,reduced,1.7,0.7,5,0.14380953394705448,0.030015857243204578
5,tweedie_direct_multilead_regression,reduced,1.9,1.0,5,0.1438301439196979,0.02984559457836912
5,tweedie_direct_multilead_regression,full,1.7,1.0,5,0.1441943155905216,0.030450546309079334
5,tweedie_direct_multilead_regression,reduced,1.05,0.2,5,0.14431552904586847,0.031032672979369378
5,tweedie_direct_multilead_regression,reduced,1.9,0.9,5,0.14436033355403707,0.030258197672301108
5,tweedie_direct_multilead_regression,reduced,1.7,0.6,5,0.14465028807680452,0.030716655841999764
5,tweedie_direct_multilead_regression,reduced,1.3,0.3,5,0.14469297554423838,0.03108435639755497
5,tweedie_direct_multilead_regression,full,1.3,0.4,5,0.14485212276147522,0.030813964422565406
5,tweedie_direct_multilead_regression,reduced,1.1,0.2,5,0.1449201763099228,0.03163050159178973
5,tweedie_direct_multilead_regression,full,1.5,0.6,5,0.14492545272267313,0.030891177949297785
5,tweedie_direct_multilead_regression,reduced,1.9,0.8,5,0.1449501652492595,0.030775275675263305
5,tweedie_direct_multilead_regression,reduced,1.5,0.4,5,0.14497816874391237,0.03125002832234743
5,tweedie_direct_multilead_regression,reduced,1.9,0.78,5,0.1450754247409926,0.03089308746320825
5,tweedie_direct_multilead_regression,full,1.7,0.9,5,0.14509728335494104,0.031014696808635136
5,tweedie_direct_multilead_regression,reduced,1.9,0.75,5,0.1452675836435266,0.031084040515961222
5,tweedie_direct_multilead_regression,reduced,1.9,0.73,5,0.14539960700985155,0.03121761772313039
5,tweedie_direct_multilead_regression,reduced,1.9,0.7,5,0.14560282172809952,0.031428777305529496
5,tweedie_direct_multilead_regression,reduced,1.7,0.5,5,0.14561939129056062,0.03169652921708834
5,tweedie_direct_multilead_regression,full,1.2,0.3,5,0.14567796756805568,0.031257758533796434
5,tweedie_direct_multilead_regression,reduced,1.2,0.2,5,0.14609100712157125,0.032825463404836226
5,tweedie_direct_multilead_regression,full,1.7,0.8,5,0.14618395586627386,0.031656536417849636
5,tweedie_direct_multilead_regression,reduced,1.9,0.6,5,0.14633730439006437,0.03225090239845237
5,tweedie_direct_multilead_regression,full,1.7,0.78,5,0.14643144599487046,0.031799712115321954
5,tweedie_direct_multilead_regression,reduced,1.5,0.3,5,0.1466735371408412,0.033210967146862225
5,tweedie_direct_multilead_regression,full,1.5,0.5,5,0.14674721078306868,0.03191294452751527
5,tweedie_direct_multilead_regression,reduced,1.7,0.4,5,0.14679429278963121,0.033088467703942935
5,tweedie_direct_multilead_regression,full,1.7,0.75,5,0.14682332395258632,0.03200970915797621
5,tweedie_direct_multilead_regression,full,1.05,0.2,5,0.14684129228473736,0.03196700952737808
5,tweedie_direct_multilead_regression,full,1.7,0.73,5,0.1470999820715516,0.032170050617741336
5,tweedie_direct_multilead_regression,reduced,1.9,0.5,5,0.14716954150308373,0.033302913652739526
5,tweedie_direct_multilead_regression,reduced,1.3,0.2,5,0.14721524977193565,0.03415423887633306
5,tweedie_direct_multilead_regression,full,1.7,0.7,5,0.1475463740691533,0.03241078397977117
5,tweedie_direct_multilead_regression,full,1.3,0.3,5,0.14794040943741124,0.03247337904135137
5,tweedie_direct_multilead_regression,full,1.1,0.2,5,0.1479780639648569,0.032484825327751286
5,tweedie_direct_multilead_regression,full,1.9,1.0,5,0.14812975322908467,0.03278920002217113
5,tweedie_direct_multilead_regression,reduced,1.9,0.4,5,0.14817820826549954,0.0346836942682497
5,tweedie_direct_multilead_regression,reduced,1.7,0.3,5,0.14822133715206368,0.035068820753271404
5,tweedie_direct_multilead_regression,reduced,1.5,0.2,5,0.14885452555636344,0.03630163073023786
5,tweedie_direct_multilead_regression,reduced,1.05,0.1,5,0.1491191103044637,0.037328474660028935
5,tweedie_direct_multilead_regression,full,1.7,0.6,5,0.14926136030112977,0.033352551014100465
5,tweedie_direct_multilead_regression,full,1.5,0.4,5,0.14927979577393372,0.033275674424798604
5,tweedie_direct_multilead_regression,full,1.9,0.9,5,0.14928444276436686,0.033428146459619286
5,tweedie_direct_multilead_regression,reduced,1.9,0.3,5,0.14946023052409707,0.03647643635551294
5,tweedie_direct_multilead_regression,reduced,1.1,0.1,5,0.1496105492594906,0.03815939126529249
5,tweedie_direct_multilead_regression,reduced,1.7,0.2,5,0.15018374502870918,0.03804445076427765
5,tweedie_direct_multilead_regression,full,1.2,0.2,5,0.15054478797567084,0.033970537651565935
5,tweedie_direct_multilead_regression,reduced,1.2,0.1,5,0.1505988348946618,0.03980437764540427
5,tweedie_direct_multilead_regression,full,1.9,0.8,5,0.15062884250270003,0.03418389012976151
5,tweedie_direct_multilead_regression,full,1.9,0.78,5,0.15092507434381103,0.034352098641158735
5,tweedie_direct_multilead_regression,reduced,1.9,0.2,5,0.15119662961784475,0.03858122908535751
5,tweedie_direct_multilead_regression,reduced,1.3,0.1,5,0.15121030321342274,0.04063251699988028
5,tweedie_direct_multilead_regression,full,1.9,0.75,5,0.15139441237387988,0.03460570563823761
5,tweedie_direct_multilead_regression,full,1.7,0.5,5,0.15143309071201716,0.03454238901550355
5,tweedie_direct_multilead_regression,full,1.9,0.73,5,0.1517122034084893,0.03479630826982217
5,tweedie_direct_multilead_regression,full,1.9,0.7,5,0.15223703455180831,0.03509689559320202
5,tweedie_direct_multilead_regression,reduced,1.5,0.1,5,0.15232467488646467,0.04174709844367921
5,tweedie_direct_multilead_regression,full,1.5,0.3,5,0.15295108076508193,0.035431402646230736
5,tweedie_direct_multilead_regression,reduced,1.7,0.1,5,0.15313399717721338,0.041464592578480175
5,tweedie_direct_multilead_regression,full,1.3,0.2,5,0.1532821005871556,0.035617623356175604
5,tweedie_direct_multilead_regression,full,1.9,0.6,5,0.1541418000203223,0.036205625084633035
5,tweedie_direct_multilead_regression,full,1.7,0.4,5,0.15430542987734208,0.03622274962863004
5,tweedie_direct_multilead_regression,reduced,1.9,0.1,5,0.15460177300632447,0.03972787318444259
5,tweedie_direct_multilead_regression,full,1.05,0.1,5,0.1563162576154417,0.037703547653937255
5,tweedie_direct_multilead_regression,full,1.9,0.5,5,0.15640221754512101,0.037529605578642364
5,tweedie_direct_multilead_regression,full,1.1,0.1,5,0.15765386338426873,0.038552558037709975
5,tweedie_direct_multilead_regression,full,1.7,0.3,5,0.15806822105940552,0.038593042946095356
5,tweedie_direct_multilead_regression,full,1.5,0.2,5,0.15848368090451018,0.03886413820435239
5,tweedie_direct_multilead_regression,full,1.9,0.4,5,0.15924840432681028,0.03927982040564749
5,tweedie_direct_multilead_regression,reduced,1.05,0.01,5,0.1602134159399439,0.04867259957717674
5,tweedie_direct_multilead_regression,full,1.2,0.1,5,0.16058727771056125,0.04054058140543583
5,tweedie_direct_multilead_regression,reduced,1.1,0.01,5,0.1606412609901282,0.04771776094167656
5,tweedie_direct_multilead_regression,reduced,1.2,0.01,5,0.16281420970113686,0.045432277780811214
5,tweedie_direct_multilead_regression,full,1.9,0.3,5,0.16304640383744878,0.041782211010487146
5,tweedie_direct_multilead_regression,full,1.3,0.1,5,0.16315348766707805,0.04223618976532941
5,tweedie_direct_multilead_regression,full,1.7,0.2,5,0.16351023025064285,0.042254273924109395
5,tweedie_direct_multilead_regression,reduced,1.3,0.01,5,0.16430979461274048,0.04268187879146428
5,tweedie_direct_multilead_regression,reduced,1.5,0.01,5,0.1677085732836255,0.0406101730603645
5,tweedie_direct_multilead_regression,full,1.5,0.1,5,0.1681814529299666,0.04584741890101697
5,tweedie_direct_multilead_regression,full,1.9,0.2,5,0.1686031781419483,0.04558959965181149
5,tweedie_direct_multilead_regression,full,1.7,0.1,5,0.1730520594232031,0.04902300188483172
5,tweedie_direct_multilead_regression,reduced,1.7,0.01,5,0.17323526379883006,0.0418082230991464
5,tweedie_direct_multilead_regression,full,1.9,0.1,5,0.177160366653901,0.05121352497787253
5,tweedie_direct_multilead_regression,reduced,1.9,0.01,5,0.18363163737291685,0.0525448774110312
5,tweedie_direct_multilead_regression,reduced,1.1,0.001,5,0.1865701125195795,0.047654161955700984
5,tweedie_direct_multilead_regression,reduced,1.05,0.001,5,0.18719408473366422,0.046996976677778586
5,tweedie_direct_multilead_regression,full,1.05,0.01,5,0.18807869918884962,0.062498771622906846
5,tweedie_direct_multilead_regression,full,1.2,0.01,5,0.18897165656557863,0.06054518941785607
5,tweedie_direct_multilead_regression,full,1.1,0.01,5,0.18933795465509742,0.06283373202414985
5,tweedie_direct_multilead_regression,reduced,1.2,0.001,5,0.19083010928080635,0.04832820799595517
5,tweedie_direct_multilead_regression,full,1.3,0.01,5,0.19134634008011397,0.060545489332837245
5,tweedie_direct_multilead_regression,reduced,1.3,0.001,5,0.19256667496613292,0.05242646815175337
5,tweedie_direct_multilead_regression,full,1.5,0.01,5,0.19761916552380104,0.06388988115399878
5,tweedie_direct_multilead_regression,full,1.7,0.01,5,0.20086598701446653,0.06538888619331573
5,tweedie_direct_multilead_regression,full,1.9,0.01,5,0.20902025736902768,0.07459160955846476
5,tweedie_direct_multilead_regression,reduced,1.1,0.0,5,0.21228289208553702,0.07482256635173912
5,tweedie_direct_multilead_regression,full,1.1,0.001,5,0.21580297118473096,0.07124662065971839
5,tweedie_direct_multilead_regression,full,1.05,0.001,5,0.21596418166731915,0.07275287319671732
5,tweedie_direct_multilead_regression,full,1.3,0.001,5,0.22207744400620294,0.07585798201398879
5,tweedie_direct_multilead_regression,full,1.2,0.001,5,0.2244630017706087,0.07618002563324425
5,tweedie_direct_multilead_regression,full,1.1,0.0,5,0.23552230697608656,0.08676727725432011
5,tweedie_direct_multilead_regression,reduced,1.5,0.001,5,0.2372146331782953,0.12933234378236078
5,tweedie_direct_multilead_regression,full,1.5,0.001,5,0.23754990612297483,0.11619172133023334
5,tweedie_direct_multilead_regression,full,1.05,0.0,5,0.24150414167579073,0.08321907262704498
5,tweedie_direct_multilead_regression,full,1.2,0.0,5,0.248561317170699,0.1207362341894127
5,tweedie_direct_multilead_regression,full,1.3,0.0,5,0.26936708812741267,0.17078975759292506
5,tweedie_direct_multilead_regression,full,1.7,0.001,5,0.27416741830610736,0.19324302868414997
5,tweedie_direct_multilead_regression,reduced,1.7,0.001,5,0.28252386343305247,0.21097650519352523
5,tweedie_direct_multilead_regression,reduced,1.9,0.001,5,0.33108659175883387,0.3052877592257111
5,tweedie_direct_multilead_regression,full,1.9,0.001,5,0.3425873485998765,0.31060292328448014
5,tweedie_direct_multilead_regression,reduced,1.05,0.0,5,0.39583476132624085,0.43749594026419153
5,tweedie_direct_multilead_regression,reduced,1.2,0.0,5,0.47750001064288156,0.6214481065536882
5,tweedie_direct_multilead_regression,reduced,1.3,0.0,5,0.4962340676011768,0.6339106439127664
5,tweedie_direct_multilead_regression,full,1.5,0.0,5,0.522093225467565,0.6984928362303648
5,tweedie_direct_multilead_regression,reduced,1.5,0.0,5,0.5232062979734711,0.6870647074224044
5,tweedie_direct_multilead_regression,reduced,1.7,0.0,5,0.585539323226911,0.6864600823744261
5,tweedie_direct_multilead_regression,reduced,1.9,0.0,5,0.5888451963004508,0.7067193419739516
5,tweedie_direct_multilead_regression,full,1.7,0.0,5,0.5907660699858154,0.7539986018637702
5,tweedie_direct_multilead_regression,full,1.9,0.0,5,0.649924583716166,0.7379285553126016
6,tweedie_direct_multilead_regression,reduced,1.05,0.4,5,0.1866538676944573,0.03273349676914952
6,tweedie_direct_multilead_regression,reduced,1.1,0.5,5,0.1866634040436285,0.03293523234556216
6,tweedie_direct_multilead_regression,reduced,1.2,0.7,5,0.18666666286406514,0.03297678264548883
6,tweedie_direct_multilead_regression,full,1.05,1.0,5,0.1866746277588974,0.035248809587975334
6,tweedie_direct_multilead_regression,reduced,1.2,0.73,5,0.18667539083745704,0.0331162857288842
6,tweedie_direct_multilead_regression,reduced,1.2,0.75,5,0.1866823808128854,0.0332064273248965
6,tweedie_direct_multilead_regression,reduced,1.2,0.78,5,0.18669539639476967,0.03333761126779916
6,tweedie_direct_multilead_regression,reduced,1.05,0.5,5,0.18670150244575986,0.03347049252827531
6,tweedie_direct_multilead_regression,reduced,1.2,0.8,5,0.18670565546413348,0.0334213048969244
6,tweedie_direct_multilead_regression,reduced,1.1,0.6,5,0.1867160680684316,0.03353812542772211
6,tweedie_direct_multilead_regression,reduced,1.2,0.6,5,0.18674717556549153,0.03249982797409889
6,tweedie_direct_multilead_regression,reduced,1.05,0.6,5,0.1867477063982636,0.03407247983395643
6,tweedie_direct_multilead_regression,full,1.05,0.9,5,0.18675072536209453,0.03513949744841649
6,tweedie_direct_multilead_regression,reduced,1.1,0.4,5,0.1867549362741009,0.032248939380567825
6,tweedie_direct_multilead_regression,reduced,1.3,1.0,5,0.18675867322603623,0.03309332725827123
6,tweedie_direct_multilead_regression,reduced,1.2,0.9,5,0.186759270526402,0.033809730867314515
6,tweedie_direct_multilead_regression,reduced,1.3,0.9,5,0.1867615804244284,0.032748154771435826
6,tweedie_direct_multilead_regression,reduced,1.1,0.7,5,0.1867845087225745,0.03405054973255022
6,tweedie_direct_multilead_regression,reduced,1.05,0.3,5,0.18678690463557207,0.03188011443985256
6,tweedie_direct_multilead_regression,reduced,1.1,0.75,5,0.18678695867181755,0.034281013041587566
6,tweedie_direct_multilead_regression,reduced,1.2,0.5,5,0.18679090104575763,0.03194853828754451
6,tweedie_direct_multilead_regression,reduced,1.3,0.8,5,0.18679116025914663,0.03237527593677768
6,tweedie_direct_multilead_regression,reduced,1.3,0.75,5,0.18679696834049142,0.03217948324490927
6,tweedie_direct_multilead_regression,reduced,1.3,0.78,5,0.1867975713222667,0.032297529152617
6,tweedie_direct_multilead_regression,full,1.1,1.0,5,0.18680199257030816,0.03508228200630494
6,tweedie_direct_multilead_regression,reduced,1.1,0.73,5,0.1868034978386049,0.03419230016793531
6,tweedie_direct_multilead_regression,reduced,1.2,1.0,5,0.18680793246917546,0.034165118563897055
6,tweedie_direct_multilead_regression,reduced,1.1,0.78,5,0.18680920118085392,0.034412900288218216
6,tweedie_direct_multilead_regression,reduced,1.3,0.73,5,0.18682036378051622,0.03207625559175134
6,tweedie_direct_multilead_regression,reduced,1.1,0.8,5,0.18682398153470883,0.0344973475174146
6,tweedie_direct_multilead_regression,reduced,1.05,0.7,5,0.1868295906383436,0.03458036929013268
6,tweedie_direct_multilead_regression,reduced,1.3,0.7,5,0.1868327171033368,0.03195441292349906
6,tweedie_direct_multilead_regression,reduced,1.05,0.73,5,0.1868674022593396,0.03470144159005639
6,tweedie_direct_multilead_regression,full,1.05,0.8,5,0.18686937278776225,0.03500846003940268
6,tweedie_direct_multilead_regression,reduced,1.05,0.75,5,0.1868838388969668,0.03478957796614549
6,tweedie_direct_multilead_regression,reduced,1.1,0.3,5,0.1868879473533901,0.03149051221606078
6,tweedie_direct_multilead_regression,reduced,1.1,0.9,5,0.18689132265516192,0.03487285994155455
6,tweedie_direct_multilead_regression,full,1.05,0.78,5,0.18689994767437845,0.0349795834453112
6,tweedie_direct_multilead_regression,full,1.1,0.9,5,0.1869043945847314,0.0349852001595666
6,tweedie_direct_multilead_regression,reduced,1.05,0.78,5,0.18690811566719842,0.03491598555073165
6,tweedie_direct_multilead_regression,reduced,1.05,0.8,5,0.1869247377417341,0.0349960824936197
6,tweedie_direct_multilead_regression,reduced,1.2,0.4,5,0.18692716751461755,0.03140059729744754
6,tweedie_direct_multilead_regression,reduced,1.3,0.6,5,0.1869511309040592,0.031506235638716094
6,tweedie_direct_multilead_regression,full,1.05,0.75,5,0.1869515865274046,0.03493327785380554
6,tweedie_direct_multilead_regression,reduced,1.1,1.0,5,0.18697323337412045,0.03518786151295106
6,tweedie_direct_multilead_regression,full,1.05,0.73,5,0.18698988374625913,0.03490051640715808
6,tweedie_direct_multilead_regression,reduced,1.3,0.5,5,0.18699737327360297,0.031098272636915354
6,tweedie_direct_multilead_regression,full,1.1,0.8,5,0.18700873629715253,0.034928203938197046
6,tweedie_direct_multilead_regression,reduced,1.05,0.9,5,0.1870121580955362,0.035350977911407025
6,tweedie_direct_multilead_regression,reduced,1.5,1.0,5,0.1870320944569693,0.031025522013446594
6,tweedie_direct_multilead_regression,full,1.1,0.78,5,0.18704653215732658,0.0349029196797028
6,tweedie_direct_multilead_regression,full,1.05,0.7,5,0.18705425920224025,0.03484861233714411
6,tweedie_direct_multilead_regression,reduced,1.2,0.3,5,0.18705855719906755,0.030936290361984687
6,tweedie_direct_multilead_regression,full,1.1,0.75,5,0.18710773027859165,0.03486371558790947
6,tweedie_direct_multilead_regression,reduced,1.05,0.2,5,0.18710817652347594,0.031077804900053543
6,tweedie_direct_multilead_regression,reduced,1.5,0.9,5,0.18710856593164887,0.03084923530224159
6,tweedie_direct_multilead_regression,reduced,1.05,1.0,5,0.18714665475341868,0.03559346018329861
6,tweedie_direct_multilead_regression,full,1.1,0.73,5,0.18715231767104196,0.03483688575397504
6,tweedie_direct_multilead_regression,reduced,1.3,0.4,5,0.18715485683340738,0.030830486219265717
6,tweedie_direct_multilead_regression,reduced,1.1,0.2,5,0.18718036195063262,0.030850967640700236
6,tweedie_direct_multilead_regression,full,1.2,1.0,5,0.18718373565788057,0.03461752444096925
6,tweedie_direct_multilead_regression,reduced,1.5,0.8,5,0.1872024316087154,0.03070469895340507
6,tweedie_direct_multilead_regression,full,1.1,0.7,5,0.18720633895455602,0.03479648287184493
6,tweedie_direct_multilead_regression,full,1.05,0.6,5,0.18725097186834985,0.03474821054632008
6,tweedie_direct_multilead_regression,reduced,1.5,0.78,5,0.18727687201632734,0.030611209246794294
6,tweedie_direct_multilead_regression,reduced,1.5,0.75,5,0.1873119926479685,0.030585380777932686
6,tweedie_direct_multilead_regression,reduced,1.5,0.73,5,0.18733600638518863,0.03057172037456163
6,tweedie_direct_multilead_regression,reduced,1.5,0.7,5,0.18737687748377568,0.030564497487694728
6,tweedie_direct_multilead_regression,reduced,1.3,0.3,5,0.18748468245017563,0.030920029103524246
6,tweedie_direct_multilead_regression,full,1.2,0.9,5,0.18749560572007362,0.03433694098685157
6,tweedie_direct_multilead_regression,reduced,1.5,0.6,5,0.18750327353534174,0.030625028102371502
6,tweedie_direct_multilead_regression,reduced,1.2,0.2,5,0.18751858941923683,0.03109703370795419
6,tweedie_direct_multilead_regression,full,1.1,0.6,5,0.18752013369722453,0.034643216629655124
6,tweedie_direct_multilead_regression,full,1.05,0.5,5,0.18757598289215308,0.03459793658245747
6,tweedie_direct_multilead_regression,full,1.2,0.78,5,0.18757826201466643,0.03409793082799406
6,tweedie_direct_multilead_regression,full,1.2,0.75,5,0.18761902951346585,0.03409024634420035
6,tweedie_direct_multilead_regression,full,1.2,0.8,5,0.18766741839137524,0.034201423377341486
6,tweedie_direct_multilead_regression,full,1.2,0.73,5,0.18767405079269778,0.03405869718669205
6,tweedie_direct_multilead_regression,full,1.3,1.0,5,0.18772217810303943,0.0339619478382204
6,tweedie_direct_multilead_regression,full,1.2,0.7,5,0.18776271482040421,0.03400893938545764
6,tweedie_direct_multilead_regression,reduced,1.5,0.5,5,0.18780679295467667,0.030858500449185262
6,tweedie_direct_multilead_regression,reduced,1.7,1.0,5,0.1878334956515632,0.03059295854820239
6,tweedie_direct_multilead_regression,reduced,1.05,0.1,5,0.18789251581097385,0.031727464479977104
6,tweedie_direct_multilead_regression,full,1.1,0.5,5,0.187905608999614,0.034224665967426765
6,tweedie_direct_multilead_regression,full,1.3,0.9,5,0.1879416220764532,0.03384890193044009
6,tweedie_direct_multilead_regression,full,1.05,0.4,5,0.18802329913970792,0.0342288515279755
6,tweedie_direct_multilead_regression,reduced,1.7,0.9,5,0.18803614398231944,0.030842637648407455
6,tweedie_direct_multilead_regression,reduced,1.3,0.2,5,0.18810815470374836,0.03206200415105722
6,tweedie_direct_multilead_regression,reduced,1.5,0.4,5,0.18819200790036306,0.03152636522513958
6,tweedie_direct_multilead_regression,reduced,1.7,0.8,5,0.18822445400951193,0.031207649575337223
6,tweedie_direct_multilead_regression,full,1.2,0.6,5,0.18823138344491264,0.033869628109997746
6,tweedie_direct_multilead_regression,full,1.3,0.8,5,0.1882406280674048,0.03366644108735944
6,tweedie_direct_multilead_regression,reduced,1.7,0.78,5,0.1882649218327684,0.03130348918292035
6,tweedie_direct_multilead_regression,reduced,1.1,0.1,5,0.1883111148372234,0.03242572454418463
6,tweedie_direct_multilead_regression,full,1.3,0.78,5,0.18831528301341427,0.03362865619246118
6,tweedie_direct_multilead_regression,reduced,1.7,0.75,5,0.18833173768972777,0.03146412013893814
6,tweedie_direct_multilead_regression,reduced,1.7,0.73,5,0.18837951146276616,0.031581196728975344
6,tweedie_direct_multilead_regression,full,1.3,0.75,5,0.18843660296606007,0.03356707844683883
6,tweedie_direct_multilead_regression,reduced,1.7,0.7,5,0.1884516326959524,0.03177446195236131
6,tweedie_direct_multilead_regression,full,1.1,0.4,5,0.18852918871053587,0.03392239875596322
6,tweedie_direct_multilead_regression,full,1.3,0.73,5,0.18862671486020702,0.03342287502641923
6,tweedie_direct_multilead_regression,full,1.2,0.5,5,0.18869375717067755,0.033654801475637985
6,tweedie_direct_multilead_regression,reduced,1.5,0.3,5,0.1887415615158922,0.03306804984785933
6,tweedie_direct_multilead_regression,full,1.05,0.3,5,0.18874420565436195,0.03370893328273764
6,tweedie_direct_multilead_regression,reduced,1.7,0.6,5,0.18877020505293396,0.03257465234244061
6,tweedie_direct_multilead_regression,full,1.3,0.7,5,0.1887732728770955,0.033346948384548485
6,tweedie_direct_multilead_regression,reduced,1.2,0.1,5,0.1888863441496701,0.034420983013760995
6,tweedie_direct_multilead_regression,reduced,1.9,1.0,5,0.189188670400942,0.03334804034252267
6,tweedie_direct_multilead_regression,reduced,1.7,0.5,5,0.1892344111267253,0.03377356339716049
6,tweedie_direct_multilead_regression,full,1.3,0.6,5,0.18929716618403972,0.033145602542768667
6,tweedie_direct_multilead_regression,full,1.1,0.3,5,0.18945219018719853,0.03364226440552924
6,tweedie_direct_multilead_regression,reduced,1.9,0.9,5,0.18950064419240095,0.034137338524327536
6,tweedie_direct_multilead_regression,full,1.2,0.4,5,0.1896594322246031,0.033120074060595674
6,tweedie_direct_multilead_regression,reduced,1.9,0.8,5,0.18989285771731274,0.03512263199495329
6,tweedie_direct_multilead_regression,full,1.5,1.0,5,0.18993399263890506,0.03253965582972287
6,tweedie_direct_multilead_regression,reduced,1.7,0.4,5,0.18997643368808723,0.035588594528025104
6,tweedie_direct_multilead_regression,reduced,1.9,0.78,5,0.18998321897788586,0.03534404396453471
6,tweedie_direct_multilead_regression,full,1.3,0.5,5,0.19007236171287395,0.03275033327738526
6,tweedie_direct_multilead_regression,reduced,1.5,0.2,5,0.19010712439885183,0.03629501249443212
6,tweedie_direct_multilead_regression,reduced,1.9,0.75,5,0.190126430470818,0.035694418199345816
6,tweedie_direct_multilead_regression,reduced,1.9,0.73,5,0.19022639526288257,0.03593816710985324
6,tweedie_direct_multilead_regression,full,1.5,0.9,5,0.19035919906685575,0.03250893437490575
6,tweedie_direct_multilead_regression,reduced,1.9,0.7,5,0.19038305918166104,0.03632276165770267
6,tweedie_direct_multilead_regression,reduced,1.3,0.1,5,0.19044976224370216,0.037074294151888024
6,tweedie_direct_multilead_regression,full,1.05,0.2,5,0.19061473004822554,0.03358822677299017
6,tweedie_direct_multilead_regression,full,1.5,0.8,5,0.19080765550050977,0.03253693989345509
6,tweedie_direct_multilead_regression,full,1.2,0.3,5,0.19089418014010473,0.03284071307157795
6,tweedie_direct_multilead_regression,full,1.5,0.78,5,0.19098721064305135,0.032469462725481145
6,tweedie_direct_multilead_regression,reduced,1.9,0.6,5,0.19099184294600483,0.03780443955603489
6,tweedie_direct_multilead_regression,full,1.3,0.4,5,0.1910871156285579,0.03262890828871358
6,tweedie_direct_multilead_regression,reduced,1.7,0.3,5,0.19111729770379274,0.03830047716824454
6,tweedie_direct_multilead_regression,full,1.5,0.75,5,0.1911673934059345,0.032463774373624625
6,tweedie_direct_multilead_regression,full,1.1,0.2,5,0.19124552570928566,0.03341088984707862
6,tweedie_direct_multilead_regression,full,1.5,0.73,5,0.19129390528948276,0.03246197248317554
6,tweedie_direct_multilead_regression,full,1.5,0.7,5,0.19152275242467653,0.032486331173271946
6,tweedie_direct_multilead_regression,reduced,1.9,0.5,5,0.1917719370854234,0.03972249459082394
6,tweedie_direct_multilead_regression,full,1.5,0.6,5,0.19222791528410627,0.03254235118152603
6,tweedie_direct_multilead_regression,full,1.3,0.3,5,0.19259089682727154,0.03263858503426814
6,tweedie_direct_multilead_regression,full,1.2,0.2,5,0.1928477860950428,0.032825427001710566
6,tweedie_direct_multilead_regression,reduced,1.9,0.4,5,0.1928728655992283,0.04212533201117259
6,tweedie_direct_multilead_regression,full,1.7,1.0,5,0.19288879092691597,0.032522317816820974
6,tweedie_direct_multilead_regression,reduced,1.7,0.2,5,0.19299391959463,0.04246650567289042
6,tweedie_direct_multilead_regression,reduced,1.5,0.1,5,0.19318933767676538,0.043008691979987086
6,tweedie_direct_multilead_regression,full,1.5,0.5,5,0.19322573070468213,0.03261829686758448
6,tweedie_direct_multilead_regression,full,1.7,0.9,5,0.19350922277096802,0.03260284687616101
6,tweedie_direct_multilead_regression,full,1.05,0.1,5,0.19399267455956917,0.033824172674229804
6,tweedie_direct_multilead_regression,full,1.7,0.8,5,0.19417207871572958,0.032685085690640894
6,tweedie_direct_multilead_regression,full,1.7,0.78,5,0.19429999200431106,0.03274299544979054
6,tweedie_direct_multilead_regression,full,1.5,0.4,5,0.19443463611011494,0.03293627886972365
6,tweedie_direct_multilead_regression,reduced,1.9,0.3,5,0.19443541170409445,0.04508360821501886
6,tweedie_direct_multilead_regression,full,1.7,0.75,5,0.19454551282486485,0.03279496091265423
6,tweedie_direct_multilead_regression,full,1.7,0.73,5,0.1947126680079004,0.03282810563860856
6,tweedie_direct_multilead_regression,full,1.3,0.2,5,0.19478768316110254,0.033003237602305245
6,tweedie_direct_multilead_regression,full,1.7,0.7,5,0.19495604047228093,0.0329184201016292
6,tweedie_direct_multilead_regression,full,1.1,0.1,5,0.19513838195416858,0.03286531223554854
6,tweedie_direct_multilead_regression,full,1.7,0.6,5,0.19593013621947453,0.03325277817224057
6,tweedie_direct_multilead_regression,full,1.5,0.3,5,0.19629767485878208,0.03346184340195069
6,tweedie_direct_multilead_regression,full,1.9,1.0,5,0.19679442119907478,0.03357669073923384
6,tweedie_direct_multilead_regression,full,1.2,0.1,5,0.19707863627504826,0.03366921317308735
6,tweedie_direct_multilead_regression,full,1.7,0.5,5,0.19711831189515472,0.03375375178682141
6,tweedie_direct_multilead_regression,reduced,1.9,0.2,5,0.1972264266531793,0.048787671946074376
6,tweedie_direct_multilead_regression,reduced,1.7,0.1,5,0.19746943541731526,0.04907499568536134
6,tweedie_direct_multilead_regression,full,1.9,0.9,5,0.197551634210787,0.033868747126773235
6,tweedie_direct_multilead_regression,full,1.9,0.8,5,0.1983752998052586,0.03424236838419771
6,tweedie_direct_multilead_regression,full,1.9,0.78,5,0.19855201446515267,0.03432787127978973
6,tweedie_direct_multilead_regression,full,1.7,0.4,5,0.19868098087992142,0.0344529631963711
6,tweedie_direct_multilead_regression,full,1.9,0.75,5,0.19882627923504875,0.03446215361317067
6,tweedie_direct_multilead_regression,full,1.9,0.73,5,0.19902789693995968,0.03455797232123214
6,tweedie_direct_multilead_regression,full,1.5,0.2,5,0.1990842438406329,0.034640378904864905
6,tweedie_direct_multilead_regression,reduced,1.05,0.01,5,0.19926227350672115,0.05275227606314099
6,tweedie_direct_multilead_regression,full,1.9,0.7,5,0.19932887217501816,0.034702154374824906
6,tweedie_direct_multilead_regression,full,1.3,0.1,5,0.19956812541404023,0.034642326067511685
6,tweedie_direct_multilead_regression,reduced,1.1,0.01,5,0.19984175852113412,0.05217504600442093
6,tweedie_direct_multilead_regression,full,1.9,0.6,5,0.2005327391226574,0.03521577891776318
6,tweedie_direct_multilead_regression,full,1.7,0.3,5,0.2008650894020652,0.0354047104763603
6,tweedie_direct_multilead_regression,reduced,1.2,0.01,5,0.20175786352082747,0.05248548785391213
6,tweedie_direct_multilead_regression,full,1.9,0.5,5,0.20189784806385686,0.035887865147036964
6,tweedie_direct_multilead_regression,reduced,1.9,0.1,5,0.20242756690873964,0.05246193628452475
6,tweedie_direct_multilead_regression,full,1.9,0.4,5,0.20368890005873994,0.03669675250769571
6,tweedie_direct_multilead_regression,full,1.7,0.2,5,0.20404221702388353,0.03689559321778927
6,tweedie_direct_multilead_regression,full,1.5,0.1,5,0.2045294459350436,0.03702463251027722
6,tweedie_direct_multilead_regression,full,1.9,0.3,5,0.2058875314200561,0.03774682046394967
6,tweedie_direct_multilead_regression,reduced,1.3,0.01,5,0.20609715268560574,0.05449027889597089
6,tweedie_direct_multilead_regression,full,1.9,0.2,5,0.2092137693250582,0.039213050716201237
6,tweedie_direct_multilead_regression,full,1.7,0.1,5,0.20945799969353765,0.039277297911198626
6,tweedie_direct_multilead_regression,reduced,1.5,0.01,5,0.21118269319435706,0.052093103070660285
6,tweedie_direct_multilead_regression,full,1.05,0.01,5,0.2128865375312527,0.040809193650682064
6,tweedie_direct_multilead_regression,full,1.1,0.01,5,0.21355981980255595,0.04015750932277424
6,tweedie_direct_multilead_regression,full,1.9,0.1,5,0.21507851700109298,0.041051738517172524
6,tweedie_direct_multilead_regression,full,1.2,0.01,5,0.21686185488040546,0.04168931062520539
6,tweedie_direct_multilead_regression,full,1.3,0.01,5,0.2172967031857354,0.04153066156382799
6,tweedie_direct_multilead_regression,reduced,1.7,0.01,5,0.21754303119521828,0.04781926306217888
6,tweedie_direct_multilead_regression,reduced,1.05,0.001,5,0.21854063000920848,0.056276410581713544
6,tweedie_direct_multilead_regression,reduced,1.2,0.001,5,0.2187881370443085,0.05268981463265873
6,tweedie_direct_multilead_regression,reduced,1.1,0.001,5,0.220021260449384,0.0567612360431229
6,tweedie_direct_multilead_regression,reduced,1.3,0.001,5,0.22366325672277337,0.04954827210493337
6,tweedie_direct_multilead_regression,full,1.5,0.01,5,0.22398127809393498,0.042275290182358954
6,tweedie_direct_multilead_regression,reduced,1.05,0.0,5,0.2246198902142357,0.05619143137939711
6,tweedie_direct_multilead_regression,reduced,1.9,0.01,5,0.22524183058551728,0.0476787726027811
6,tweedie_direct_multilead_regression,reduced,1.1,0.0,5,0.22590342557406565,0.055993818252683424
6,tweedie_direct_multilead_regression,full,1.05,0.001,5,0.22915759727844276,0.04097466299082649
6,tweedie_direct_multilead_regression,full,1.1,0.001,5,0.23040435462595807,0.04185046242985053
6,tweedie_direct_multilead_regression,full,1.7,0.01,5,0.23198009659537738,0.04171611791493262
6,tweedie_direct_multilead_regression,reduced,1.2,0.0,5,0.23339069670280504,0.06477435224720432
6,tweedie_direct_multilead_regression,full,1.2,0.001,5,0.23467579631099916,0.042427998636499126
6,tweedie_direct_multilead_regression,full,1.3,0.001,5,0.24029367229656667,0.039734229712826134
6,tweedie_direct_multilead_regression,reduced,1.5,0.001,5,0.24049606910601798,0.05297884901946451
6,tweedie_direct_multilead_regression,full,1.05,0.0,5,0.24053427454368617,0.039746060832868794
6,tweedie_direct_multilead_regression,full,1.1,0.0,5,0.24166666855691132,0.040432150969575774
6,tweedie_direct_multilead_regression,full,1.9,0.01,5,0.24303875948692477,0.04286259831991385
6,tweedie_direct_multilead_regression,reduced,1.3,0.0,5,0.24948547054756326,0.06045512640868281
6,tweedie_direct_multilead_regression,full,1.2,0.0,5,0.25304787551046765,0.03876040641394247
6,tweedie_direct_multilead_regression,full,1.5,0.001,5,0.25338031730862415,0.04453871417043953
6,tweedie_direct_multilead_regression,full,1.3,0.0,5,0.26975704092613767,0.05088221461584307
6,tweedie_direct_multilead_regression,reduced,1.7,0.001,5,0.27888566933591363,0.10172901087363526
6,tweedie_direct_multilead_regression,full,1.7,0.001,5,0.2962195579980678,0.0801487713407926
6,tweedie_direct_multilead_regression,reduced,1.9,0.001,5,0.36912912323088376,0.2809399068544149
6,tweedie_direct_multilead_regression,full,1.9,0.001,5,0.37849935612746005,0.1882893447429859
6,tweedie_direct_multilead_regression,full,1.5,0.0,5,0.530522713913819,0.5489585485730445
6,tweedie_direct_multilead_regression,reduced,1.5,0.0,5,0.5754823126472389,0.7212787961633313
6,tweedie_direct_multilead_regression,reduced,1.9,0.0,5,0.5824143009653229,0.7314974212786725
6,tweedie_direct_multilead_regression,reduced,1.7,0.0,5,0.5838714065172543,0.7296821375490657
6,tweedie_direct_multilead_regression,full,1.7,0.0,5,0.723399123958877,0.6878270872403458
6,tweedie_direct_multilead_regression,full,1.9,0.0,5,0.7924914667199655,0.6901311947530036
7,tweedie_direct_multilead_regression,reduced,1.5,0.9,5,0.2740829674234539,0.020918232468890553
7,tweedie_direct_multilead_regression,reduced,1.5,1.0,5,0.27408620219722,0.021302434987819873
7,tweedie_direct_multilead_regression,reduced,1.5,0.8,5,0.274111667079831,0.020582516888168655
7,tweedie_direct_multilead_regression,full,1.3,0.9,5,0.2741256316003237,0.025187084841204757
7,tweedie_direct_multilead_regression,reduced,1.5,0.78,5,0.27412868689047587,0.020525950514887654
7,tweedie_direct_multilead_regression,full,1.3,0.7,5,0.27413871809067697,0.025349908371350004
7,tweedie_direct_multilead_regression,full,1.3,1.0,5,0.2741527360793875,0.02516783941687038
7,tweedie_direct_multilead_regression,full,1.3,0.8,5,0.2741662854450754,0.025221704792408053
7,tweedie_direct_multilead_regression,reduced,1.5,0.75,5,0.2741737194848988,0.020462208625898315
7,tweedie_direct_multilead_regression,full,1.3,0.78,5,0.2741808389309456,0.025228545207600997
7,tweedie_direct_multilead_regression,reduced,1.5,0.73,5,0.27420610479755814,0.02041709924532087
7,tweedie_direct_multilead_regression,full,1.3,0.75,5,0.2742078683667077,0.02523853701121125
7,tweedie_direct_multilead_regression,full,1.3,0.73,5,0.2742296082379586,0.025245316258408868
7,tweedie_direct_multilead_regression,reduced,1.5,0.7,5,0.27426385687194954,0.020360422066304396
7,tweedie_direct_multilead_regression,full,1.3,0.6,5,0.274330881021373,0.025451229282663787
7,tweedie_direct_multilead_regression,full,1.2,0.5,5,0.27439774629270924,0.02526015866355908
7,tweedie_direct_multilead_regression,full,1.1,0.4,5,0.27440118322530616,0.02508589968440116
7,tweedie_direct_multilead_regression,full,1.1,0.3,5,0.27440753895655884,0.025229999551259364
7,tweedie_direct_multilead_regression,full,1.2,0.73,5,0.2744203027987945,0.025081611082740873
7,tweedie_direct_multilead_regression,full,1.2,0.7,5,0.27442863105555115,0.025138483910951772
7,tweedie_direct_multilead_regression,full,1.05,0.2,5,0.27444199287699966,0.025400197893190948
7,tweedie_direct_multilead_regression,full,1.2,0.75,5,0.27445167131398296,0.025072465182526326
7,tweedie_direct_multilead_regression,reduced,1.3,0.4,5,0.2744808231902914,0.020998816109840262
7,tweedie_direct_multilead_regression,full,1.2,0.78,5,0.2744873052375147,0.025066221699571845
7,tweedie_direct_multilead_regression,full,1.2,0.6,5,0.27448805390619885,0.025036727877505473
7,tweedie_direct_multilead_regression,reduced,1.5,0.6,5,0.2745102131363638,0.020377487295286968
7,tweedie_direct_multilead_regression,full,1.05,0.3,5,0.2745132563315315,0.025095337038197926
7,tweedie_direct_multilead_regression,full,1.2,0.8,5,0.274520623956734,0.025063649841080348
7,tweedie_direct_multilead_regression,reduced,1.3,0.3,5,0.27453895564053965,0.020346113883243054
7,tweedie_direct_multilead_regression,full,1.1,0.5,5,0.27455111526658527,0.025031990568615155
7,tweedie_direct_multilead_regression,reduced,1.2,0.3,5,0.274592226912981,0.021430246879125352
7,tweedie_direct_multilead_regression,full,1.05,0.4,5,0.2745956975810057,0.024977212148352083
7,tweedie_direct_multilead_regression,full,1.2,0.4,5,0.27462972424045795,0.02537011669335628
7,tweedie_direct_multilead_regression,reduced,1.3,0.5,5,0.27463486282736305,0.021844226050321002
7,tweedie_direct_multilead_regression,reduced,1.1,0.2,5,0.27466350031162784,0.02149191857866962
7,tweedie_direct_multilead_regression,reduced,1.2,0.2,5,0.27467173261561784,0.020041396312014854
7,tweedie_direct_multilead_regression,full,1.2,0.9,5,0.27469345991333344,0.025061424868729282
7,tweedie_direct_multilead_regression,full,1.3,0.5,5,0.27475169153774937,0.025541128208237892
7,tweedie_direct_multilead_regression,full,1.1,0.6,5,0.27477810146392,0.025025906862743624
7,tweedie_direct_multilead_regression,full,1.5,1.0,5,0.2748491637643635,0.02600792335017075
7,tweedie_direct_multilead_regression,reduced,1.05,0.1,5,0.2748779633208745,0.02020775742679371
7,tweedie_direct_multilead_regression,full,1.05,0.5,5,0.27487810778706806,0.025018135487927376
7,tweedie_direct_multilead_regression,full,1.2,1.0,5,0.2748878251766213,0.025064426125443257
7,tweedie_direct_multilead_regression,full,1.1,0.7,5,0.27491549189904535,0.025143836921001368
7,tweedie_direct_multilead_regression,full,1.05,0.6,5,0.27496487468022907,0.025178188636679727
7,tweedie_direct_multilead_regression,reduced,1.3,0.6,5,0.2749684907688973,0.022587959715956986
7,tweedie_direct_multilead_regression,reduced,1.5,0.5,5,0.27500543799625576,0.020874188463763384
7,tweedie_direct_multilead_regression,full,1.1,0.73,5,0.2750060350914911,0.02514119429281689
7,tweedie_direct_multilead_regression,reduced,1.2,0.4,5,0.2750145269999099,0.022615919740162117
7,tweedie_direct_multilead_regression,full,1.1,0.75,5,0.27506541316778393,0.02513971178472354
7,tweedie_direct_multilead_regression,full,1.2,0.3,5,0.27514253883303025,0.02552311152865497
7,tweedie_direct_multilead_regression,reduced,1.05,0.2,5,0.27514315794116245,0.022376296781972917
7,tweedie_direct_multilead_regression,full,1.1,0.78,5,0.27515317344707324,0.025138153762700358
7,tweedie_direct_multilead_regression,full,1.1,0.8,5,0.27521127660035366,0.025138570476882713
7,tweedie_direct_multilead_regression,full,1.1,0.2,5,0.27533456901713216,0.025560038578996944
7,tweedie_direct_multilead_regression,full,1.05,0.7,5,0.27533519920695354,0.02516659741729346
7,tweedie_direct_multilead_regression,full,1.5,0.9,5,0.27535301121428757,0.02623519296305321
7,tweedie_direct_multilead_regression,reduced,1.3,0.7,5,0.2753638603941624,0.02318409158858757
7,tweedie_direct_multilead_regression,full,1.05,0.73,5,0.27543960558133895,0.02516886042449802
7,tweedie_direct_multilead_regression,reduced,1.1,0.1,5,0.275461015089538,0.020367408472821594
7,tweedie_direct_multilead_regression,reduced,1.3,0.73,5,0.2754868147688113,0.02332990236708981
7,tweedie_direct_multilead_regression,full,1.1,0.9,5,0.27548781771523123,0.025148084319173373
7,tweedie_direct_multilead_regression,full,1.3,0.4,5,0.27549999834556427,0.025932357501910416
7,tweedie_direct_multilead_regression,full,1.05,0.75,5,0.27550859467221045,0.025172501580179692
7,tweedie_direct_multilead_regression,reduced,1.1,0.3,5,0.27555385993577514,0.023157600358955817
7,tweedie_direct_multilead_regression,reduced,1.3,0.75,5,0.2755669586837026,0.023421712349659545
7,tweedie_direct_multilead_regression,full,1.05,0.78,5,0.2756113520680438,0.025181989015348724
7,tweedie_direct_multilead_regression,reduced,1.7,1.0,5,0.27567255180494527,0.02192845495888473
7,tweedie_direct_multilead_regression,full,1.05,0.8,5,0.27567866824213366,0.02519015299013964
7,tweedie_direct_multilead_regression,reduced,1.3,0.2,5,0.27568365540909084,0.02142739691418912
7,tweedie_direct_multilead_regression,reduced,1.3,0.78,5,0.27568376201531064,0.0235530760334444
7,tweedie_direct_multilead_regression,reduced,1.2,0.5,5,0.2757316680360993,0.023424652538400564
7,tweedie_direct_multilead_regression,full,1.1,1.0,5,0.2757546341159265,0.025181341047575953
7,tweedie_direct_multilead_regression,reduced,1.3,0.8,5,0.27576046303966556,0.023636700924212176
7,tweedie_direct_multilead_regression,full,1.05,0.9,5,0.2759989269105022,0.025237328593022995
7,tweedie_direct_multilead_regression,full,1.5,0.8,5,0.27608218939597107,0.026697903140832834
7,tweedie_direct_multilead_regression,reduced,1.05,0.3,5,0.27609226828444544,0.023889531540244334
7,tweedie_direct_multilead_regression,reduced,1.3,0.9,5,0.2761212661148901,0.024002232856044005
7,tweedie_direct_multilead_regression,reduced,1.2,0.6,5,0.27627431236113364,0.024055877424980523
7,tweedie_direct_multilead_regression,full,1.05,1.0,5,0.2762932186321001,0.025291310753090237
7,tweedie_direct_multilead_regression,reduced,1.1,0.4,5,0.27630362042810563,0.024121785185112765
7,tweedie_direct_multilead_regression,full,1.5,0.78,5,0.27641067686913506,0.02671905687498227
7,tweedie_direct_multilead_regression,reduced,1.5,0.4,5,0.2765185674797603,0.022870618948728928
7,tweedie_direct_multilead_regression,reduced,1.3,1.0,5,0.2765424456742457,0.024334892278329995
7,tweedie_direct_multilead_regression,reduced,1.7,0.9,5,0.276575293441301,0.023385699947486512
7,tweedie_direct_multilead_regression,full,1.5,0.75,5,0.2767016695974389,0.02696177833852184
7,tweedie_direct_multilead_regression,reduced,1.2,0.7,5,0.2767109689082994,0.024485869839609757
7,tweedie_direct_multilead_regression,reduced,1.2,0.73,5,0.27684280473837974,0.024606506970242945
7,tweedie_direct_multilead_regression,reduced,1.05,0.4,5,0.276893733926348,0.0246733802122682
7,tweedie_direct_multilead_regression,reduced,1.2,0.75,5,0.27692172213927213,0.02467677694862809
7,tweedie_direct_multilead_regression,reduced,1.1,0.5,5,0.2769374820944252,0.024716058065061813
7,tweedie_direct_multilead_regression,full,1.5,0.73,5,0.27695595185910393,0.027121915845715622
7,tweedie_direct_multilead_regression,reduced,1.2,0.78,5,0.2770259654713152,0.024797769895194787
7,tweedie_direct_multilead_regression,reduced,1.2,0.8,5,0.2771019384324608,0.024860379769681123
7,tweedie_direct_multilead_regression,full,1.5,0.7,5,0.2773322361961717,0.02732376375686613
7,tweedie_direct_multilead_regression,reduced,1.2,0.9,5,0.2774613299910621,0.025132976254855593
7,tweedie_direct_multilead_regression,reduced,1.1,0.6,5,0.27748725021963433,0.025146336433818986
7,tweedie_direct_multilead_regression,reduced,1.05,0.5,5,0.27756258987001087,0.025196962100258256
7,tweedie_direct_multilead_regression,reduced,1.7,0.8,5,0.27774696462906456,0.02553390666373029
7,tweedie_direct_multilead_regression,reduced,1.2,1.0,5,0.27778162487280794,0.025353138277680137
7,tweedie_direct_multilead_regression,full,1.2,0.2,5,0.27781880173095275,0.026717014045995715
7,tweedie_direct_multilead_regression,full,1.3,0.3,5,0.27792552918077423,0.02719547707900748
7,tweedie_direct_multilead_regression,reduced,1.1,0.7,5,0.27795219127480136,0.025458864442870852
7,tweedie_direct_multilead_regression,reduced,1.2,0.1,5,0.2779963475605313,0.024494351922630685
7,tweedie_direct_multilead_regression,reduced,1.7,0.78,5,0.2780562343757153,0.02609869386628775
7,tweedie_direct_multilead_regression,reduced,1.1,0.73,5,0.2780767448796768,0.0255387750879352
7,tweedie_direct_multilead_regression,reduced,1.05,0.6,5,0.2781084592173168,0.025556285244343082
7,tweedie_direct_multilead_regression,reduced,1.1,0.75,5,0.2781566547337844,0.025587707328160264
7,tweedie_direct_multilead_regression,reduced,1.1,0.78,5,0.27827212372784993,0.025654690231546356
7,tweedie_direct_multilead_regression,reduced,1.1,0.8,5,0.27834569731147357,0.0256961550337789
7,tweedie_direct_multilead_regression,reduced,1.7,0.75,5,0.27848008822777437,0.026873828768751495
7,tweedie_direct_multilead_regression,reduced,1.05,0.73,5,0.27854709206593115,0.025901294260039356
7,tweedie_direct_multilead_regression,reduced,1.05,0.7,5,0.27855241547964427,0.025808956783197792
7,tweedie_direct_multilead_regression,reduced,1.05,0.75,5,0.27862485993591957,0.025938832771864883
7,tweedie_direct_multilead_regression,reduced,1.1,0.9,5,0.27867444309110995,0.02587729076832756
7,tweedie_direct_multilead_regression,reduced,1.05,0.78,5,0.27873529149997167,0.025991654178486714
7,tweedie_direct_multilead_regression,reduced,1.05,0.8,5,0.27880498093074413,0.026024793102546954
7,tweedie_direct_multilead_regression,full,1.05,0.1,5,0.27888614924468724,0.026830988990434314
7,tweedie_direct_multilead_regression,reduced,1.7,0.73,5,0.27889386352927625,0.027638512800626538
7,tweedie_direct_multilead_regression,reduced,1.1,1.0,5,0.278949326824325,0.026022694039137036
7,tweedie_direct_multilead_regression,reduced,1.05,0.9,5,0.2791138626917003,0.026167163863442193
7,tweedie_direct_multilead_regression,full,1.5,0.6,5,0.27911523771922714,0.02861865186046161
7,tweedie_direct_multilead_regression,reduced,1.05,1.0,5,0.2794219855204197,0.026358297468139877
7,tweedie_direct_multilead_regression,reduced,1.7,0.7,5,0.27954163251771647,0.028917266505955955
7,tweedie_direct_multilead_regression,reduced,1.5,0.3,5,0.27989176869634436,0.029146780035697234
7,tweedie_direct_multilead_regression,full,1.1,0.1,5,0.2809127732177058,0.028243421692504538
7,tweedie_direct_multilead_regression,full,1.5,0.5,5,0.2816313712721486,0.03097660021158994
7,tweedie_direct_multilead_regression,reduced,1.7,0.6,5,0.2824585352865928,0.03467528088788814
7,tweedie_direct_multilead_regression,full,1.3,0.2,5,0.2833286554718545,0.031957943643008004
7,tweedie_direct_multilead_regression,full,1.7,1.0,5,0.2841552772456635,0.0343002098001311
7,tweedie_direct_multilead_regression,reduced,1.3,0.1,5,0.2847200354120037,0.03860961815025848
7,tweedie_direct_multilead_regression,full,1.5,0.4,5,0.28574082191087474,0.03576909300702611
7,tweedie_direct_multilead_regression,full,1.7,0.9,5,0.28639525565080776,0.037034241322043776
7,tweedie_direct_multilead_regression,reduced,1.7,0.5,5,0.28711626819093644,0.04408434365887221
7,tweedie_direct_multilead_regression,full,1.2,0.1,5,0.288628641930795,0.037488472009898716
7,tweedie_direct_multilead_regression,reduced,1.5,0.2,5,0.28914099706365975,0.047841042487342444
7,tweedie_direct_multilead_regression,full,1.7,0.8,5,0.28919743266343695,0.04077004436630351
7,tweedie_direct_multilead_regression,full,1.7,0.78,5,0.2898250747861547,0.041639766634620046
7,tweedie_direct_multilead_regression,full,1.7,0.75,5,0.2908244709700914,0.04295637253012475
7,tweedie_direct_multilead_regression,full,1.7,0.73,5,0.29155866467703484,0.04396903648807514
7,tweedie_direct_multilead_regression,reduced,1.9,1.0,5,0.29230354368575007,0.0550480770321704
7,tweedie_direct_multilead_regression,full,1.5,0.3,5,0.2926737760401573,0.04476248395016717
7,tweedie_direct_multilead_regression,full,1.7,0.7,5,0.2928315771148693,0.04584089249915523
7,tweedie_direct_multilead_regression,reduced,1.7,0.4,5,0.29453530268017225,0.059427002287185796
7,tweedie_direct_multilead_regression,reduced,1.9,0.9,5,0.2964074815714706,0.06358449488315679
7,tweedie_direct_multilead_regression,full,1.7,0.6,5,0.29757043487206236,0.05272361936232448
7,tweedie_direct_multilead_regression,full,1.3,0.1,5,0.3008414988120537,0.05516182155866062
7,tweedie_direct_multilead_regression,reduced,1.9,0.8,5,0.301632438948645,0.07452635900338647
7,tweedie_direct_multilead_regression,reduced,1.9,0.78,5,0.30283753211936787,0.07705520891116706
7,tweedie_direct_multilead_regression,full,1.7,0.5,5,0.3042334451342316,0.06305725171307072
7,tweedie_direct_multilead_regression,reduced,1.9,0.75,5,0.3047580949005534,0.08108645664563571
7,tweedie_direct_multilead_regression,reduced,1.9,0.73,5,0.30611006783335537,0.08392492255262991
7,tweedie_direct_multilead_regression,full,1.5,0.2,5,0.3067669780615213,0.06590743085236773
7,tweedie_direct_multilead_regression,reduced,1.7,0.3,5,0.3071485188664909,0.08581313492744816
7,tweedie_direct_multilead_regression,reduced,1.9,0.7,5,0.3082567382903859,0.08843592933216439
7,tweedie_direct_multilead_regression,full,1.9,1.0,5,0.3117323177915987,0.07646979769124322
7,tweedie_direct_multilead_regression,full,1.7,0.4,5,0.31404444069256743,0.07904119954650515
7,tweedie_direct_multilead_regression,reduced,1.9,0.6,5,0.3166232211868776,0.10594679119335502
7,tweedie_direct_multilead_regression,full,1.9,0.9,5,0.3169684352757659,0.08530099623535294
7,tweedie_direct_multilead_regression,reduced,1.5,0.1,5,0.3184359370228057,0.10900460399866764
7,tweedie_direct_multilead_regression,full,1.9,0.8,5,0.3233970204287424,0.09639053206810942
7,tweedie_direct_multilead_regression,full,1.9,0.78,5,0.32482611885701773,0.09887230862067782
7,tweedie_direct_multilead_regression,full,1.9,0.75,5,0.32715433323081544,0.10299572494975404
7,tweedie_direct_multilead_regression,reduced,1.05,0.01,5,0.32759838614521,0.12643516506150915
7,tweedie_direct_multilead_regression,reduced,1.9,0.5,5,0.32766635912400394,0.12900883371591085
7,tweedie_direct_multilead_regression,full,1.9,0.73,5,0.32876862640513294,0.1058277069564634
7,tweedie_direct_multilead_regression,full,1.7,0.3,5,0.32909236627958666,0.10482553152926459
7,tweedie_direct_multilead_regression,reduced,1.7,0.2,5,0.32918870467885114,0.13165687363566456
7,tweedie_direct_multilead_regression,full,1.9,0.7,5,0.3312853358401486,0.1102730496261341
7,tweedie_direct_multilead_regression,reduced,1.1,0.01,5,0.33795806434500364,0.1460372228432144
7,tweedie_direct_multilead_regression,full,1.9,0.6,5,0.34063713899976733,0.12665765201480061
7,tweedie_direct_multilead_regression,full,1.5,0.1,5,0.3409688224738965,0.1234398369512452
7,tweedie_direct_multilead_regression,reduced,1.9,0.4,5,0.34168642244559,0.15792158183942884
7,tweedie_direct_multilead_regression,full,1.05,0.01,5,0.3494851419240853,0.1303783085767069
7,tweedie_direct_multilead_regression,full,1.9,0.5,5,0.3522093832126084,0.14702016102040594
7,tweedie_direct_multilead_regression,full,1.7,0.2,5,0.353149412029474,0.14676942985070177
7,tweedie_direct_multilead_regression,full,1.1,0.01,5,0.3595999307756557,0.14521599953974992
7,tweedie_direct_multilead_regression,reduced,1.9,0.3,5,0.36013301676949316,0.1952012326935355
7,tweedie_direct_multilead_regression,reduced,1.2,0.01,5,0.36487011646025913,0.19944433854835353
7,tweedie_direct_multilead_regression,full,1.9,0.4,5,0.36687288627568737,0.17298582043655142
7,tweedie_direct_multilead_regression,reduced,1.7,0.1,5,0.37250087900503653,0.21828377158559872
7,tweedie_direct_multilead_regression,reduced,1.9,0.2,5,0.38538525110505983,0.24399110098785678
7,tweedie_direct_multilead_regression,full,1.9,0.3,5,0.38543869230063005,0.20544204994855111
7,tweedie_direct_multilead_regression,full,1.2,0.01,5,0.39273351859745176,0.20726795734187192
7,tweedie_direct_multilead_regression,full,1.7,0.1,5,0.39657588381580994,0.2220317872944452
7,tweedie_direct_multilead_regression,reduced,1.3,0.01,5,0.40653202040150427,0.2826529653849061
7,tweedie_direct_multilead_regression,full,1.9,0.2,5,0.4100776804349476,0.2474042558680924
7,tweedie_direct_multilead_regression,reduced,1.9,0.1,5,0.42190003488639716,0.3067562065720912
7,tweedie_direct_multilead_regression,full,1.3,0.01,5,0.42565065284971765,0.2675154046289487
7,tweedie_direct_multilead_regression,full,1.05,0.001,5,0.443906500630054,0.2883038616717973
7,tweedie_direct_multilead_regression,full,1.9,0.1,5,0.44503251480518424,0.30240860166314293
7,tweedie_direct_multilead_regression,reduced,1.5,0.01,5,0.4458288404933371,0.3360181537249
7,tweedie_direct_multilead_regression,reduced,1.05,0.001,5,0.4538184156182846,0.3478850198519147
7,tweedie_direct_multilead_regression,full,1.1,0.001,5,0.4595909843212345,0.3079654186126744
7,tweedie_direct_multilead_regression,full,1.5,0.01,5,0.46341821123012217,0.324033008654213
7,tweedie_direct_multilead_regression,reduced,1.7,0.01,5,0.48018702029052573,0.37763508964474846
7,tweedie_direct_multilead_regression,full,1.05,0.0,5,0.48078966108623133,0.3483044342161318
7,tweedie_direct_multilead_regression,reduced,1.2,0.001,5,0.4879871283102076,0.3866285083834562
7,tweedie_direct_multilead_regression,reduced,1.1,0.001,5,0.48973199481560376,0.40706575829087827
7,tweedie_direct_multilead_regression,full,1.2,0.001,5,0.49340009112761224,0.3629190882892742
7,tweedie_direct_multilead_regression,full,1.1,0.0,5,0.49843307085611255,0.3482113487717401
7,tweedie_direct_multilead_regression,full,1.7,0.01,5,0.5022268436507202,0.3780307890777256
7,tweedie_direct_multilead_regression,full,1.3,0.001,5,0.5035103619472765,0.3709072418114983
7,tweedie_direct_multilead_regression,reduced,1.9,0.01,5,0.5049755775009642,0.4000459479699128
7,tweedie_direct_multilead_regression,reduced,1.3,0.001,5,0.505195551091244,0.40639115663098324
7,tweedie_direct_multilead_regression,full,1.2,0.0,5,0.5234172591882535,0.38252890856103755
7,tweedie_direct_multilead_regression,reduced,1.5,0.001,5,0.5327160479275348,0.4366499986475906
7,tweedie_direct_multilead_regression,full,1.9,0.01,5,0.5424814764314645,0.4239920850948967
7,tweedie_direct_multilead_regression,reduced,1.2,0.0,5,0.5452817552329334,0.4314214342678151
7,tweedie_direct_multilead_regression,reduced,1.1,0.0,5,0.5478638528824,0.4631273808525222
7,tweedie_direct_multilead_regression,reduced,1.05,0.0,5,0.5491441837147519,0.46956470162701414
7,tweedie_direct_multilead_regression,reduced,1.7,0.001,5,0.5514045736254242,0.4505686677971471
7,tweedie_direct_multilead_regression,full,1.5,0.001,5,0.5622103331908672,0.45054745254884876
7,tweedie_direct_multilead_regression,reduced,1.9,0.001,5,0.5624717297766211,0.4436185050239172
7,tweedie_direct_multilead_regression,reduced,1.7,0.0,5,0.5867496976715783,0.472274515099511
7,tweedie_direct_multilead_regression,reduced,1.3,0.0,5,0.5901403717137026,0.500660155196405
7,tweedie_direct_multilead_regression,reduced,1.5,0.0,5,0.59749093206434,0.5028582339596803
7,tweedie_direct_multilead_regression,reduced,1.9,0.0,5,0.6004489793581649,0.5027298165140728
7,tweedie_direct_multilead_regression,full,1.3,0.0,5,0.6023101236298825,0.5164388508037746
7,tweedie_direct_multilead_regression,full,1.7,0.001,5,0.6259368388061037,0.48924582980989023
7,tweedie_direct_multilead_regression,full,1.9,0.001,5,0.6669599200427255,0.47339683142129096
7,tweedie_direct_multilead_regression,full,1.5,0.0,5,0.7012437345075156,0.5286889553475844
7,tweedie_direct_multilead_regression,full,1.7,0.0,5,0.728612215946589,0.37645361272054834
7,tweedie_direct_multilead_regression,full,1.9,0.0,5,0.8918474661979596,0.4935392696781107
8,tweedie_direct_multilead_regression,reduced,1.7,1.0,5,0.2171715423677484,0.04467641999385747
8,tweedie_direct_multilead_regression,reduced,1.7,0.9,5,0.21743710269155064,0.04572852503351574
8,tweedie_direct_multilead_regression,reduced,1.5,0.7,5,0.2174943925482114,0.04286854306296082
8,tweedie_direct_multilead_regression,reduced,1.5,0.73,5,0.21749580252014425,0.042518411198828265
8,tweedie_direct_multilead_regression,reduced,1.5,0.75,5,0.2175079186298639,0.042302410368991426
8,tweedie_direct_multilead_regression,reduced,1.5,0.78,5,0.2175379245606587,0.042003176397638016
8,tweedie_direct_multilead_regression,reduced,1.5,0.8,5,0.2175645418033846,0.04181962129800183
8,tweedie_direct_multilead_regression,reduced,1.5,0.6,5,0.21771695523614132,0.044327236495882126
8,tweedie_direct_multilead_regression,reduced,1.5,0.9,5,0.21777680560514606,0.041059574504645
8,tweedie_direct_multilead_regression,reduced,1.7,0.8,5,0.21788841636944278,0.04726289319299915
8,tweedie_direct_multilead_regression,reduced,1.7,0.78,5,0.21801188933027665,0.047613512402829516
8,tweedie_direct_multilead_regression,reduced,1.5,1.0,5,0.21807110260084323,0.04048985025665305
8,tweedie_direct_multilead_regression,reduced,1.7,0.75,5,0.2182186770661508,0.048176922577584116
8,tweedie_direct_multilead_regression,reduced,1.5,0.5,5,0.21825560157921697,0.046402279470956945
8,tweedie_direct_multilead_regression,reduced,1.3,0.4,5,0.21828086478451342,0.04299435806311164
8,tweedie_direct_multilead_regression,reduced,1.7,0.73,5,0.2183680188351577,0.048575747842603406
8,tweedie_direct_multilead_regression,reduced,1.3,0.5,5,0.2184630872513018,0.041297828110257
8,tweedie_direct_multilead_regression,reduced,1.7,0.7,5,0.2185640958744067,0.04921183830761859
8,tweedie_direct_multilead_regression,reduced,1.2,0.3,5,0.21864667966697438,0.04311497924023801
8,tweedie_direct_multilead_regression,reduced,1.2,0.4,5,0.2188486452906273,0.040851644513021625
8,tweedie_direct_multilead_regression,reduced,1.3,0.3,5,0.2188906907752694,0.04617168071025096
8,tweedie_direct_multilead_regression,reduced,1.3,0.6,5,0.21900421366699088,0.04022055792508065
8,tweedie_direct_multilead_regression,reduced,1.1,0.2,5,0.219138431373665,0.04425634052165433
8,tweedie_direct_multilead_regression,reduced,1.05,0.2,5,0.21917735455520276,0.042766723737486335
8,tweedie_direct_multilead_regression,reduced,1.1,0.3,5,0.21918688130524694,0.040770166998884874
8,tweedie_direct_multilead_regression,reduced,1.9,1.0,5,0.21920407615075388,0.05207625776557429
8,tweedie_direct_multilead_regression,reduced,1.5,0.4,5,0.21934854267591283,0.049657022198546036
8,tweedie_direct_multilead_regression,reduced,1.7,0.6,5,0.21955942232166997,0.05174825601077614
8,tweedie_direct_multilead_regression,reduced,1.2,0.2,5,0.21976171837116354,0.048004568525465884
8,tweedie_direct_multilead_regression,reduced,1.3,0.7,5,0.2197745870484058,0.0393982598296814
8,tweedie_direct_multilead_regression,reduced,1.2,0.5,5,0.21980676757178874,0.039501497247256115
8,tweedie_direct_multilead_regression,reduced,1.05,0.3,5,0.22000018195722407,0.03964752025384517
8,tweedie_direct_multilead_regression,reduced,1.3,0.73,5,0.2200169036176908,0.039202633008093755
8,tweedie_direct_multilead_regression,reduced,1.9,0.9,5,0.22005183120662922,0.05399072508374557
8,tweedie_direct_multilead_regression,reduced,1.3,0.75,5,0.22018081453722688,0.03908006394370367
8,tweedie_direct_multilead_regression,reduced,1.3,0.78,5,0.22042817544744114,0.038908210188241865
8,tweedie_direct_multilead_regression,reduced,1.1,0.4,5,0.22050405012120441,0.03909181082374788
8,tweedie_direct_multilead_regression,reduced,1.3,0.8,5,0.22059585945552426,0.03880125274151994
8,tweedie_direct_multilead_regression,reduced,1.2,0.6,5,0.22088064122494586,0.0386849623336844
8,tweedie_direct_multilead_regression,reduced,1.7,0.5,5,0.22106104836214616,0.055202507770278436
8,tweedie_direct_multilead_regression,reduced,1.9,0.8,5,0.22111858020867375,0.05630655501370603
8,tweedie_direct_multilead_regression,reduced,1.3,0.2,5,0.2213016653889001,0.0528186716515616
8,tweedie_direct_multilead_regression,reduced,1.9,0.78,5,0.22135981288488688,0.05681998354589042
8,tweedie_direct_multilead_regression,reduced,1.3,0.9,5,0.22144087122393136,0.038330456590809484
8,tweedie_direct_multilead_regression,reduced,1.5,0.3,5,0.2214943535334904,0.05491558313188147
8,tweedie_direct_multilead_regression,reduced,1.05,0.4,5,0.22167247118729366,0.038197425076264516
8,tweedie_direct_multilead_regression,reduced,1.9,0.75,5,0.2217411625924091,0.05762815653773168
8,tweedie_direct_multilead_regression,reduced,1.9,0.73,5,0.22200979164438697,0.0581945978171889
8,tweedie_direct_multilead_regression,reduced,1.2,0.7,5,0.22201199291814128,0.03809084433763015
8,tweedie_direct_multilead_regression,reduced,1.1,0.5,5,0.222018582951873,0.03796785504420033
8,tweedie_direct_multilead_regression,reduced,1.3,1.0,5,0.222237614579256,0.03800364591316613
8,tweedie_direct_multilead_regression,reduced,1.05,0.1,5,0.22225657471718221,0.053014598296884916
8,tweedie_direct_multilead_regression,reduced,1.2,0.73,5,0.22240065275503182,0.03787208268133912
8,tweedie_direct_multilead_regression,reduced,1.9,0.7,5,0.22243511953875564,0.059087733063977764
8,tweedie_direct_multilead_regression,reduced,1.2,0.75,5,0.22261354583823204,0.037788351937864666
8,tweedie_direct_multilead_regression,reduced,1.2,0.78,5,0.22292926574124355,0.03767290563841944
8,tweedie_direct_multilead_regression,full,1.5,1.0,5,0.22309899005971476,0.04444384154571878
8,tweedie_direct_multilead_regression,reduced,1.2,0.8,5,0.22313698735304466,0.03760208454020066
8,tweedie_direct_multilead_regression,reduced,1.1,0.1,5,0.22321664222601462,0.055991975791223336
8,tweedie_direct_multilead_regression,reduced,1.7,0.4,5,0.22325414566967067,0.05994392903431478
8,tweedie_direct_multilead_regression,full,1.3,0.78,5,0.22331308654546328,0.043101878024980146
8,tweedie_direct_multilead_regression,full,1.3,0.73,5,0.22331988368497777,0.0433387778470716
8,tweedie_direct_multilead_regression,full,1.3,0.75,5,0.22332939217341222,0.04324498295646148
8,tweedie_direct_multilead_regression,full,1.3,0.8,5,0.2233627659365228,0.04305741182867339
8,tweedie_direct_multilead_regression,full,1.3,0.7,5,0.2233986321202638,0.043538113210224175
8,tweedie_direct_multilead_regression,full,1.3,0.9,5,0.22340471312034138,0.042667640183514176
8,tweedie_direct_multilead_regression,reduced,1.05,0.5,5,0.22343155108512708,0.03753584359225273
8,tweedie_direct_multilead_regression,reduced,1.1,0.6,5,0.2234360502103076,0.03740977108255191
8,tweedie_direct_multilead_regression,full,1.5,0.9,5,0.22344755797243057,0.04505877249575753
8,tweedie_direct_multilead_regression,full,1.3,0.6,5,0.2235936654815017,0.044235350852572845
8,tweedie_direct_multilead_regression,full,1.3,1.0,5,0.22364658267568388,0.04246582384004113
8,tweedie_direct_multilead_regression,full,1.5,0.8,5,0.22365684105115088,0.04547985790849245
8,tweedie_direct_multilead_regression,full,1.2,0.6,5,0.22375308014179343,0.043101395962015544
8,tweedie_direct_multilead_regression,full,1.2,0.5,5,0.22385532377887124,0.043975857082157704
8,tweedie_direct_multilead_regression,full,1.2,0.7,5,0.2238987163556699,0.04264515881930858
8,tweedie_direct_multilead_regression,full,1.5,0.78,5,0.22390547428912097,0.04580069015242143
8,tweedie_direct_multilead_regression,full,1.2,0.73,5,0.22395803854363822,0.042542031920845054
8,tweedie_direct_multilead_regression,full,1.5,0.75,5,0.22398372736380065,0.045937902709139056
8,tweedie_direct_multilead_regression,full,1.2,0.75,5,0.22404565053040876,0.042497715906378006
8,tweedie_direct_multilead_regression,reduced,1.9,0.6,5,0.22409247944898486,0.06249256547056554
8,tweedie_direct_multilead_regression,full,1.2,0.78,5,0.22411131286518943,0.0424057930679551
8,tweedie_direct_multilead_regression,reduced,1.2,0.9,5,0.22412858948688533,0.037295916303608484
8,tweedie_direct_multilead_regression,full,1.2,0.8,5,0.22415734246363953,0.04234820691162195
8,tweedie_direct_multilead_regression,full,1.1,0.4,5,0.22420667079341577,0.043297080888466975
8,tweedie_direct_multilead_regression,full,1.3,0.5,5,0.22424387136336205,0.04532733323287346
8,tweedie_direct_multilead_regression,full,1.5,0.73,5,0.22428197732024951,0.04633425844962575
8,tweedie_direct_multilead_regression,full,1.1,0.5,5,0.2242861731017185,0.04236765467187748
8,tweedie_direct_multilead_regression,full,1.2,0.4,5,0.22429500165204094,0.045026235316948715
8,tweedie_direct_multilead_regression,full,1.05,0.4,5,0.22431269803144033,0.0428139087635648
8,tweedie_direct_multilead_regression,full,1.2,0.9,5,0.22447669494148662,0.04217977197985428
8,tweedie_direct_multilead_regression,full,1.05,0.3,5,0.22449636180403817,0.044077213670465826
8,tweedie_direct_multilead_regression,full,1.5,0.7,5,0.2245361166348549,0.04667781606197615
8,tweedie_direct_multilead_regression,full,1.05,0.5,5,0.22464537610752028,0.04239897325643062
8,tweedie_direct_multilead_regression,full,1.1,0.6,5,0.22477399661357295,0.04235386047934548
8,tweedie_direct_multilead_regression,reduced,1.1,0.7,5,0.2248181666697054,0.037051953637824216
8,tweedie_direct_multilead_regression,full,1.2,1.0,5,0.224851207416852,0.04215728709325573
8,tweedie_direct_multilead_regression,reduced,1.05,0.6,5,0.22494677244674036,0.037132360279262484
8,tweedie_direct_multilead_regression,full,1.1,0.7,5,0.22499829101767901,0.041993161537914735
8,tweedie_direct_multilead_regression,full,1.1,0.3,5,0.22501721139504777,0.045320821072512264
8,tweedie_direct_multilead_regression,reduced,1.2,1.0,5,0.2250866310453928,0.037108445022619174
8,tweedie_direct_multilead_regression,full,1.1,0.73,5,0.22510954034283367,0.04190688575392087
8,tweedie_direct_multilead_regression,full,1.7,1.0,5,0.22517520258294374,0.048265268983357944
8,tweedie_direct_multilead_regression,full,1.1,0.75,5,0.2251797408953063,0.04184061900532108
8,tweedie_direct_multilead_regression,reduced,1.1,0.73,5,0.22519636149189326,0.03696696056415754
8,tweedie_direct_multilead_regression,full,1.05,0.6,5,0.22524166307065902,0.0421094661515916
8,tweedie_direct_multilead_regression,full,1.3,0.4,5,0.22529415243873058,0.0471854168196464
8,tweedie_direct_multilead_regression,full,1.1,0.78,5,0.22537130002703556,0.041909218869553275
8,tweedie_direct_multilead_regression,reduced,1.1,0.75,5,0.2254382128461379,0.03692221974585435
8,tweedie_direct_multilead_regression,full,1.5,0.6,5,0.2254532090306685,0.04809823215058555
8,tweedie_direct_multilead_regression,reduced,1.2,0.1,5,0.22557320660533967,0.06211472667433179
8,tweedie_direct_multilead_regression,full,1.1,0.8,5,0.22557385153268156,0.04205818650887343
8,tweedie_direct_multilead_regression,reduced,1.5,0.2,5,0.22557502644442592,0.0639148107112409
8,tweedie_direct_multilead_regression,reduced,1.1,0.78,5,0.22579511430611796,0.036860254525773815
8,tweedie_direct_multilead_regression,full,1.2,0.3,5,0.22582570876562574,0.047128525045595775
8,tweedie_direct_multilead_regression,full,1.05,0.7,5,0.22585020707359815,0.04189322951566521
8,tweedie_direct_multilead_regression,full,1.1,0.9,5,0.2259044875850967,0.04167225178580957
8,tweedie_direct_multilead_regression,full,1.05,0.73,5,0.2260010599624492,0.0419010179962889
8,tweedie_direct_multilead_regression,full,1.7,0.9,5,0.22609813731466882,0.04942822719950947
8,tweedie_direct_multilead_regression,reduced,1.1,0.8,5,0.22610026773078876,0.03694169176046739
8,tweedie_direct_multilead_regression,full,1.05,0.75,5,0.2261046107457955,0.04190482484432989
8,tweedie_direct_multilead_regression,reduced,1.9,0.5,5,0.22616775438738843,0.06668975635813051
8,tweedie_direct_multilead_regression,full,1.05,0.78,5,0.2262655248211603,0.04190381137758293
8,tweedie_direct_multilead_regression,full,1.05,0.8,5,0.22637754368469834,0.04189755312305178
8,tweedie_direct_multilead_regression,reduced,1.05,0.7,5,0.2264194610804065,0.03676628748613766
8,tweedie_direct_multilead_regression,full,1.1,1.0,5,0.22644747097246826,0.041668260903699045
8,tweedie_direct_multilead_regression,full,1.05,0.2,5,0.22653970733499582,0.0474356809568605
8,tweedie_direct_multilead_regression,reduced,1.7,0.3,5,0.22655068473614853,0.06673128996301624
8,tweedie_direct_multilead_regression,reduced,1.05,0.73,5,0.22680836159071682,0.03671085742887251
8,tweedie_direct_multilead_regression,full,1.05,0.9,5,0.22686735455479373,0.04184620608797879
8,tweedie_direct_multilead_regression,reduced,1.05,0.75,5,0.22706112728965558,0.03668002863101381
8,tweedie_direct_multilead_regression,full,1.5,0.5,5,0.227145136741817,0.05026520203157439
8,tweedie_direct_multilead_regression,reduced,1.1,0.9,5,0.2272374365105096,0.03680487954158326
8,tweedie_direct_multilead_regression,full,1.7,0.8,5,0.22725426454406633,0.05081381236501574
8,tweedie_direct_multilead_regression,full,1.1,0.2,5,0.22731250755973234,0.04892266328583178
8,tweedie_direct_multilead_regression,reduced,1.05,0.78,5,0.22742996968241327,0.03664131748518173
8,tweedie_direct_multilead_regression,full,1.05,1.0,5,0.2274874073094574,0.04168777792082834
8,tweedie_direct_multilead_regression,full,1.7,0.78,5,0.22749929085632936,0.051153205902658636
8,tweedie_direct_multilead_regression,full,1.3,0.3,5,0.22761323995270857,0.050225832151102885
8,tweedie_direct_multilead_regression,reduced,1.05,0.8,5,0.22767022017361876,0.03661899484264938
8,tweedie_direct_multilead_regression,full,1.7,0.75,5,0.22796560965215637,0.051705364938793456
8,tweedie_direct_multilead_regression,full,1.7,0.73,5,0.22820878771764064,0.05203795498320789
8,tweedie_direct_multilead_regression,reduced,1.3,0.1,5,0.2282271277590399,0.06857090117128059
8,tweedie_direct_multilead_regression,reduced,1.1,1.0,5,0.2283530053507971,0.03659843662354842
8,tweedie_direct_multilead_regression,full,1.7,0.7,5,0.2286908960721327,0.05261178592266077
8,tweedie_direct_multilead_regression,reduced,1.05,0.9,5,0.22880718371750683,0.03653352039293034
8,tweedie_direct_multilead_regression,reduced,1.9,0.4,5,0.2290198117061804,0.07203809550433406
8,tweedie_direct_multilead_regression,full,1.2,0.2,5,0.22919811254902353,0.05214966077969492
8,tweedie_direct_multilead_regression,full,1.5,0.4,5,0.22948809428368416,0.05311824414638214
8,tweedie_direct_multilead_regression,reduced,1.05,1.0,5,0.2298383428157324,0.03649215576787022
8,tweedie_direct_multilead_regression,full,1.9,1.0,5,0.23052131373841442,0.05487481438581665
8,tweedie_direct_multilead_regression,full,1.7,0.6,5,0.23059432261080648,0.05482255396617915
8,tweedie_direct_multilead_regression,reduced,1.7,0.2,5,0.23177842223900563,0.07655619129895251
8,tweedie_direct_multilead_regression,full,1.9,0.9,5,0.2319749408051321,0.05643107115033244
8,tweedie_direct_multilead_regression,full,1.3,0.2,5,0.23218244333408652,0.05612602332712283
8,tweedie_direct_multilead_regression,reduced,1.9,0.3,5,0.23294726586556513,0.07896314062254192
8,tweedie_direct_multilead_regression,full,1.7,0.5,5,0.23315350866432993,0.057804828255424795
8,tweedie_direct_multilead_regression,full,1.5,0.3,5,0.23319563434589635,0.05762531868105933
8,tweedie_direct_multilead_regression,full,1.9,0.8,5,0.23364725277761145,0.058250984550176
8,tweedie_direct_multilead_regression,full,1.05,0.1,5,0.23365889106482282,0.057515939529839355
8,tweedie_direct_multilead_regression,full,1.9,0.78,5,0.23403031939954957,0.05864878126565186
8,tweedie_direct_multilead_regression,reduced,1.5,0.1,5,0.23425448443124922,0.08062669263819988
8,tweedie_direct_multilead_regression,full,1.9,0.75,5,0.234635843949167,0.05925149922467133
8,tweedie_direct_multilead_regression,full,1.1,0.1,5,0.23496292514996514,0.05903344735646651
8,tweedie_direct_multilead_regression,full,1.9,0.73,5,0.2350311553108956,0.05971493433913394
8,tweedie_direct_multilead_regression,full,1.9,0.7,5,0.23571999591329215,0.060396264303964706
8,tweedie_direct_multilead_regression,full,1.7,0.4,5,0.23639895671780117,0.06121957613074294
8,tweedie_direct_multilead_regression,full,1.9,0.6,5,0.2382657900483164,0.06283913077637769
8,tweedie_direct_multilead_regression,full,1.2,0.1,5,0.2385513648175226,0.06401079370563698
8,tweedie_direct_multilead_regression,reduced,1.9,0.2,5,0.23884777534956397,0.08816029835528076
8,tweedie_direct_multilead_regression,full,1.5,0.2,5,0.23947251019759785,0.06463480732063434
8,tweedie_direct_multilead_regression,full,1.7,0.3,5,0.2412343791255402,0.0660406751439879
8,tweedie_direct_multilead_regression,full,1.9,0.5,5,0.24142694338796566,0.06579097620837816
8,tweedie_direct_multilead_regression,reduced,1.7,0.1,5,0.24191085869579823,0.09247941357248181
8,tweedie_direct_multilead_regression,full,1.3,0.1,5,0.24266936903674924,0.068412083070621
8,tweedie_direct_multilead_regression,full,1.9,0.4,5,0.24565292782700227,0.06927746911264984
8,tweedie_direct_multilead_regression,full,1.7,0.2,5,0.2490280354784923,0.07268608735520642
8,tweedie_direct_multilead_regression,reduced,1.9,0.1,5,0.249889789132303,0.10152970977659136
8,tweedie_direct_multilead_regression,reduced,1.05,0.01,5,0.2500062154359567,0.10213414982841068
8,tweedie_direct_multilead_regression,reduced,1.1,0.01,5,0.2515158069211135,0.10298986336170526
8,tweedie_direct_multilead_regression,full,1.9,0.3,5,0.25152428106723296,0.07339085768219053
8,tweedie_direct_multilead_regression,full,1.5,0.1,5,0.25234466864890714,0.07589957107626139
8,tweedie_direct_multilead_regression,reduced,1.2,0.01,5,0.2564218672471045,0.10892016816590006
8,tweedie_direct_multilead_regression,full,1.9,0.2,5,0.26042217152593217,0.07827312759800473
8,tweedie_direct_multilead_regression,reduced,1.3,0.01,5,0.26181760213956,0.11553565074786508
8,tweedie_direct_multilead_regression,full,1.7,0.1,5,0.26422689278609746,0.08114194151265645
8,tweedie_direct_multilead_regression,reduced,1.5,0.01,5,0.27165084938079814,0.12570110441484747
8,tweedie_direct_multilead_regression,full,1.05,0.01,5,0.27488357447020884,0.09023739065983988
8,tweedie_direct_multilead_regression,full,1.9,0.1,5,0.2759416276092498,0.08304734468956448
8,tweedie_direct_multilead_regression,full,1.1,0.01,5,0.2784751541228636,0.0929404876712913
8,tweedie_direct_multilead_regression,reduced,1.05,0.001,5,0.2796076752656401,0.12896905648984233
8,tweedie_direct_multilead_regression,reduced,1.7,0.01,5,0.2855949842867958,0.13778693494167424
8,tweedie_direct_multilead_regression,reduced,1.1,0.001,5,0.28608457117772246,0.14246780284351745
8,tweedie_direct_multilead_regression,full,1.2,0.01,5,0.2868584641563184,0.09064983521022718
8,tweedie_direct_multilead_regression,full,1.3,0.01,5,0.29189077971561206,0.08947452805879821
8,tweedie_direct_multilead_regression,reduced,1.2,0.001,5,0.2953344007717544,0.1506210226800873
8,tweedie_direct_multilead_regression,reduced,1.9,0.01,5,0.30012553684483184,0.15019613919727956
8,tweedie_direct_multilead_regression,full,1.5,0.01,5,0.3027108098657386,0.08589424431534251
8,tweedie_direct_multilead_regression,reduced,1.3,0.001,5,0.3037710039519955,0.1534257101924392
8,tweedie_direct_multilead_regression,full,1.7,0.001,5,0.30991454476918856,0.10303491467019583
8,tweedie_direct_multilead_regression,full,1.7,0.01,5,0.3104699586930593,0.08459784875842279
8,tweedie_direct_multilead_regression,full,1.9,0.01,5,0.313084792506745,0.0841673815236372
8,tweedie_direct_multilead_regression,full,1.3,0.0,5,0.3146110790709041,0.06805205366660554
8,tweedie_direct_multilead_regression,full,1.2,0.0,5,0.3151269371168492,0.0659544387619442
8,tweedie_direct_multilead_regression,reduced,1.1,0.0,5,0.31843538930175475,0.17286234597477676
8,tweedie_direct_multilead_regression,reduced,1.05,0.0,5,0.3184683035746103,0.1636696111639022
8,tweedie_direct_multilead_regression,full,1.3,0.001,5,0.3201896205886215,0.0717906386991123
8,tweedie_direct_multilead_regression,full,1.5,0.001,5,0.3204516229044353,0.08102885016555801
8,tweedie_direct_multilead_regression,full,1.5,0.0,5,0.32304659588534385,0.10087775930450157
8,tweedie_direct_multilead_regression,full,1.05,0.001,5,0.32714265694977024,0.09655714535409564
8,tweedie_direct_multilead_regression,full,1.1,0.001,5,0.3278483383521718,0.09491606380680677
8,tweedie_direct_multilead_regression,reduced,1.5,0.001,5,0.3279503772374054,0.17632173881860705
8,tweedie_direct_multilead_regression,full,1.2,0.001,5,0.33133210905406196,0.08766802940197843
8,tweedie_direct_multilead_regression,full,1.9,0.001,5,0.34418756209745316,0.10779502688550634
8,tweedie_direct_multilead_regression,full,1.1,0.0,5,0.3453627936891885,0.08751252511078161
8,tweedie_direct_multilead_regression,reduced,1.2,0.0,5,0.34821355183761893,0.20179358862416252
8,tweedie_direct_multilead_regression,reduced,1.7,0.001,5,0.3523605567540158,0.19371076432534237
8,tweedie_direct_multilead_regression,full,1.05,0.0,5,0.3535068137815306,0.09432625726961681
8,tweedie_direct_multilead_regression,reduced,1.9,0.001,5,0.3676127611508584,0.20901359698628286
8,tweedie_direct_multilead_regression,reduced,1.3,0.0,5,0.37686132790634114,0.22719613390475948
8,tweedie_direct_multilead_regression,reduced,1.9,0.0,5,0.39537821594675765,0.22350443565250794
8,tweedie_direct_multilead_regression,reduced,1.7,0.0,5,0.39684278368537673,0.22654775481488076
8,tweedie_direct_multilead_regression,reduced,1.5,0.0,5,0.39775840655092587,0.2363736481636804
8,tweedie_direct_multilead_regression,full,1.7,0.0,5,0.4373152049080306,0.1254169751138447
8,tweedie_direct_multilead_regression,full,1.9,0.0,5,0.4380971365235523,0.11152785622153169
9,tweedie_direct_multilead_regression,reduced,1.7,1.0,5,0.2036876355519545,0.05101832316375331
9,tweedie_direct_multilead_regression,reduced,1.7,0.9,5,0.20370084105468686,0.05155210704030726
9,tweedie_direct_multilead_regression,reduced,1.7,0.8,5,0.20386887946977592,0.052198912083598725
9,tweedie_direct_multilead_regression,reduced,1.7,0.78,5,0.20391197213957019,0.05234269100602013
9,tweedie_direct_multilead_regression,reduced,1.5,0.6,5,0.20393075194795438,0.050615524352629566
9,tweedie_direct_multilead_regression,reduced,1.7,0.75,5,0.20393828632672711,0.05252777650820239
9,tweedie_direct_multilead_regression,reduced,1.7,0.73,5,0.20398221090172947,0.052685903953036774
9,tweedie_direct_multilead_regression,reduced,1.5,0.7,5,0.20398709174776744,0.049770048709724304
9,tweedie_direct_multilead_regression,reduced,1.5,0.73,5,0.20402958563622833,0.04955665437658143
9,tweedie_direct_multilead_regression,reduced,1.5,0.5,5,0.20405610823693704,0.051708668989987085
9,tweedie_direct_multilead_regression,reduced,1.5,0.75,5,0.20406243134837956,0.04942240682109483
9,tweedie_direct_multilead_regression,reduced,1.7,0.7,5,0.20406594421428753,0.05292359090204304
9,tweedie_direct_multilead_regression,reduced,1.5,0.78,5,0.20411840004388834,0.04923384490664674
9,tweedie_direct_multilead_regression,reduced,1.5,0.8,5,0.20416183818586237,0.049115084975984366
9,tweedie_direct_multilead_regression,reduced,1.9,1.0,5,0.20420146110131246,0.05389477223336236
9,tweedie_direct_multilead_regression,reduced,1.5,0.9,5,0.20441007794155816,0.048589329578099076
9,tweedie_direct_multilead_regression,reduced,1.7,0.6,5,0.20444103903265054,0.05382923589298018
9,tweedie_direct_multilead_regression,reduced,1.5,0.4,5,0.20448665737412086,0.053130065770459256
9,tweedie_direct_multilead_regression,reduced,1.9,0.9,5,0.20456213113250415,0.05452922103455305
9,tweedie_direct_multilead_regression,reduced,1.3,0.3,5,0.20466266758440632,0.05193192218524408
9,tweedie_direct_multilead_regression,reduced,1.5,1.0,5,0.20469813316501603,0.048152707089736846
9,tweedie_direct_multilead_regression,reduced,1.3,0.4,5,0.20475282199438305,0.050365641751127975
9,tweedie_direct_multilead_regression,reduced,1.3,0.5,5,0.20475341394743993,0.04872922626539347
9,tweedie_direct_multilead_regression,reduced,1.2,0.3,5,0.20494030813557607,0.05038788026358266
9,tweedie_direct_multilead_regression,reduced,1.1,0.2,5,0.20502838361396752,0.05088121469411614
9,tweedie_direct_multilead_regression,reduced,1.9,0.8,5,0.20504292571490196,0.05529541605106268
9,tweedie_direct_multilead_regression,reduced,1.2,0.2,5,0.2050442029223863,0.05278226934085724
9,tweedie_direct_multilead_regression,reduced,1.7,0.5,5,0.20507568997059572,0.0550073564715335
9,tweedie_direct_multilead_regression,reduced,1.9,0.78,5,0.2051497599257151,0.05546191668794258
9,tweedie_direct_multilead_regression,reduced,1.3,0.6,5,0.20517453282057851,0.047929254787600475
9,tweedie_direct_multilead_regression,reduced,1.5,0.3,5,0.20523117960867054,0.05484512533935026
9,tweedie_direct_multilead_regression,reduced,1.05,0.2,5,0.20527222842443918,0.05002600203812156
9,tweedie_direct_multilead_regression,reduced,1.2,0.4,5,0.2053234784474392,0.04892533176951893
9,tweedie_direct_multilead_regression,reduced,1.9,0.75,5,0.20533544613387988,0.05574712611614072
9,tweedie_direct_multilead_regression,reduced,1.9,0.73,5,0.20545778763293984,0.055931397095783666
9,tweedie_direct_multilead_regression,reduced,1.3,0.2,5,0.20546366348983117,0.05452431848584406
9,tweedie_direct_multilead_regression,reduced,1.1,0.3,5,0.20552244604144337,0.048726974676956636
9,tweedie_direct_multilead_regression,reduced,1.9,0.7,5,0.20566086770980374,0.05623077567359264
9,tweedie_direct_multilead_regression,reduced,1.3,0.7,5,0.2057060864843525,0.04728880379469727
9,tweedie_direct_multilead_regression,reduced,1.05,0.1,5,0.2057101293490013,0.05416108198369882
9,tweedie_direct_multilead_regression,reduced,1.3,0.73,5,0.2058725866899366,0.047117381593711476
9,tweedie_direct_multilead_regression,reduced,1.2,0.5,5,0.20594998620882282,0.04790011348590339
9,tweedie_direct_multilead_regression,reduced,1.1,0.1,5,0.20597499864631835,0.05495728092864966
9,tweedie_direct_multilead_regression,reduced,1.3,0.75,5,0.20605126220966782,0.047003520983485265
9,tweedie_direct_multilead_regression,reduced,1.7,0.4,5,0.20606625084007443,0.05656365562770382
9,tweedie_direct_multilead_regression,reduced,1.05,0.3,5,0.20619319100999145,0.048378569975586705
9,tweedie_direct_multilead_regression,reduced,1.3,0.78,5,0.20621422009415907,0.04684838946465703
9,tweedie_direct_multilead_regression,reduced,1.3,0.8,5,0.20632204524525957,0.04674950218698608
9,tweedie_direct_multilead_regression,reduced,1.1,0.4,5,0.20638183102906185,0.04744514999080315
9,tweedie_direct_multilead_regression,reduced,1.9,0.6,5,0.2064620179788547,0.05737535425705781
9,tweedie_direct_multilead_regression,reduced,1.2,0.6,5,0.20662214832510356,0.04707925995734169
9,tweedie_direct_multilead_regression,reduced,1.3,0.9,5,0.20685075903612948,0.04630121371213205
9,tweedie_direct_multilead_regression,reduced,1.2,0.1,5,0.2070237575766601,0.057217494621393215
9,tweedie_direct_multilead_regression,reduced,1.5,0.2,5,0.20718031085792413,0.05796403062693677
9,tweedie_direct_multilead_regression,reduced,1.05,0.4,5,0.20729447119081126,0.047020962046729516
9,tweedie_direct_multilead_regression,reduced,1.2,0.7,5,0.207330207457623,0.04643979689582872
9,tweedie_direct_multilead_regression,reduced,1.3,1.0,5,0.2074018261083952,0.04591750766449651
9,tweedie_direct_multilead_regression,reduced,1.2,0.73,5,0.20752366019543983,0.046264736394124706
9,tweedie_direct_multilead_regression,reduced,1.1,0.5,5,0.20753465960536585,0.04664354149830628
9,tweedie_direct_multilead_regression,reduced,1.9,0.5,5,0.207539768492699,0.05885681057036449
9,tweedie_direct_multilead_regression,reduced,1.7,0.3,5,0.20759460918083508,0.05878628399722624
9,tweedie_direct_multilead_regression,reduced,1.2,0.75,5,0.20764679224145527,0.046146552114812944
9,tweedie_direct_multilead_regression,reduced,1.2,0.78,5,0.2078330995210292,0.045984152345800035
9,tweedie_direct_multilead_regression,reduced,1.2,0.8,5,0.20795506070815808,0.04588092228698159
9,tweedie_direct_multilead_regression,reduced,1.1,0.6,5,0.20824711956998104,0.045895808882524425
9,tweedie_direct_multilead_regression,reduced,1.05,0.5,5,0.20829217904568695,0.046328980350079096
9,tweedie_direct_multilead_regression,reduced,1.3,0.1,5,0.2083029422586944,0.05936385168494406
9,tweedie_direct_multilead_regression,reduced,1.2,0.9,5,0.2086487709641946,0.045389092959983994
9,tweedie_direct_multilead_regression,reduced,1.1,0.7,5,0.20905649757924963,0.04543447338517688
9,tweedie_direct_multilead_regression,reduced,1.05,0.6,5,0.2091271044815472,0.04552940198956433
9,tweedie_direct_multilead_regression,reduced,1.2,1.0,5,0.20916424628634106,0.045002468564081
9,tweedie_direct_multilead_regression,reduced,1.9,0.4,5,0.2091791463977784,0.06094623405743951
9,tweedie_direct_multilead_regression,reduced,1.1,0.73,5,0.2092578726700482,0.04529127408181
9,tweedie_direct_multilead_regression,reduced,1.1,0.75,5,0.2093928340907949,0.04519369318416225
9,tweedie_direct_multilead_regression,reduced,1.1,0.78,5,0.2096164611915603,0.045103093514447336
9,tweedie_direct_multilead_regression,reduced,1.1,0.8,5,0.2097427719715776,0.045012476251408036
9,tweedie_direct_multilead_regression,reduced,1.05,0.7,5,0.20986075985770447,0.04494603102827436
9,tweedie_direct_multilead_regression,reduced,1.05,0.73,5,0.21006854110405543,0.04479916127237986
9,tweedie_direct_multilead_regression,reduced,1.05,0.75,5,0.2102035698665004,0.04470718643580815
9,tweedie_direct_multilead_regression,reduced,1.05,0.78,5,0.2103999738363811,0.04457745493763565
9,tweedie_direct_multilead_regression,reduced,1.1,0.9,5,0.21040549828141936,0.04459123841426747
9,tweedie_direct_multilead_regression,reduced,1.05,0.8,5,0.21052680623752612,0.04449572300421313
9,tweedie_direct_multilead_regression,reduced,1.7,0.2,5,0.21053785928383978,0.06252533060936769
9,tweedie_direct_multilead_regression,reduced,1.1,1.0,5,0.21088582374866008,0.04425715479224134
9,tweedie_direct_multilead_regression,reduced,1.05,0.9,5,0.21111788195704945,0.044136845441179955
9,tweedie_direct_multilead_regression,reduced,1.05,1.0,5,0.21169526451188658,0.043847139048925766
9,tweedie_direct_multilead_regression,reduced,1.9,0.3,5,0.2116967050108672,0.06395634434623006
9,tweedie_direct_multilead_regression,reduced,1.5,0.1,5,0.21198825722442063,0.06434204652827923
9,tweedie_direct_multilead_regression,full,1.1,1.0,5,0.21287735124989626,0.046647674257297086
9,tweedie_direct_multilead_regression,full,1.1,0.9,5,0.2129877166456048,0.04697722125169028
9,tweedie_direct_multilead_regression,full,1.05,0.8,5,0.21303252424074456,0.04693906045108346
9,tweedie_direct_multilead_regression,full,1.05,1.0,5,0.21303370412369235,0.046263094806979634
9,tweedie_direct_multilead_regression,full,1.05,0.78,5,0.21306377356657044,0.047019828491164074
9,tweedie_direct_multilead_regression,full,1.05,0.9,5,0.21307070463619976,0.04660085297698303
9,tweedie_direct_multilead_regression,full,1.05,0.75,5,0.21311753811365017,0.047147621554567656
9,tweedie_direct_multilead_regression,full,1.1,0.8,5,0.21312075037462486,0.04717484163148321
9,tweedie_direct_multilead_regression,full,1.05,0.73,5,0.21316173023428342,0.04723759326108399
9,tweedie_direct_multilead_regression,full,1.1,0.78,5,0.2131740032329013,0.04725591776336573
9,tweedie_direct_multilead_regression,full,1.1,0.75,5,0.2132642726918334,0.047383801933520014
9,tweedie_direct_multilead_regression,full,1.1,0.7,5,0.2133059958837827,0.04758897770271726
9,tweedie_direct_multilead_regression,full,1.1,0.73,5,0.21333018344723068,0.047473944797082814
9,tweedie_direct_multilead_regression,full,1.2,1.0,5,0.21334797633761665,0.0472208252983352
9,tweedie_direct_multilead_regression,full,1.05,0.6,5,0.21345955010165177,0.0479225597845645
9,tweedie_direct_multilead_regression,full,1.05,0.7,5,0.21346167101436064,0.047449274352230085
9,tweedie_direct_multilead_regression,full,1.2,0.9,5,0.21355461173547258,0.04754329752226839
9,tweedie_direct_multilead_regression,full,1.1,0.6,5,0.21361906868963448,0.04809770739440965
9,tweedie_direct_multilead_regression,full,1.05,0.5,5,0.21380429636207557,0.04829143070523848
9,tweedie_direct_multilead_regression,full,1.2,0.8,5,0.213938017052489,0.048069147840612086
9,tweedie_direct_multilead_regression,full,1.2,0.78,5,0.21403685340171394,0.04816563005904572
9,tweedie_direct_multilead_regression,full,1.2,0.75,5,0.2140959108799625,0.048394811081349416
9,tweedie_direct_multilead_regression,full,1.3,1.0,5,0.21412061276840225,0.0480608729502918
9,tweedie_direct_multilead_regression,full,1.2,0.73,5,0.2142131004904817,0.04850097199766175
9,tweedie_direct_multilead_regression,full,1.2,0.7,5,0.21432556141732215,0.048522516575656705
9,tweedie_direct_multilead_regression,full,1.1,0.5,5,0.2143561271180204,0.0489487891474412
9,tweedie_direct_multilead_regression,full,1.3,0.9,5,0.21445861170094557,0.048430839766278586
9,tweedie_direct_multilead_regression,full,1.05,0.4,5,0.21492095704844286,0.04934577136013365
9,tweedie_direct_multilead_regression,full,1.3,0.8,5,0.21498762203685629,0.048885501965016884
9,tweedie_direct_multilead_regression,full,1.2,0.6,5,0.21507549347028682,0.0491173088598495
9,tweedie_direct_multilead_regression,full,1.3,0.78,5,0.2150995229730118,0.04898477477058515
9,tweedie_direct_multilead_regression,full,1.3,0.75,5,0.21528309596389922,0.04913724409199955
9,tweedie_direct_multilead_regression,full,1.3,0.73,5,0.2154167822313902,0.049247556639538996
9,tweedie_direct_multilead_regression,full,1.1,0.4,5,0.21546158140887028,0.04985104233680495
9,tweedie_direct_multilead_regression,full,1.3,0.7,5,0.21563806323480078,0.04942176144082738
9,tweedie_direct_multilead_regression,full,1.2,0.5,5,0.21593613464077538,0.04977587329588498
9,tweedie_direct_multilead_regression,reduced,1.9,0.2,5,0.2162201364568875,0.06917704416727719
9,tweedie_direct_multilead_regression,full,1.05,0.3,5,0.21627049550500727,0.05042525287445648
9,tweedie_direct_multilead_regression,full,1.3,0.6,5,0.21647413816680974,0.0500999801377248
9,tweedie_direct_multilead_regression,full,1.1,0.3,5,0.21691756557015066,0.05100260681673821
9,tweedie_direct_multilead_regression,full,1.5,1.0,5,0.21702209954836035,0.05005625827052848
9,tweedie_direct_multilead_regression,full,1.2,0.4,5,0.21711179839901443,0.05083473135333593
9,tweedie_direct_multilead_regression,full,1.5,0.9,5,0.21770310557983685,0.0505697905155393
9,tweedie_direct_multilead_regression,full,1.3,0.5,5,0.21773061231165225,0.051033002108150295
9,tweedie_direct_multilead_regression,reduced,1.7,0.1,5,0.21820793175960246,0.07138850690258672
9,tweedie_direct_multilead_regression,full,1.5,0.8,5,0.21848594898516627,0.05115527122858335
9,tweedie_direct_multilead_regression,full,1.5,0.78,5,0.21866386410601252,0.051293190769118195
9,tweedie_direct_multilead_regression,full,1.5,0.75,5,0.21892745960601495,0.0515155196301251
9,tweedie_direct_multilead_regression,full,1.05,0.2,5,0.21898604888723958,0.053036884190561566
9,tweedie_direct_multilead_regression,full,1.2,0.3,5,0.21902816364687555,0.052555516934419934
9,tweedie_direct_multilead_regression,full,1.5,0.73,5,0.21912088534081434,0.05167167905636699
9,tweedie_direct_multilead_regression,full,1.3,0.4,5,0.2192205887111785,0.052351765747974885
9,tweedie_direct_multilead_regression,full,1.5,0.7,5,0.21941106875495509,0.051914123370379504
9,tweedie_direct_multilead_regression,full,1.1,0.2,5,0.22008219423480888,0.0537265092634604
9,tweedie_direct_multilead_regression,full,1.5,0.6,5,0.22062439540560272,0.05286748465249277
9,tweedie_direct_multilead_regression,full,1.7,1.0,5,0.22128276166424987,0.052850844294135044
9,tweedie_direct_multilead_regression,full,1.3,0.3,5,0.2214701188857499,0.05429184496140508
9,tweedie_direct_multilead_regression,full,1.5,0.5,5,0.22206412942671028,0.05418479784921441
9,tweedie_direct_multilead_regression,full,1.7,0.9,5,0.22217139745614406,0.05356407003172696
9,tweedie_direct_multilead_regression,full,1.2,0.2,5,0.22245162089529122,0.05548444757464527
9,tweedie_direct_multilead_regression,full,1.7,0.8,5,0.22317929559542668,0.05442198537666195
9,tweedie_direct_multilead_regression,full,1.7,0.78,5,0.22334928696385675,0.05458955940911337
9,tweedie_direct_multilead_regression,full,1.7,0.75,5,0.22370726518386444,0.054891735350159024
9,tweedie_direct_multilead_regression,full,1.7,0.73,5,0.22397179181689517,0.05509596619660649
9,tweedie_direct_multilead_regression,full,1.5,0.4,5,0.22410992968969506,0.05595402795688499
9,tweedie_direct_multilead_regression,full,1.7,0.7,5,0.2243710559296732,0.05542469203325552
9,tweedie_direct_multilead_regression,full,1.05,0.1,5,0.22476191137164828,0.058431950923209006
9,tweedie_direct_multilead_regression,full,1.3,0.2,5,0.22513389110931112,0.057671204017427896
9,tweedie_direct_multilead_regression,full,1.7,0.6,5,0.22579608407018953,0.05668525806072959
9,tweedie_direct_multilead_regression,reduced,1.05,0.01,5,0.22605801922320995,0.0807381058431239
9,tweedie_direct_multilead_regression,full,1.1,0.1,5,0.22610410326870042,0.0595279241250934
9,tweedie_direct_multilead_regression,reduced,1.9,0.1,5,0.22652208880909352,0.08011090413244704
9,tweedie_direct_multilead_regression,full,1.9,1.0,5,0.2266872213096854,0.05664827435129157
9,tweedie_direct_multilead_regression,full,1.5,0.3,5,0.22695185408221863,0.05828516687664103
9,tweedie_direct_multilead_regression,full,1.7,0.5,5,0.22771892577776862,0.0582756501860631
9,tweedie_direct_multilead_regression,full,1.9,0.9,5,0.22778102844992568,0.05754841825948901
9,tweedie_direct_multilead_regression,reduced,1.1,0.01,5,0.22818541590007396,0.08245902583243596
9,tweedie_direct_multilead_regression,full,1.9,0.8,5,0.22901021226709473,0.05860159596557891
9,tweedie_direct_multilead_regression,full,1.2,0.1,5,0.229216803841758,0.06194446376246229
9,tweedie_direct_multilead_regression,full,1.9,0.78,5,0.22928578691662943,0.058824247175732675
9,tweedie_direct_multilead_regression,full,1.9,0.75,5,0.22972177427329482,0.05917313578598176
9,tweedie_direct_multilead_regression,full,1.9,0.73,5,0.23006149904663423,0.05938922790405795
9,tweedie_direct_multilead_regression,full,1.7,0.4,5,0.23016882313690576,0.06027881310457412
9,tweedie_direct_multilead_regression,full,1.9,0.7,5,0.23053549466773254,0.05978497585579578
9,tweedie_direct_multilead_regression,full,1.5,0.2,5,0.23127142700289166,0.06215061546717489
9,tweedie_direct_multilead_regression,full,1.9,0.6,5,0.23233319311581777,0.06113748916109033
9,tweedie_direct_multilead_regression,full,1.3,0.1,5,0.2325503151498697,0.06436246393503997
9,tweedie_direct_multilead_regression,reduced,1.2,0.01,5,0.23326282393892087,0.08625750291878301
9,tweedie_direct_multilead_regression,full,1.7,0.3,5,0.2334795789358776,0.06288335255819046
9,tweedie_direct_multilead_regression,full,1.9,0.5,5,0.23454493643306806,0.06276568117401551
9,tweedie_direct_multilead_regression,full,1.9,0.4,5,0.237528047361742,0.06498456423480962
9,tweedie_direct_multilead_regression,full,1.7,0.2,5,0.23891517762645947,0.06660935846701281
9,tweedie_direct_multilead_regression,reduced,1.3,0.01,5,0.2392139214627076,0.09153149468912661
9,tweedie_direct_multilead_regression,full,1.5,0.1,5,0.24029627850397772,0.06829838330560019
9,tweedie_direct_multilead_regression,full,1.9,0.3,5,0.24160401582725313,0.06774225230320312
9,tweedie_direct_multilead_regression,full,1.9,0.2,5,0.24780821740966794,0.07139377090570517
9,tweedie_direct_multilead_regression,full,1.7,0.1,5,0.24938144763675454,0.0734104344249486
9,tweedie_direct_multilead_regression,full,1.05,0.01,5,0.2547104098738255,0.07899161768403665
9,tweedie_direct_multilead_regression,reduced,1.5,0.01,5,0.2549357608306614,0.10374803979060784
9,tweedie_direct_multilead_regression,full,1.1,0.01,5,0.2578269723152439,0.08065809622759494
9,tweedie_direct_multilead_regression,full,1.9,0.1,5,0.259125451668873,0.077106318123367
9,tweedie_direct_multilead_regression,full,1.2,0.01,5,0.26176658867178026,0.08183027429093086
9,tweedie_direct_multilead_regression,full,1.3,0.01,5,0.268187436217263,0.08440589489974953
9,tweedie_direct_multilead_regression,reduced,1.05,0.001,5,0.27305258556972467,0.11574828187350185
9,tweedie_direct_multilead_regression,reduced,1.7,0.01,5,0.27341859561378806,0.12022332194214692
9,tweedie_direct_multilead_regression,full,1.5,0.01,5,0.27840374193536405,0.08464203419991648
9,tweedie_direct_multilead_regression,reduced,1.1,0.001,5,0.28106678265347773,0.1250722220638848
9,tweedie_direct_multilead_regression,full,1.05,0.001,5,0.28711843421574357,0.09303899170144751
9,tweedie_direct_multilead_regression,full,1.1,0.001,5,0.2903435351232756,0.09452427646784244
9,tweedie_direct_multilead_regression,reduced,1.9,0.01,5,0.29118210434300473,0.13520909826324695
9,tweedie_direct_multilead_regression,full,1.7,0.01,5,0.2915822244137437,0.08258101205396808
9,tweedie_direct_multilead_regression,reduced,1.2,0.001,5,0.29597478300079566,0.1327191791861446
9,tweedie_direct_multilead_regression,full,1.2,0.001,5,0.29989952580947,0.09405019083710814
9,tweedie_direct_multilead_regression,full,1.05,0.0,5,0.3098088838403016,0.09509087232468287
9,tweedie_direct_multilead_regression,full,1.3,0.001,5,0.31083288433136114,0.09243189888137195
9,tweedie_direct_multilead_regression,full,1.9,0.01,5,0.31092195856662636,0.08120382198518075
9,tweedie_direct_multilead_regression,reduced,1.3,0.001,5,0.3138013849221625,0.1517325091435082
9,tweedie_direct_multilead_regression,full,1.1,0.0,5,0.317169431727751,0.0969159467661394
9,tweedie_direct_multilead_regression,reduced,1.05,0.0,5,0.3280015011047688,0.1809537094579512
9,tweedie_direct_multilead_regression,full,1.2,0.0,5,0.3289615158070536,0.09254537040535009
9,tweedie_direct_multilead_regression,reduced,1.5,0.001,5,0.33163635517438994,0.1669334338264778
9,tweedie_direct_multilead_regression,full,1.5,0.001,5,0.3385111808959064,0.0779643145860249
9,tweedie_direct_multilead_regression,reduced,1.7,0.001,5,0.35017640129007355,0.1719377747829339
9,tweedie_direct_multilead_regression,reduced,1.1,0.0,5,0.3571128725018618,0.18654908945867354
9,tweedie_direct_multilead_regression,reduced,1.2,0.0,5,0.37508968611130544,0.1971980399308489
9,tweedie_direct_multilead_regression,full,1.3,0.0,5,0.3759238660166403,0.07828489443794831
9,tweedie_direct_multilead_regression,reduced,1.3,0.0,5,0.3825459467875936,0.19641801469893966
9,tweedie_direct_multilead_regression,full,1.7,0.001,5,0.3903623879683985,0.08955643829429724
9,tweedie_direct_multilead_regression,reduced,1.9,0.001,5,0.4068772675802393,0.1924964434430917
9,tweedie_direct_multilead_regression,full,1.9,0.001,5,0.48166408137775046,0.1574480291233865
9,tweedie_direct_multilead_regression,full,1.5,0.0,5,0.4891377791458746,0.1493788034979603
9,tweedie_direct_multilead_regression,reduced,1.5,0.0,5,0.6093221914714506,0.5083312605072406
9,tweedie_direct_multilead_regression,reduced,1.7,0.0,5,0.6468183142100342,0.5980688250114418
9,tweedie_direct_multilead_regression,reduced,1.9,0.0,5,0.6567355170054049,0.6225493395204245
9,tweedie_direct_multilead_regression,full,1.7,0.0,5,0.6689746351371161,0.42111908213098576
9,tweedie_direct_multilead_regression,full,1.9,0.0,5,0.8082176769728855,0.6276616609311767
